id,url_id,user_id,event_type,timestamp,details
1,1,1,created,2025-03-21 00:28:24,"{""short_code"":""0VZ3jd"",""original_url"":""https://acme.dev/jade/island/1""}"
2,2,391,created,2025-10-01 15:17:33,"{""short_code"":""Zb4VAo"",""original_url"":""https://opswise.net/brisk/network/2""}"
3,3,62,created,2025-05-16 19:23:43,"{""short_code"":""xREf4G"",""original_url"":""https://hackstack.io/ivory/field/3""}"
4,4,241,created,2026-02-08 00:48:34,"{""short_code"":""19LuR5"",""original_url"":""https://example.com/young/beacon/4""}"
5,5,338,created,2025-06-22 22:38:49,"{""short_code"":""TLD4LP"",""original_url"":""https://hackstack.io/calm/garden/5""}"
6,6,363,created,2025-04-17 20:43:50,"{""short_code"":""JWXaTd"",""original_url"":""https://seeded.app/silver/river/6""}"
7,7,360,created,2025-10-02 17:37:28,"{""short_code"":""qmnhTP"",""original_url"":""https://opswise.net/brisk/canyon/7""}"
8,8,105,created,2026-01-03 15:24:44,"{""short_code"":""n1lt3z"",""original_url"":""https://seeded.app/warm/canyon/8""}"
9,9,271,created,2025-07-06 21:17:35,"{""short_code"":""9haGl4"",""original_url"":""https://opswise.net/jade/anchor/9""}"
10,10,123,created,2025-05-20 19:06:35,"{""short_code"":""I6KpBT"",""original_url"":""https://seeded.app/warm/meadow/10""}"
11,11,189,created,2025-12-01 13:40:05,"{""short_code"":""V64KP6"",""original_url"":""https://acme.dev/keen/delta/11""}"
12,12,363,created,2025-01-16 07:36:49,"{""short_code"":""zwIe20"",""original_url"":""https://hackstack.io/dawn/quartz/12""}"
13,13,191,created,2025-02-06 02:53:28,"{""short_code"":""I44uW6"",""original_url"":""https://relay.cloud/cobalt/kernel/13""}"
14,14,174,created,2025-07-08 22:11:46,"{""short_code"":""xcmLR0"",""original_url"":""https://opswise.net/navy/quartz/14""}"
15,15,29,created,2025-06-06 06:56:31,"{""short_code"":""K7cgFo"",""original_url"":""https://opswise.net/tidy/uplink/15""}"
16,16,289,created,2025-05-02 04:10:46,"{""short_code"":""DgNwh2"",""original_url"":""https://hackstack.io/amber/zenith/16""}"
17,17,21,created,2025-11-01 01:24:25,"{""short_code"":""nEJnXa"",""original_url"":""https://opswise.net/young/window/17""}"
18,18,181,created,2025-04-25 12:41:54,"{""short_code"":""0TABEs"",""original_url"":""https://example.com/dawn/engine/18""}"
19,19,322,created,2025-09-14 13:41:47,"{""short_code"":""4oBAX7"",""original_url"":""https://hackstack.io/keen/orbit/19""}"
20,20,296,created,2025-07-27 05:41:30,"{""short_code"":""eb63zr"",""original_url"":""https://seeded.app/young/uplink/20""}"
21,21,277,created,2025-02-20 08:38:35,"{""short_code"":""2oiK4S"",""original_url"":""https://example.com/harbor/valley/21""}"
22,22,356,created,2025-03-27 02:55:01,"{""short_code"":""P8btBQ"",""original_url"":""https://seeded.app/opal/lagoon/22""}"
23,23,158,created,2025-02-07 22:29:16,"{""short_code"":""AaC7x0"",""original_url"":""https://relay.cloud/forest/lagoon/23""}"
24,24,127,created,2025-04-14 02:45:16,"{""short_code"":""3kptDN"",""original_url"":""https://hackstack.io/rapid/field/24""}"
25,25,193,created,2026-02-01 20:11:09,"{""short_code"":""HYPXkq"",""original_url"":""https://acme.dev/rapid/beacon/25""}"
26,26,202,created,2026-01-16 03:14:22,"{""short_code"":""BWor8w"",""original_url"":""https://relay.cloud/cobalt/kernel/26""}"
27,27,169,created,2025-07-09 21:12:16,"{""short_code"":""Vb77ff"",""original_url"":""https://acme.dev/quiet/harvest/27""}"
28,28,106,created,2026-01-27 20:01:03,"{""short_code"":""lfaHnT"",""original_url"":""https://opswise.net/dawn/lagoon/28""}"
29,29,231,created,2025-11-12 19:39:47,"{""short_code"":""V9tLoR"",""original_url"":""https://seeded.app/vivid/pioneer/29""}"
30,30,349,created,2025-12-11 19:31:09,"{""short_code"":""IMfabP"",""original_url"":""https://acme.dev/amber/canyon/30""}"
31,31,73,created,2025-08-24 00:47:51,"{""short_code"":""YGElKI"",""original_url"":""https://example.com/tidy/anchor/31""}"
32,32,299,created,2026-01-27 16:19:38,"{""short_code"":""I01Vas"",""original_url"":""https://opswise.net/vivid/canyon/32""}"
33,33,219,created,2025-12-16 17:11:17,"{""short_code"":""jwbRIa"",""original_url"":""https://relay.cloud/silver/valley/33""}"
34,34,103,created,2025-06-22 11:50:48,"{""short_code"":""Jq7krY"",""original_url"":""https://acme.dev/silver/garden/34""}"
35,35,352,created,2025-10-19 07:55:15,"{""short_code"":""hXyZTx"",""original_url"":""https://example.com/opal/river/35""}"
36,36,359,created,2025-07-21 02:45:19,"{""short_code"":""b4uMkh"",""original_url"":""https://opswise.net/tidy/harvest/36""}"
37,37,156,created,2025-02-17 22:11:12,"{""short_code"":""ZoFIpt"",""original_url"":""https://opswise.net/vivid/harvest/37""}"
38,38,264,created,2025-11-18 18:18:06,"{""short_code"":""fSBbWN"",""original_url"":""https://seeded.app/jade/valley/38""}"
39,39,9,created,2025-05-28 19:38:33,"{""short_code"":""rfmfix"",""original_url"":""https://acme.dev/lively/pioneer/39""}"
40,40,18,created,2025-06-29 17:40:31,"{""short_code"":""g7pJNW"",""original_url"":""https://example.com/clear/river/40""}"
41,41,351,created,2026-01-06 04:13:11,"{""short_code"":""tpi7KQ"",""original_url"":""https://acme.dev/cobalt/journey/41""}"
42,42,155,created,2025-10-06 11:34:58,"{""short_code"":""bqLDXQ"",""original_url"":""https://example.com/amber/zenith/42""}"
43,43,380,created,2025-05-20 22:22:17,"{""short_code"":""hAsiHd"",""original_url"":""https://acme.dev/forest/canyon/43""}"
44,44,235,created,2025-04-07 11:46:24,"{""short_code"":""CUDh9p"",""original_url"":""https://seeded.app/brisk/garden/44""}"
45,45,312,created,2025-07-27 20:25:24,"{""short_code"":""K36Oc7"",""original_url"":""https://hackstack.io/mellow/kernel/45""}"
46,46,76,created,2025-07-01 08:16:10,"{""short_code"":""GbqHne"",""original_url"":""https://acme.dev/calm/orbit/46""}"
47,47,138,created,2025-09-23 11:15:27,"{""short_code"":""WYqaWj"",""original_url"":""https://hackstack.io/mellow/delta/47""}"
48,48,196,created,2025-01-15 18:39:02,"{""short_code"":""EHrRSB"",""original_url"":""https://hackstack.io/navy/kernel/48""}"
49,49,102,created,2025-09-16 20:54:25,"{""short_code"":""de9U5e"",""original_url"":""https://relay.cloud/urban/pioneer/49""}"
50,50,19,created,2025-07-18 09:02:00,"{""short_code"":""RXVOEA"",""original_url"":""https://example.com/rapid/uplink/50""}"
51,51,261,created,2025-01-23 22:28:05,"{""short_code"":""K75o0U"",""original_url"":""https://relay.cloud/cobalt/quartz/51""}"
52,52,64,created,2025-05-07 01:10:49,"{""short_code"":""oynG5w"",""original_url"":""https://example.com/vivid/kernel/52""}"
53,53,347,created,2025-05-05 03:04:31,"{""short_code"":""u4RRjA"",""original_url"":""https://seeded.app/harbor/anchor/53""}"
54,54,200,created,2025-12-02 14:58:57,"{""short_code"":""aXjwIj"",""original_url"":""https://relay.cloud/mellow/meadow/54""}"
55,55,310,created,2025-12-04 07:39:39,"{""short_code"":""TPmDzo"",""original_url"":""https://hackstack.io/clear/field/55""}"
56,56,223,created,2025-06-10 23:00:55,"{""short_code"":""QYNLst"",""original_url"":""https://acme.dev/mellow/beacon/56""}"
57,57,362,created,2025-04-07 21:20:40,"{""short_code"":""JD3Gmr"",""original_url"":""https://relay.cloud/keen/journey/57""}"
58,58,213,created,2025-07-24 10:04:38,"{""short_code"":""99wNlC"",""original_url"":""https://opswise.net/navy/network/58""}"
59,59,222,created,2025-09-20 11:28:04,"{""short_code"":""6FPH2D"",""original_url"":""https://acme.dev/jade/yard/59""}"
60,60,222,created,2025-08-06 05:30:38,"{""short_code"":""YLs1eD"",""original_url"":""https://opswise.net/navy/valley/60""}"
61,61,399,created,2025-07-25 23:16:17,"{""short_code"":""uPaGO2"",""original_url"":""https://relay.cloud/urban/network/61""}"
62,62,315,created,2026-01-24 05:48:12,"{""short_code"":""9ahgwM"",""original_url"":""https://opswise.net/mellow/meadow/62""}"
63,63,148,created,2025-05-29 16:33:37,"{""short_code"":""ni7sMS"",""original_url"":""https://opswise.net/dawn/canyon/63""}"
64,64,219,created,2026-02-11 07:18:35,"{""short_code"":""jFUoXp"",""original_url"":""https://seeded.app/silver/orbit/64""}"
65,65,35,created,2025-01-16 13:19:41,"{""short_code"":""zHYgph"",""original_url"":""https://relay.cloud/mellow/harvest/65""}"
66,66,22,created,2025-08-21 17:50:31,"{""short_code"":""uqY6MI"",""original_url"":""https://relay.cloud/tidy/engine/66""}"
67,67,377,created,2025-09-07 02:19:00,"{""short_code"":""1bT9Uy"",""original_url"":""https://example.com/calm/garden/67""}"
68,68,326,created,2025-10-21 13:28:34,"{""short_code"":""0bU8Ug"",""original_url"":""https://opswise.net/ivory/garden/68""}"
69,69,249,created,2026-02-19 18:10:33,"{""short_code"":""msRpoi"",""original_url"":""https://opswise.net/proud/signal/69""}"
70,70,156,created,2025-01-06 02:47:25,"{""short_code"":""xOBrzg"",""original_url"":""https://opswise.net/proud/window/70""}"
71,71,20,created,2025-03-19 01:58:58,"{""short_code"":""iwmsTk"",""original_url"":""https://hackstack.io/navy/yard/71""}"
72,72,94,created,2025-03-28 22:23:50,"{""short_code"":""D5lwPN"",""original_url"":""https://seeded.app/cobalt/trail/72""}"
73,73,397,created,2025-06-24 09:05:00,"{""short_code"":""2Y6pZE"",""original_url"":""https://example.com/harbor/network/73""}"
74,74,191,created,2025-05-30 14:54:57,"{""short_code"":""cuZHZW"",""original_url"":""https://opswise.net/opal/harvest/74""}"
75,75,44,created,2025-01-02 08:40:55,"{""short_code"":""JfbqF2"",""original_url"":""https://acme.dev/rapid/network/75""}"
76,76,72,created,2025-05-07 19:12:19,"{""short_code"":""mRycJY"",""original_url"":""https://opswise.net/brisk/delta/76""}"
77,77,122,created,2026-02-18 09:28:26,"{""short_code"":""K6UwFi"",""original_url"":""https://hackstack.io/ember/harvest/77""}"
78,78,190,created,2025-07-28 22:25:32,"{""short_code"":""mL40FF"",""original_url"":""https://example.com/quiet/zenith/78""}"
79,79,387,created,2025-01-17 08:05:40,"{""short_code"":""X2u5Ov"",""original_url"":""https://seeded.app/warm/engine/79""}"
80,80,266,created,2026-02-07 20:09:47,"{""short_code"":""NqdXXJ"",""original_url"":""https://seeded.app/clear/valley/80""}"
81,81,158,created,2025-06-13 08:25:31,"{""short_code"":""7fc6IB"",""original_url"":""https://hackstack.io/proud/meadow/81""}"
82,82,41,created,2025-02-02 00:04:13,"{""short_code"":""9wm5Ko"",""original_url"":""https://hackstack.io/keen/uplink/82""}"
83,83,49,created,2025-07-31 15:33:47,"{""short_code"":""j8qGOS"",""original_url"":""https://seeded.app/ivory/pioneer/83""}"
84,84,249,created,2025-02-16 18:40:09,"{""short_code"":""c4rK0C"",""original_url"":""https://acme.dev/opal/anchor/84""}"
85,85,396,created,2025-04-21 18:07:27,"{""short_code"":""PClRRb"",""original_url"":""https://example.com/dawn/river/85""}"
86,86,231,created,2025-01-18 10:44:47,"{""short_code"":""0OP5Yv"",""original_url"":""https://example.com/opal/kernel/86""}"
87,87,101,created,2025-12-07 04:08:07,"{""short_code"":""GfhNR5"",""original_url"":""https://relay.cloud/forest/field/87""}"
88,88,304,created,2025-09-11 02:44:55,"{""short_code"":""6Cd5NZ"",""original_url"":""https://hackstack.io/ember/beacon/88""}"
89,89,180,created,2025-04-08 23:35:30,"{""short_code"":""7FAy9c"",""original_url"":""https://hackstack.io/ivory/island/89""}"
90,90,399,created,2025-09-20 14:51:45,"{""short_code"":""OwAoik"",""original_url"":""https://hackstack.io/calm/trail/90""}"
91,91,338,created,2025-11-28 23:15:52,"{""short_code"":""XDQP9j"",""original_url"":""https://seeded.app/proud/river/91""}"
92,92,12,created,2025-03-15 22:18:30,"{""short_code"":""3Ecezx"",""original_url"":""https://hackstack.io/jade/trail/92""}"
93,93,34,created,2025-01-19 15:04:51,"{""short_code"":""OVOMgh"",""original_url"":""https://seeded.app/forest/window/93""}"
94,94,157,created,2025-09-01 17:34:34,"{""short_code"":""PvpGsH"",""original_url"":""https://relay.cloud/navy/kernel/94""}"
95,95,23,created,2025-10-21 18:57:02,"{""short_code"":""0pju4g"",""original_url"":""https://opswise.net/brisk/island/95""}"
96,96,344,created,2025-12-31 04:32:28,"{""short_code"":""rKXLXi"",""original_url"":""https://opswise.net/warm/signal/96""}"
97,97,40,created,2025-11-19 15:55:39,"{""short_code"":""P4Rx0w"",""original_url"":""https://hackstack.io/quiet/river/97""}"
98,98,133,created,2025-10-24 01:10:41,"{""short_code"":""kuarz1"",""original_url"":""https://opswise.net/vivid/uplink/98""}"
99,99,383,created,2025-07-30 07:46:43,"{""short_code"":""NMsfFr"",""original_url"":""https://hackstack.io/calm/island/99""}"
100,100,303,created,2025-04-16 15:59:33,"{""short_code"":""0ro2uN"",""original_url"":""https://hackstack.io/calm/engine/100""}"
101,101,307,created,2025-09-05 18:34:14,"{""short_code"":""Fq3XCy"",""original_url"":""https://relay.cloud/clear/uplink/101""}"
102,102,65,created,2025-10-06 21:50:35,"{""short_code"":""dgSSsE"",""original_url"":""https://acme.dev/silver/uplink/102""}"
103,103,135,created,2026-01-13 05:06:55,"{""short_code"":""Mbfw81"",""original_url"":""https://seeded.app/harbor/harvest/103""}"
104,104,286,created,2025-10-14 03:31:30,"{""short_code"":""NCctRm"",""original_url"":""https://example.com/warm/journey/104""}"
105,105,156,created,2025-02-04 18:17:28,"{""short_code"":""YtQJWK"",""original_url"":""https://hackstack.io/ember/journey/105""}"
106,106,261,created,2025-02-18 21:10:53,"{""short_code"":""0wdXxB"",""original_url"":""https://example.com/proud/valley/106""}"
107,107,63,created,2025-03-03 06:26:35,"{""short_code"":""M2L6Td"",""original_url"":""https://opswise.net/opal/uplink/107""}"
108,108,146,created,2025-04-09 17:37:52,"{""short_code"":""ia6vQc"",""original_url"":""https://seeded.app/brisk/yard/108""}"
109,109,396,created,2025-12-01 22:48:51,"{""short_code"":""gxNaVe"",""original_url"":""https://relay.cloud/rapid/engine/109""}"
110,110,210,created,2025-04-15 03:04:02,"{""short_code"":""CAeWjS"",""original_url"":""https://hackstack.io/gold/engine/110""}"
111,111,231,created,2025-12-13 23:26:13,"{""short_code"":""v2toI3"",""original_url"":""https://opswise.net/quiet/valley/111""}"
112,112,161,created,2025-06-27 23:21:58,"{""short_code"":""sfiBfn"",""original_url"":""https://acme.dev/warm/orbit/112""}"
113,113,189,created,2025-07-18 20:05:08,"{""short_code"":""SE2E8W"",""original_url"":""https://seeded.app/clear/orbit/113""}"
114,114,103,created,2025-06-07 07:29:36,"{""short_code"":""0zd1RC"",""original_url"":""https://seeded.app/harbor/harvest/114""}"
115,115,150,created,2025-03-31 20:19:36,"{""short_code"":""gMsM67"",""original_url"":""https://opswise.net/harbor/harvest/115""}"
116,116,281,created,2025-07-09 22:35:23,"{""short_code"":""bcTN84"",""original_url"":""https://seeded.app/gold/pioneer/116""}"
117,117,74,created,2025-03-11 16:03:08,"{""short_code"":""xPmFOo"",""original_url"":""https://example.com/clear/canyon/117""}"
118,118,4,created,2026-02-20 10:38:07,"{""short_code"":""aJrtUj"",""original_url"":""https://opswise.net/keen/meadow/118""}"
119,119,176,created,2025-08-05 11:16:30,"{""short_code"":""YQDOHq"",""original_url"":""https://opswise.net/silver/trail/119""}"
120,120,1,created,2025-12-04 00:51:10,"{""short_code"":""u1oR6f"",""original_url"":""https://example.com/tidy/garden/120""}"
121,121,13,created,2025-09-14 19:27:43,"{""short_code"":""rMIE6Y"",""original_url"":""https://relay.cloud/harbor/window/121""}"
122,122,104,created,2026-01-08 19:30:13,"{""short_code"":""W3nBDi"",""original_url"":""https://acme.dev/forest/anchor/122""}"
123,123,190,created,2025-02-21 08:34:56,"{""short_code"":""ex2evZ"",""original_url"":""https://seeded.app/amber/quartz/123""}"
124,124,315,created,2025-05-23 06:16:54,"{""short_code"":""FCuP5L"",""original_url"":""https://opswise.net/gold/pioneer/124""}"
125,125,227,created,2025-03-29 18:59:12,"{""short_code"":""AD4xVl"",""original_url"":""https://example.com/jade/uplink/125""}"
126,126,336,created,2025-10-28 12:01:44,"{""short_code"":""71GfWl"",""original_url"":""https://hackstack.io/amber/network/126""}"
127,127,217,created,2025-12-20 00:47:19,"{""short_code"":""Pio9bZ"",""original_url"":""https://relay.cloud/harbor/orbit/127""}"
128,128,228,created,2025-03-12 17:46:43,"{""short_code"":""W1wknD"",""original_url"":""https://relay.cloud/rapid/network/128""}"
129,129,255,created,2025-07-01 08:04:59,"{""short_code"":""QxTClN"",""original_url"":""https://example.com/ember/delta/129""}"
130,130,246,created,2025-02-14 07:20:05,"{""short_code"":""1duvz9"",""original_url"":""https://relay.cloud/quiet/pioneer/130""}"
131,131,309,created,2026-02-15 06:33:31,"{""short_code"":""7LHe0x"",""original_url"":""https://acme.dev/rapid/yard/131""}"
132,132,321,created,2026-01-04 10:56:42,"{""short_code"":""LxpHPv"",""original_url"":""https://acme.dev/keen/yard/132""}"
133,133,198,created,2025-10-10 08:16:02,"{""short_code"":""DF2gpL"",""original_url"":""https://relay.cloud/lively/trail/133""}"
134,134,199,created,2025-06-30 21:46:41,"{""short_code"":""zrzhwn"",""original_url"":""https://opswise.net/navy/pioneer/134""}"
135,135,377,created,2025-08-30 11:55:12,"{""short_code"":""fXkonE"",""original_url"":""https://hackstack.io/harbor/network/135""}"
136,136,297,created,2025-01-23 12:41:03,"{""short_code"":""UVbkNA"",""original_url"":""https://acme.dev/jade/beacon/136""}"
137,137,167,created,2025-08-26 07:56:43,"{""short_code"":""ZNaBMj"",""original_url"":""https://seeded.app/opal/trail/137""}"
138,138,185,created,2025-09-27 10:09:56,"{""short_code"":""e0kWaX"",""original_url"":""https://acme.dev/mellow/quartz/138""}"
139,139,349,created,2025-09-28 23:40:45,"{""short_code"":""lvEVtG"",""original_url"":""https://relay.cloud/ember/window/139""}"
140,140,8,created,2025-03-21 14:10:49,"{""short_code"":""hg9Tli"",""original_url"":""https://opswise.net/amber/delta/140""}"
141,141,6,created,2025-10-03 04:17:15,"{""short_code"":""ubgkqa"",""original_url"":""https://hackstack.io/forest/canyon/141""}"
142,142,303,created,2025-03-21 15:28:45,"{""short_code"":""Jq9qI8"",""original_url"":""https://acme.dev/dawn/anchor/142""}"
143,143,53,created,2025-08-14 16:03:09,"{""short_code"":""0wA4op"",""original_url"":""https://relay.cloud/calm/trail/143""}"
144,144,273,created,2025-10-08 02:59:28,"{""short_code"":""Kb9yGl"",""original_url"":""https://relay.cloud/cobalt/uplink/144""}"
145,145,16,created,2026-01-30 19:49:06,"{""short_code"":""2uD0XZ"",""original_url"":""https://opswise.net/jade/window/145""}"
146,146,135,created,2025-06-20 15:03:29,"{""short_code"":""X6KoF7"",""original_url"":""https://opswise.net/proud/yard/146""}"
147,147,47,created,2025-08-29 20:39:40,"{""short_code"":""FyFcOt"",""original_url"":""https://relay.cloud/young/yard/147""}"
148,148,73,created,2025-01-08 00:56:46,"{""short_code"":""hDSka1"",""original_url"":""https://seeded.app/urban/journey/148""}"
149,149,255,created,2025-05-16 00:35:19,"{""short_code"":""ITcT4S"",""original_url"":""https://acme.dev/gold/orbit/149""}"
150,150,349,created,2025-10-08 22:26:08,"{""short_code"":""dfnrDm"",""original_url"":""https://hackstack.io/tidy/lagoon/150""}"
151,151,203,created,2026-01-27 13:04:33,"{""short_code"":""phzCDl"",""original_url"":""https://example.com/rapid/trail/151""}"
152,152,139,created,2025-03-18 10:07:25,"{""short_code"":""Qa7vO7"",""original_url"":""https://seeded.app/keen/garden/152""}"
153,153,379,created,2025-08-01 02:17:23,"{""short_code"":""OFKmwK"",""original_url"":""https://hackstack.io/dawn/trail/153""}"
154,154,229,created,2025-08-05 15:57:39,"{""short_code"":""OcC7or"",""original_url"":""https://example.com/young/island/154""}"
155,155,176,created,2025-12-15 16:20:31,"{""short_code"":""JflznR"",""original_url"":""https://seeded.app/proud/window/155""}"
156,156,79,created,2025-05-16 21:31:25,"{""short_code"":""0zGDhE"",""original_url"":""https://seeded.app/vivid/yard/156""}"
157,157,108,created,2026-02-18 14:55:14,"{""short_code"":""dmHFLj"",""original_url"":""https://opswise.net/opal/orbit/157""}"
158,158,141,created,2025-07-22 20:16:02,"{""short_code"":""JaCQql"",""original_url"":""https://relay.cloud/lively/trail/158""}"
159,159,86,created,2025-02-23 17:40:42,"{""short_code"":""gXUlWW"",""original_url"":""https://example.com/harbor/field/159""}"
160,160,164,created,2025-05-15 15:44:07,"{""short_code"":""z7UYZG"",""original_url"":""https://example.com/ivory/meadow/160""}"
161,161,14,created,2025-03-21 10:58:51,"{""short_code"":""Y5B5ii"",""original_url"":""https://example.com/ember/river/161""}"
162,162,167,created,2025-12-13 19:43:31,"{""short_code"":""nekYSA"",""original_url"":""https://seeded.app/gold/engine/162""}"
163,163,149,created,2025-01-31 07:31:17,"{""short_code"":""roP5Kn"",""original_url"":""https://acme.dev/tidy/engine/163""}"
164,164,207,created,2026-01-20 09:55:02,"{""short_code"":""fMC53n"",""original_url"":""https://relay.cloud/mellow/kernel/164""}"
165,165,155,created,2025-08-22 13:27:01,"{""short_code"":""0v2VqV"",""original_url"":""https://relay.cloud/young/yard/165""}"
166,166,264,created,2026-01-28 04:21:22,"{""short_code"":""Z364Rz"",""original_url"":""https://hackstack.io/harbor/pioneer/166""}"
167,167,133,created,2025-10-23 08:56:15,"{""short_code"":""8KVIWF"",""original_url"":""https://example.com/warm/meadow/167""}"
168,168,71,created,2025-11-14 10:24:16,"{""short_code"":""r4QJ7P"",""original_url"":""https://relay.cloud/rapid/beacon/168""}"
169,169,101,created,2025-08-22 23:54:13,"{""short_code"":""urzXcT"",""original_url"":""https://relay.cloud/forest/river/169""}"
170,170,388,created,2025-08-20 21:30:28,"{""short_code"":""GkMcwC"",""original_url"":""https://acme.dev/warm/harvest/170""}"
171,171,153,created,2025-06-02 05:50:56,"{""short_code"":""LVqzyj"",""original_url"":""https://acme.dev/harbor/window/171""}"
172,172,154,created,2025-08-08 20:17:56,"{""short_code"":""hWYL54"",""original_url"":""https://seeded.app/harbor/quartz/172""}"
173,173,52,created,2025-08-15 22:27:11,"{""short_code"":""A6ntz6"",""original_url"":""https://seeded.app/harbor/river/173""}"
174,174,90,created,2025-11-19 14:31:57,"{""short_code"":""Wj7ZkI"",""original_url"":""https://hackstack.io/rapid/delta/174""}"
175,175,262,created,2025-07-19 01:31:03,"{""short_code"":""QjDVJL"",""original_url"":""https://opswise.net/mellow/delta/175""}"
176,176,10,created,2026-01-18 06:12:00,"{""short_code"":""1kEs2N"",""original_url"":""https://opswise.net/mellow/pioneer/176""}"
177,177,227,created,2025-04-25 06:28:27,"{""short_code"":""vGIKQn"",""original_url"":""https://seeded.app/rapid/kernel/177""}"
178,178,214,created,2025-03-09 07:44:45,"{""short_code"":""dAYnrR"",""original_url"":""https://acme.dev/tidy/beacon/178""}"
179,179,181,created,2025-10-16 12:02:57,"{""short_code"":""1t41tH"",""original_url"":""https://seeded.app/calm/delta/179""}"
180,180,342,created,2025-08-25 05:46:15,"{""short_code"":""uLtQdb"",""original_url"":""https://hackstack.io/navy/island/180""}"
181,181,176,created,2025-12-27 20:52:26,"{""short_code"":""VhN0m2"",""original_url"":""https://example.com/ember/orbit/181""}"
182,182,50,created,2025-04-01 03:21:24,"{""short_code"":""2eYGIG"",""original_url"":""https://example.com/dawn/meadow/182""}"
183,183,68,created,2025-02-19 13:07:00,"{""short_code"":""BXCs6E"",""original_url"":""https://opswise.net/tidy/river/183""}"
184,184,241,created,2025-11-27 14:24:49,"{""short_code"":""SkKiHr"",""original_url"":""https://seeded.app/urban/yard/184""}"
185,185,222,created,2025-07-01 17:49:12,"{""short_code"":""7FuQme"",""original_url"":""https://example.com/keen/harvest/185""}"
186,186,203,created,2025-07-22 14:31:56,"{""short_code"":""hdI9JI"",""original_url"":""https://example.com/keen/anchor/186""}"
187,187,232,created,2025-07-27 06:23:11,"{""short_code"":""sqN8XT"",""original_url"":""https://example.com/opal/network/187""}"
188,188,348,created,2025-10-21 22:10:31,"{""short_code"":""cOrM5q"",""original_url"":""https://seeded.app/dawn/zenith/188""}"
189,189,28,created,2025-05-07 12:01:50,"{""short_code"":""m6uUxT"",""original_url"":""https://relay.cloud/rapid/river/189""}"
190,190,56,created,2025-03-16 13:16:01,"{""short_code"":""i30EPH"",""original_url"":""https://hackstack.io/jade/anchor/190""}"
191,191,224,created,2025-08-21 15:44:08,"{""short_code"":""M3LRrB"",""original_url"":""https://relay.cloud/dawn/kernel/191""}"
192,192,318,created,2025-03-01 12:31:17,"{""short_code"":""v4ksGV"",""original_url"":""https://acme.dev/ivory/quartz/192""}"
193,193,230,created,2025-06-02 09:04:59,"{""short_code"":""rrSu3v"",""original_url"":""https://hackstack.io/clear/field/193""}"
194,194,150,created,2025-01-12 22:53:30,"{""short_code"":""rvzmQ0"",""original_url"":""https://hackstack.io/ember/meadow/194""}"
195,195,368,created,2025-11-19 02:25:38,"{""short_code"":""13EIOi"",""original_url"":""https://opswise.net/rapid/valley/195""}"
196,196,220,created,2025-11-23 06:47:39,"{""short_code"":""VSW9Hk"",""original_url"":""https://relay.cloud/ivory/engine/196""}"
197,197,44,created,2025-10-01 00:05:16,"{""short_code"":""3cbr1Z"",""original_url"":""https://opswise.net/keen/meadow/197""}"
198,198,333,created,2026-01-17 20:45:46,"{""short_code"":""rFasYn"",""original_url"":""https://opswise.net/tidy/network/198""}"
199,199,391,created,2025-09-28 16:59:09,"{""short_code"":""CvOKfh"",""original_url"":""https://opswise.net/tidy/harvest/199""}"
200,200,202,created,2025-01-17 15:52:04,"{""short_code"":""0OPdZA"",""original_url"":""https://opswise.net/brisk/pioneer/200""}"
201,201,26,created,2025-11-06 21:08:34,"{""short_code"":""5HFNbT"",""original_url"":""https://example.com/proud/orbit/201""}"
202,202,292,created,2026-01-24 21:28:46,"{""short_code"":""Yk61es"",""original_url"":""https://relay.cloud/ember/field/202""}"
203,203,183,created,2025-04-21 21:54:51,"{""short_code"":""mj8d3e"",""original_url"":""https://opswise.net/dawn/quartz/203""}"
204,204,267,created,2025-03-02 22:28:47,"{""short_code"":""QhMjdA"",""original_url"":""https://hackstack.io/urban/canyon/204""}"
205,205,84,created,2025-08-31 22:56:17,"{""short_code"":""GEJRDr"",""original_url"":""https://seeded.app/clear/kernel/205""}"
206,206,97,created,2025-12-10 14:31:50,"{""short_code"":""DMFENa"",""original_url"":""https://opswise.net/vivid/delta/206""}"
207,207,101,created,2025-02-20 11:12:46,"{""short_code"":""4QyXkn"",""original_url"":""https://opswise.net/young/engine/207""}"
208,208,307,created,2025-09-07 01:29:00,"{""short_code"":""SGoXod"",""original_url"":""https://relay.cloud/tidy/network/208""}"
209,209,258,created,2025-07-05 23:55:10,"{""short_code"":""9FRXyA"",""original_url"":""https://seeded.app/navy/journey/209""}"
210,210,171,created,2025-09-03 15:04:04,"{""short_code"":""wJO87Z"",""original_url"":""https://seeded.app/mellow/uplink/210""}"
211,211,208,created,2026-02-08 02:52:06,"{""short_code"":""AfjfVI"",""original_url"":""https://seeded.app/harbor/harvest/211""}"
212,212,140,created,2025-06-03 12:16:14,"{""short_code"":""jKmGvV"",""original_url"":""https://opswise.net/jade/delta/212""}"
213,213,194,created,2025-01-12 21:46:27,"{""short_code"":""50ai6o"",""original_url"":""https://relay.cloud/tidy/island/213""}"
214,214,77,created,2025-07-02 14:48:26,"{""short_code"":""dDx36g"",""original_url"":""https://relay.cloud/forest/delta/214""}"
215,215,328,created,2025-08-06 19:43:54,"{""short_code"":""dXA5jx"",""original_url"":""https://example.com/lively/meadow/215""}"
216,216,96,created,2025-03-17 18:11:22,"{""short_code"":""k29JuW"",""original_url"":""https://acme.dev/rapid/field/216""}"
217,217,325,created,2025-02-26 12:34:17,"{""short_code"":""DsQlXT"",""original_url"":""https://acme.dev/clear/quartz/217""}"
218,218,164,created,2025-05-01 10:47:23,"{""short_code"":""2mNdD3"",""original_url"":""https://hackstack.io/young/valley/218""}"
219,219,164,created,2025-04-16 10:50:03,"{""short_code"":""T7tKsO"",""original_url"":""https://hackstack.io/gold/beacon/219""}"
220,220,192,created,2025-07-08 16:03:48,"{""short_code"":""820XYL"",""original_url"":""https://hackstack.io/brisk/journey/220""}"
221,221,66,created,2025-02-11 06:39:46,"{""short_code"":""dHEx7E"",""original_url"":""https://relay.cloud/calm/window/221""}"
222,222,83,created,2025-01-16 03:19:07,"{""short_code"":""7RXRUh"",""original_url"":""https://seeded.app/urban/engine/222""}"
223,223,342,created,2025-01-22 03:51:29,"{""short_code"":""CcewDw"",""original_url"":""https://example.com/ember/yard/223""}"
224,224,391,created,2025-08-02 11:36:25,"{""short_code"":""Zv6Oo4"",""original_url"":""https://hackstack.io/calm/garden/224""}"
225,225,137,created,2025-05-09 14:32:51,"{""short_code"":""36FlZa"",""original_url"":""https://seeded.app/jade/journey/225""}"
226,226,242,created,2025-04-13 18:31:04,"{""short_code"":""fEsERF"",""original_url"":""https://hackstack.io/amber/quartz/226""}"
227,227,304,created,2025-04-04 16:44:13,"{""short_code"":""mkcqhv"",""original_url"":""https://seeded.app/brisk/canyon/227""}"
228,228,144,created,2025-08-23 22:56:53,"{""short_code"":""5sBKMY"",""original_url"":""https://seeded.app/gold/engine/228""}"
229,229,7,created,2025-02-21 13:34:14,"{""short_code"":""OHi6Tp"",""original_url"":""https://opswise.net/ember/beacon/229""}"
230,230,326,created,2025-11-07 10:48:58,"{""short_code"":""5QIAze"",""original_url"":""https://opswise.net/urban/beacon/230""}"
231,231,177,created,2025-04-27 06:16:33,"{""short_code"":""N6HaYw"",""original_url"":""https://example.com/harbor/signal/231""}"
232,232,220,created,2025-05-22 23:24:03,"{""short_code"":""OeDV62"",""original_url"":""https://opswise.net/silver/pioneer/232""}"
233,233,8,created,2025-06-29 06:28:51,"{""short_code"":""2HGPEs"",""original_url"":""https://opswise.net/rapid/yard/233""}"
234,234,42,created,2025-09-17 17:09:30,"{""short_code"":""1hOsWt"",""original_url"":""https://seeded.app/opal/network/234""}"
235,235,103,created,2025-11-12 23:48:36,"{""short_code"":""vuIjbA"",""original_url"":""https://hackstack.io/harbor/field/235""}"
236,236,393,created,2025-11-28 15:17:02,"{""short_code"":""TeezV2"",""original_url"":""https://opswise.net/young/trail/236""}"
237,237,339,created,2025-09-04 07:32:51,"{""short_code"":""5Mm2gy"",""original_url"":""https://hackstack.io/amber/pioneer/237""}"
238,238,325,created,2025-03-04 09:10:40,"{""short_code"":""vq9DAJ"",""original_url"":""https://example.com/amber/uplink/238""}"
239,239,35,created,2026-01-26 20:35:59,"{""short_code"":""EnZZIC"",""original_url"":""https://relay.cloud/jade/field/239""}"
240,240,161,created,2026-01-08 01:39:16,"{""short_code"":""wbyPn2"",""original_url"":""https://example.com/jade/garden/240""}"
241,241,138,created,2025-07-15 11:26:32,"{""short_code"":""dlJ6Pg"",""original_url"":""https://opswise.net/mellow/trail/241""}"
242,242,37,created,2026-01-09 18:12:16,"{""short_code"":""pLkCjr"",""original_url"":""https://acme.dev/brisk/window/242""}"
243,243,291,created,2025-12-22 08:49:58,"{""short_code"":""qYTEMl"",""original_url"":""https://hackstack.io/lively/uplink/243""}"
244,244,172,created,2025-03-17 03:40:24,"{""short_code"":""xbprch"",""original_url"":""https://seeded.app/tidy/garden/244""}"
245,245,155,created,2025-01-27 07:45:21,"{""short_code"":""IsxAiT"",""original_url"":""https://acme.dev/proud/beacon/245""}"
246,246,340,created,2025-06-29 00:17:17,"{""short_code"":""WTb47a"",""original_url"":""https://seeded.app/mellow/field/246""}"
247,247,111,created,2025-07-02 22:58:48,"{""short_code"":""oTPoO8"",""original_url"":""https://hackstack.io/harbor/window/247""}"
248,248,97,created,2025-01-02 14:40:33,"{""short_code"":""G4vKjN"",""original_url"":""https://acme.dev/cobalt/beacon/248""}"
249,249,60,created,2025-09-12 14:29:47,"{""short_code"":""P3yPJf"",""original_url"":""https://hackstack.io/navy/anchor/249""}"
250,250,346,created,2026-01-03 06:05:29,"{""short_code"":""fxBjBp"",""original_url"":""https://acme.dev/clear/pioneer/250""}"
251,251,326,created,2025-10-16 01:57:57,"{""short_code"":""yrLaaG"",""original_url"":""https://opswise.net/lively/zenith/251""}"
252,252,82,created,2025-02-08 06:35:45,"{""short_code"":""XiMDV8"",""original_url"":""https://example.com/warm/window/252""}"
253,253,348,created,2025-03-26 11:59:44,"{""short_code"":""suK3Ak"",""original_url"":""https://acme.dev/ember/river/253""}"
254,254,386,created,2025-08-04 19:53:39,"{""short_code"":""OJV6yx"",""original_url"":""https://example.com/clear/valley/254""}"
255,255,16,created,2025-11-10 01:39:38,"{""short_code"":""YMt5da"",""original_url"":""https://acme.dev/cobalt/network/255""}"
256,256,118,created,2025-09-19 11:34:39,"{""short_code"":""8WEXRz"",""original_url"":""https://acme.dev/rapid/canyon/256""}"
257,257,68,created,2026-01-03 03:33:02,"{""short_code"":""THU2ID"",""original_url"":""https://relay.cloud/rapid/beacon/257""}"
258,258,129,created,2025-07-06 07:00:34,"{""short_code"":""0npu30"",""original_url"":""https://seeded.app/tidy/quartz/258""}"
259,259,361,created,2025-10-17 03:41:23,"{""short_code"":""O55qay"",""original_url"":""https://opswise.net/forest/lagoon/259""}"
260,260,132,created,2025-07-20 15:35:22,"{""short_code"":""fSttoF"",""original_url"":""https://opswise.net/ivory/journey/260""}"
261,261,300,created,2025-11-10 09:18:43,"{""short_code"":""mSWsMP"",""original_url"":""https://relay.cloud/jade/uplink/261""}"
262,262,130,created,2025-04-26 08:08:44,"{""short_code"":""OOemNf"",""original_url"":""https://hackstack.io/jade/network/262""}"
263,263,324,created,2026-01-11 23:08:38,"{""short_code"":""zgnUQA"",""original_url"":""https://hackstack.io/keen/delta/263""}"
264,264,35,created,2025-05-28 02:29:50,"{""short_code"":""vE7RaL"",""original_url"":""https://opswise.net/cobalt/window/264""}"
265,265,145,created,2026-01-31 15:20:49,"{""short_code"":""23Slhx"",""original_url"":""https://example.com/tidy/garden/265""}"
266,266,225,created,2025-09-28 02:19:38,"{""short_code"":""1207Fm"",""original_url"":""https://seeded.app/jade/kernel/266""}"
267,267,98,created,2026-01-11 02:07:41,"{""short_code"":""1iqEH8"",""original_url"":""https://seeded.app/silver/orbit/267""}"
268,268,70,created,2025-07-20 11:05:58,"{""short_code"":""XzWPOQ"",""original_url"":""https://acme.dev/mellow/beacon/268""}"
269,269,141,created,2025-04-29 06:59:15,"{""short_code"":""FydKyt"",""original_url"":""https://hackstack.io/jade/trail/269""}"
270,270,31,created,2025-04-22 11:56:01,"{""short_code"":""cicrkr"",""original_url"":""https://opswise.net/harbor/island/270""}"
271,271,318,created,2025-05-02 22:13:53,"{""short_code"":""XMObh1"",""original_url"":""https://seeded.app/ember/canyon/271""}"
272,272,331,created,2025-08-27 17:13:02,"{""short_code"":""fbdtmR"",""original_url"":""https://acme.dev/vivid/island/272""}"
273,273,233,created,2025-05-12 07:01:05,"{""short_code"":""cwjUCw"",""original_url"":""https://relay.cloud/warm/journey/273""}"
274,274,33,created,2026-02-03 21:18:25,"{""short_code"":""UDZOl8"",""original_url"":""https://relay.cloud/gold/river/274""}"
275,275,336,created,2025-11-25 03:24:32,"{""short_code"":""14YIS8"",""original_url"":""https://seeded.app/opal/quartz/275""}"
276,276,322,created,2026-01-01 12:18:28,"{""short_code"":""ayDvGz"",""original_url"":""https://relay.cloud/cobalt/lagoon/276""}"
277,277,336,created,2026-01-28 18:19:02,"{""short_code"":""yuHJ0w"",""original_url"":""https://hackstack.io/quiet/island/277""}"
278,278,200,created,2025-11-13 22:29:25,"{""short_code"":""uUKPcD"",""original_url"":""https://seeded.app/cobalt/anchor/278""}"
279,279,395,created,2025-10-13 18:41:05,"{""short_code"":""DZC5Ef"",""original_url"":""https://seeded.app/opal/harvest/279""}"
280,280,328,created,2025-12-08 15:46:56,"{""short_code"":""HnELiN"",""original_url"":""https://relay.cloud/vivid/delta/280""}"
281,281,390,created,2025-12-11 03:01:10,"{""short_code"":""7gFaso"",""original_url"":""https://relay.cloud/vivid/field/281""}"
282,282,221,created,2025-11-05 00:09:44,"{""short_code"":""tQfqAf"",""original_url"":""https://opswise.net/vivid/river/282""}"
283,283,355,created,2025-06-27 08:38:01,"{""short_code"":""slaXEK"",""original_url"":""https://seeded.app/calm/harvest/283""}"
284,284,290,created,2025-03-22 13:26:41,"{""short_code"":""APjYLc"",""original_url"":""https://opswise.net/gold/quartz/284""}"
285,285,45,created,2025-07-05 11:59:30,"{""short_code"":""NGyDJD"",""original_url"":""https://relay.cloud/harbor/quartz/285""}"
286,286,82,created,2026-01-26 11:47:38,"{""short_code"":""UbCyLU"",""original_url"":""https://seeded.app/amber/window/286""}"
287,287,162,created,2025-10-22 02:10:01,"{""short_code"":""dv9M8h"",""original_url"":""https://relay.cloud/proud/kernel/287""}"
288,288,356,created,2025-09-05 00:30:16,"{""short_code"":""eQMxIW"",""original_url"":""https://opswise.net/jade/pioneer/288""}"
289,289,11,created,2025-09-25 20:54:31,"{""short_code"":""MJY8yf"",""original_url"":""https://hackstack.io/amber/field/289""}"
290,290,152,created,2025-10-05 07:06:54,"{""short_code"":""QGtbw3"",""original_url"":""https://example.com/urban/kernel/290""}"
291,291,5,created,2025-07-07 17:14:25,"{""short_code"":""HKeAnG"",""original_url"":""https://opswise.net/dawn/island/291""}"
292,292,155,created,2025-09-10 06:48:26,"{""short_code"":""IpOtva"",""original_url"":""https://acme.dev/brisk/lagoon/292""}"
293,293,258,created,2025-05-05 15:25:40,"{""short_code"":""5shT7U"",""original_url"":""https://opswise.net/proud/kernel/293""}"
294,294,354,created,2025-07-03 16:04:18,"{""short_code"":""gjqnBj"",""original_url"":""https://seeded.app/gold/river/294""}"
295,295,270,created,2026-01-09 12:48:02,"{""short_code"":""YFJ33b"",""original_url"":""https://acme.dev/amber/trail/295""}"
296,296,241,created,2025-10-14 13:20:10,"{""short_code"":""ibgVoU"",""original_url"":""https://hackstack.io/cobalt/kernel/296""}"
297,297,397,created,2025-08-17 07:23:06,"{""short_code"":""nJETG5"",""original_url"":""https://hackstack.io/lively/zenith/297""}"
298,298,118,created,2025-12-25 04:15:30,"{""short_code"":""pnxKI0"",""original_url"":""https://example.com/ivory/garden/298""}"
299,299,50,created,2026-01-02 14:20:07,"{""short_code"":""UHeY6C"",""original_url"":""https://acme.dev/keen/journey/299""}"
300,300,114,created,2025-03-07 17:11:47,"{""short_code"":""jN5cxw"",""original_url"":""https://acme.dev/brisk/field/300""}"
301,301,373,created,2025-11-17 05:40:05,"{""short_code"":""0c61t7"",""original_url"":""https://hackstack.io/mellow/meadow/301""}"
302,302,91,created,2025-07-23 08:24:22,"{""short_code"":""bMbx8Z"",""original_url"":""https://example.com/rapid/beacon/302""}"
303,303,358,created,2025-05-12 14:20:12,"{""short_code"":""JRH742"",""original_url"":""https://hackstack.io/lively/yard/303""}"
304,304,242,created,2025-12-24 05:02:54,"{""short_code"":""TGkpM9"",""original_url"":""https://relay.cloud/quiet/engine/304""}"
305,305,205,created,2025-10-02 20:40:49,"{""short_code"":""RqvltD"",""original_url"":""https://hackstack.io/mellow/kernel/305""}"
306,306,233,created,2025-07-24 20:03:14,"{""short_code"":""FH4Vmj"",""original_url"":""https://acme.dev/keen/zenith/306""}"
307,307,80,created,2025-06-27 06:50:16,"{""short_code"":""DP5saC"",""original_url"":""https://example.com/ember/window/307""}"
308,308,344,created,2025-09-11 01:23:49,"{""short_code"":""YlNCwE"",""original_url"":""https://opswise.net/amber/valley/308""}"
309,309,158,created,2025-01-01 06:04:44,"{""short_code"":""4k6uDY"",""original_url"":""https://seeded.app/calm/engine/309""}"
310,310,250,created,2025-02-22 11:54:53,"{""short_code"":""XKwQZI"",""original_url"":""https://opswise.net/proud/engine/310""}"
311,311,382,created,2025-06-30 21:01:04,"{""short_code"":""Lm44HB"",""original_url"":""https://example.com/lively/garden/311""}"
312,312,41,created,2025-07-30 12:03:33,"{""short_code"":""B0JRf3"",""original_url"":""https://seeded.app/calm/lagoon/312""}"
313,313,92,created,2025-03-25 13:26:41,"{""short_code"":""SCZRGi"",""original_url"":""https://hackstack.io/clear/island/313""}"
314,314,24,created,2025-07-25 01:15:54,"{""short_code"":""3bkXTb"",""original_url"":""https://relay.cloud/young/yard/314""}"
315,315,329,created,2026-02-07 02:35:30,"{""short_code"":""vjYwzR"",""original_url"":""https://hackstack.io/tidy/beacon/315""}"
316,316,283,created,2025-11-10 04:13:11,"{""short_code"":""BM7evy"",""original_url"":""https://acme.dev/warm/engine/316""}"
317,317,295,created,2025-10-11 04:40:05,"{""short_code"":""LFZ29H"",""original_url"":""https://seeded.app/jade/window/317""}"
318,318,235,created,2025-12-09 17:25:14,"{""short_code"":""2Le1Q7"",""original_url"":""https://hackstack.io/navy/quartz/318""}"
319,319,93,created,2026-02-05 15:33:08,"{""short_code"":""WN5XP3"",""original_url"":""https://relay.cloud/jade/orbit/319""}"
320,320,392,created,2025-07-01 05:18:56,"{""short_code"":""jrJnGO"",""original_url"":""https://acme.dev/silver/pioneer/320""}"
321,321,147,created,2026-01-10 06:00:18,"{""short_code"":""MLulIM"",""original_url"":""https://seeded.app/young/window/321""}"
322,322,228,created,2026-01-01 04:34:31,"{""short_code"":""LypLWK"",""original_url"":""https://hackstack.io/harbor/window/322""}"
323,323,20,created,2025-09-15 13:18:27,"{""short_code"":""FBd2Va"",""original_url"":""https://hackstack.io/calm/anchor/323""}"
324,324,312,created,2025-02-18 12:30:43,"{""short_code"":""TSPyeu"",""original_url"":""https://opswise.net/harbor/orbit/324""}"
325,325,230,created,2025-07-10 06:40:35,"{""short_code"":""SNDBbe"",""original_url"":""https://example.com/brisk/journey/325""}"
326,326,195,created,2025-12-23 19:05:54,"{""short_code"":""RZFqgE"",""original_url"":""https://relay.cloud/tidy/meadow/326""}"
327,327,71,created,2025-10-07 00:50:59,"{""short_code"":""oGEUi7"",""original_url"":""https://hackstack.io/warm/meadow/327""}"
328,328,183,created,2025-05-25 20:50:45,"{""short_code"":""1jc2Sm"",""original_url"":""https://example.com/keen/quartz/328""}"
329,329,213,created,2025-10-20 04:17:19,"{""short_code"":""2tHzCK"",""original_url"":""https://acme.dev/cobalt/trail/329""}"
330,330,268,created,2025-02-02 15:05:36,"{""short_code"":""FboeSd"",""original_url"":""https://acme.dev/opal/engine/330""}"
331,331,71,created,2025-10-03 20:09:56,"{""short_code"":""MtLlEJ"",""original_url"":""https://opswise.net/tidy/harvest/331""}"
332,332,375,created,2025-09-03 20:55:33,"{""short_code"":""HtKOgr"",""original_url"":""https://relay.cloud/forest/kernel/332""}"
333,333,126,created,2026-01-09 12:56:34,"{""short_code"":""gbHT2A"",""original_url"":""https://example.com/quiet/anchor/333""}"
334,334,119,created,2025-06-05 13:01:27,"{""short_code"":""M5vWUI"",""original_url"":""https://relay.cloud/quiet/zenith/334""}"
335,335,279,created,2025-07-22 18:10:31,"{""short_code"":""tzDzqm"",""original_url"":""https://opswise.net/jade/field/335""}"
336,336,304,created,2025-04-05 04:05:19,"{""short_code"":""PYomZT"",""original_url"":""https://relay.cloud/ivory/pioneer/336""}"
337,337,327,created,2025-08-14 15:47:40,"{""short_code"":""yP8hyE"",""original_url"":""https://example.com/dawn/orbit/337""}"
338,338,315,created,2025-02-07 13:02:06,"{""short_code"":""cmaJpJ"",""original_url"":""https://relay.cloud/clear/island/338""}"
339,339,40,created,2026-02-02 05:42:20,"{""short_code"":""Qe8qzc"",""original_url"":""https://opswise.net/opal/signal/339""}"
340,340,14,created,2025-11-08 06:38:00,"{""short_code"":""NCd9Or"",""original_url"":""https://relay.cloud/silver/engine/340""}"
341,341,189,created,2025-10-03 05:17:26,"{""short_code"":""5gbqNb"",""original_url"":""https://seeded.app/lively/engine/341""}"
342,342,392,created,2026-02-10 16:20:01,"{""short_code"":""jyUhs7"",""original_url"":""https://hackstack.io/gold/orbit/342""}"
343,343,380,created,2026-01-09 23:24:00,"{""short_code"":""bZ3zHA"",""original_url"":""https://example.com/mellow/orbit/343""}"
344,344,47,created,2025-12-18 01:17:54,"{""short_code"":""gSKtN5"",""original_url"":""https://hackstack.io/ivory/trail/344""}"
345,345,337,created,2025-06-14 01:31:40,"{""short_code"":""GukBRX"",""original_url"":""https://example.com/ivory/trail/345""}"
346,346,247,created,2025-10-28 22:11:04,"{""short_code"":""nANWqJ"",""original_url"":""https://acme.dev/rapid/signal/346""}"
347,347,364,created,2026-02-18 16:15:10,"{""short_code"":""XiAmdb"",""original_url"":""https://example.com/cobalt/canyon/347""}"
348,348,357,created,2025-11-17 12:57:23,"{""short_code"":""Uz5mdo"",""original_url"":""https://acme.dev/urban/network/348""}"
349,349,2,created,2025-10-10 13:15:09,"{""short_code"":""2Jo2cF"",""original_url"":""https://hackstack.io/navy/delta/349""}"
350,350,347,created,2025-02-28 20:52:40,"{""short_code"":""cT3fmS"",""original_url"":""https://seeded.app/jade/pioneer/350""}"
351,351,270,created,2025-10-10 02:18:26,"{""short_code"":""t5wqoC"",""original_url"":""https://acme.dev/vivid/delta/351""}"
352,352,320,created,2025-02-05 13:30:13,"{""short_code"":""9Uoda9"",""original_url"":""https://acme.dev/lively/delta/352""}"
353,353,284,created,2025-04-29 10:46:55,"{""short_code"":""uiQXAV"",""original_url"":""https://hackstack.io/keen/canyon/353""}"
354,354,47,created,2025-11-18 11:56:18,"{""short_code"":""aLMHVA"",""original_url"":""https://hackstack.io/ivory/network/354""}"
355,355,99,created,2025-03-03 23:58:42,"{""short_code"":""WXNHf0"",""original_url"":""https://acme.dev/jade/window/355""}"
356,356,347,created,2025-08-14 09:43:42,"{""short_code"":""BZqqvV"",""original_url"":""https://hackstack.io/lively/meadow/356""}"
357,357,174,created,2025-02-02 18:00:38,"{""short_code"":""4k184q"",""original_url"":""https://seeded.app/quiet/yard/357""}"
358,358,64,created,2025-03-13 19:07:25,"{""short_code"":""9qwzwD"",""original_url"":""https://example.com/brisk/uplink/358""}"
359,359,175,created,2025-10-30 18:56:26,"{""short_code"":""DHY3IJ"",""original_url"":""https://relay.cloud/ember/lagoon/359""}"
360,360,10,created,2025-12-16 11:43:28,"{""short_code"":""IcGw61"",""original_url"":""https://acme.dev/opal/delta/360""}"
361,361,340,created,2025-05-10 10:06:21,"{""short_code"":""to4iDB"",""original_url"":""https://acme.dev/dawn/network/361""}"
362,362,298,created,2025-04-28 22:07:26,"{""short_code"":""4Udtwu"",""original_url"":""https://example.com/silver/zenith/362""}"
363,363,139,created,2025-08-21 21:58:24,"{""short_code"":""E3RJGx"",""original_url"":""https://seeded.app/vivid/network/363""}"
364,364,66,created,2025-02-09 10:23:40,"{""short_code"":""PMgHmJ"",""original_url"":""https://relay.cloud/keen/quartz/364""}"
365,365,51,created,2025-06-28 20:38:21,"{""short_code"":""TNQz6g"",""original_url"":""https://opswise.net/harbor/kernel/365""}"
366,366,316,created,2025-10-18 08:53:40,"{""short_code"":""YEhwGi"",""original_url"":""https://relay.cloud/rapid/engine/366""}"
367,367,158,created,2025-02-07 03:06:27,"{""short_code"":""qFNaeX"",""original_url"":""https://example.com/warm/network/367""}"
368,368,110,created,2025-11-09 10:19:56,"{""short_code"":""tTmlKU"",""original_url"":""https://hackstack.io/urban/yard/368""}"
369,369,1,created,2025-01-02 09:29:42,"{""short_code"":""dBRKgz"",""original_url"":""https://acme.dev/tidy/valley/369""}"
370,370,149,created,2025-02-01 17:35:19,"{""short_code"":""54Rc0F"",""original_url"":""https://example.com/calm/valley/370""}"
371,371,379,created,2026-01-21 10:49:37,"{""short_code"":""Xz7bXI"",""original_url"":""https://acme.dev/brisk/river/371""}"
372,372,363,created,2025-07-31 09:31:48,"{""short_code"":""wy0UA7"",""original_url"":""https://hackstack.io/cobalt/valley/372""}"
373,373,81,created,2025-08-08 03:18:14,"{""short_code"":""QKI1WK"",""original_url"":""https://example.com/forest/journey/373""}"
374,374,132,created,2025-05-26 09:19:28,"{""short_code"":""nzPuJn"",""original_url"":""https://opswise.net/cobalt/valley/374""}"
375,375,342,created,2025-09-14 15:19:22,"{""short_code"":""IqC5i8"",""original_url"":""https://example.com/cobalt/island/375""}"
376,376,383,created,2025-11-11 07:17:28,"{""short_code"":""awAHJH"",""original_url"":""https://acme.dev/lively/pioneer/376""}"
377,377,180,created,2025-08-28 05:37:30,"{""short_code"":""zNIlPz"",""original_url"":""https://seeded.app/cobalt/orbit/377""}"
378,378,47,created,2025-03-08 01:09:42,"{""short_code"":""I78Nqq"",""original_url"":""https://relay.cloud/calm/engine/378""}"
379,379,222,created,2025-04-20 11:51:38,"{""short_code"":""Jj1kUz"",""original_url"":""https://acme.dev/brisk/uplink/379""}"
380,380,385,created,2025-04-01 17:57:54,"{""short_code"":""oCH7kf"",""original_url"":""https://relay.cloud/brisk/lagoon/380""}"
381,381,224,created,2025-05-07 20:22:11,"{""short_code"":""OzbZy8"",""original_url"":""https://acme.dev/amber/island/381""}"
382,382,368,created,2025-12-20 13:34:15,"{""short_code"":""qjXk4R"",""original_url"":""https://relay.cloud/cobalt/pioneer/382""}"
383,383,135,created,2025-07-05 05:03:16,"{""short_code"":""kpg2dM"",""original_url"":""https://acme.dev/jade/uplink/383""}"
384,384,316,created,2025-07-25 20:06:13,"{""short_code"":""lXVbLf"",""original_url"":""https://example.com/clear/field/384""}"
385,385,23,created,2025-06-16 11:59:06,"{""short_code"":""hhZqkc"",""original_url"":""https://relay.cloud/calm/uplink/385""}"
386,386,354,created,2025-06-26 08:44:47,"{""short_code"":""leb88y"",""original_url"":""https://acme.dev/harbor/garden/386""}"
387,387,186,created,2025-05-17 19:15:27,"{""short_code"":""xQYKex"",""original_url"":""https://relay.cloud/forest/orbit/387""}"
388,388,291,created,2025-10-30 17:12:53,"{""short_code"":""wHCEmQ"",""original_url"":""https://seeded.app/forest/harvest/388""}"
389,389,139,created,2025-05-20 20:24:54,"{""short_code"":""A4d0By"",""original_url"":""https://acme.dev/mellow/engine/389""}"
390,390,240,created,2025-07-02 07:02:03,"{""short_code"":""jqq9I6"",""original_url"":""https://acme.dev/forest/meadow/390""}"
391,391,3,created,2025-05-14 23:18:32,"{""short_code"":""17O9pN"",""original_url"":""https://opswise.net/calm/island/391""}"
392,392,359,created,2026-01-11 13:22:13,"{""short_code"":""tZBfJG"",""original_url"":""https://acme.dev/navy/island/392""}"
393,393,236,created,2025-11-05 04:31:09,"{""short_code"":""wdgu4X"",""original_url"":""https://seeded.app/quiet/network/393""}"
394,394,158,created,2025-07-23 05:46:58,"{""short_code"":""Kzs1yo"",""original_url"":""https://opswise.net/forest/signal/394""}"
395,395,336,created,2026-01-09 03:10:24,"{""short_code"":""8JVcxO"",""original_url"":""https://seeded.app/calm/meadow/395""}"
396,396,191,created,2025-05-03 20:56:22,"{""short_code"":""lFOpSv"",""original_url"":""https://example.com/opal/garden/396""}"
397,397,107,created,2026-02-20 23:59:25,"{""short_code"":""2hP5sm"",""original_url"":""https://acme.dev/silver/river/397""}"
398,398,187,created,2025-10-12 11:25:24,"{""short_code"":""uxMjCP"",""original_url"":""https://example.com/forest/field/398""}"
399,399,47,created,2026-01-04 09:55:14,"{""short_code"":""FjR13S"",""original_url"":""https://acme.dev/ember/trail/399""}"
400,400,128,created,2025-09-12 17:48:33,"{""short_code"":""9rASbH"",""original_url"":""https://example.com/brisk/orbit/400""}"
401,401,66,created,2025-04-13 03:05:02,"{""short_code"":""AghXVD"",""original_url"":""https://seeded.app/calm/kernel/401""}"
402,402,280,created,2025-01-14 20:00:46,"{""short_code"":""HddCl5"",""original_url"":""https://relay.cloud/opal/zenith/402""}"
403,403,396,created,2025-08-18 08:43:26,"{""short_code"":""WtTv7u"",""original_url"":""https://hackstack.io/harbor/lagoon/403""}"
404,404,113,created,2026-02-14 08:49:24,"{""short_code"":""4V2Rh2"",""original_url"":""https://acme.dev/keen/pioneer/404""}"
405,405,50,created,2025-10-24 09:50:48,"{""short_code"":""eetxYS"",""original_url"":""https://example.com/urban/journey/405""}"
406,406,292,created,2025-11-11 08:10:46,"{""short_code"":""gS0uGo"",""original_url"":""https://relay.cloud/navy/network/406""}"
407,407,369,created,2025-06-13 04:38:46,"{""short_code"":""fg2ArN"",""original_url"":""https://opswise.net/ivory/yard/407""}"
408,408,87,created,2026-01-03 22:00:00,"{""short_code"":""euAZ7y"",""original_url"":""https://seeded.app/dawn/garden/408""}"
409,409,162,created,2025-08-16 13:15:28,"{""short_code"":""42BUfW"",""original_url"":""https://hackstack.io/young/orbit/409""}"
410,410,57,created,2025-09-02 17:05:58,"{""short_code"":""Fv7F70"",""original_url"":""https://acme.dev/mellow/delta/410""}"
411,411,196,created,2025-11-24 14:52:48,"{""short_code"":""LnYlKC"",""original_url"":""https://seeded.app/silver/meadow/411""}"
412,412,85,created,2025-06-30 04:35:40,"{""short_code"":""Ow4V6G"",""original_url"":""https://relay.cloud/clear/journey/412""}"
413,413,332,created,2026-02-11 21:03:49,"{""short_code"":""XMy5pX"",""original_url"":""https://relay.cloud/quiet/garden/413""}"
414,414,87,created,2025-07-18 17:28:36,"{""short_code"":""uSSpC8"",""original_url"":""https://seeded.app/navy/garden/414""}"
415,415,127,created,2025-12-06 14:26:09,"{""short_code"":""OHIx3T"",""original_url"":""https://example.com/harbor/harvest/415""}"
416,416,388,created,2025-07-09 17:09:56,"{""short_code"":""whzV3Z"",""original_url"":""https://acme.dev/keen/anchor/416""}"
417,417,57,created,2025-05-24 20:37:11,"{""short_code"":""2KyBZa"",""original_url"":""https://hackstack.io/clear/valley/417""}"
418,418,275,created,2025-04-12 06:22:40,"{""short_code"":""a0IurK"",""original_url"":""https://hackstack.io/ember/pioneer/418""}"
419,419,137,created,2025-03-16 09:48:05,"{""short_code"":""jbAD1K"",""original_url"":""https://relay.cloud/young/garden/419""}"
420,420,164,created,2026-01-16 04:09:14,"{""short_code"":""ec8JtF"",""original_url"":""https://acme.dev/opal/lagoon/420""}"
421,421,329,created,2025-07-09 09:41:14,"{""short_code"":""IPaGKj"",""original_url"":""https://opswise.net/warm/quartz/421""}"
422,422,377,created,2025-07-01 09:02:02,"{""short_code"":""hAGqOi"",""original_url"":""https://example.com/vivid/garden/422""}"
423,423,345,created,2025-04-13 05:25:35,"{""short_code"":""gCyybc"",""original_url"":""https://relay.cloud/rapid/garden/423""}"
424,424,89,created,2025-06-27 20:15:04,"{""short_code"":""ZkQRcw"",""original_url"":""https://acme.dev/harbor/trail/424""}"
425,425,149,created,2025-01-24 17:58:42,"{""short_code"":""M6jo9F"",""original_url"":""https://seeded.app/clear/island/425""}"
426,426,229,created,2025-03-18 17:35:45,"{""short_code"":""UQ8pG7"",""original_url"":""https://acme.dev/warm/pioneer/426""}"
427,427,41,created,2025-08-08 09:41:16,"{""short_code"":""uiprlR"",""original_url"":""https://acme.dev/lively/valley/427""}"
428,428,229,created,2025-04-19 10:16:54,"{""short_code"":""ynEDxH"",""original_url"":""https://acme.dev/rapid/orbit/428""}"
429,429,77,created,2025-05-23 17:04:43,"{""short_code"":""FHRud3"",""original_url"":""https://relay.cloud/proud/delta/429""}"
430,430,385,created,2025-02-15 02:20:12,"{""short_code"":""DjZT2y"",""original_url"":""https://acme.dev/cobalt/zenith/430""}"
431,431,124,created,2026-01-22 23:11:58,"{""short_code"":""PMFQ0g"",""original_url"":""https://relay.cloud/brisk/quartz/431""}"
432,432,329,created,2025-09-09 04:05:47,"{""short_code"":""gaz4i6"",""original_url"":""https://relay.cloud/silver/trail/432""}"
433,433,290,created,2025-08-04 14:18:29,"{""short_code"":""u1SXmy"",""original_url"":""https://relay.cloud/young/orbit/433""}"
434,434,374,created,2025-02-22 19:26:29,"{""short_code"":""Sam3Ti"",""original_url"":""https://seeded.app/cobalt/engine/434""}"
435,435,185,created,2025-03-25 16:22:36,"{""short_code"":""sLI9Ed"",""original_url"":""https://relay.cloud/urban/delta/435""}"
436,436,21,created,2025-11-01 03:24:33,"{""short_code"":""ov4J7R"",""original_url"":""https://opswise.net/warm/kernel/436""}"
437,437,305,created,2025-10-22 17:22:49,"{""short_code"":""T6nNbl"",""original_url"":""https://acme.dev/amber/anchor/437""}"
438,438,147,created,2025-05-23 15:57:32,"{""short_code"":""BpgJjg"",""original_url"":""https://acme.dev/amber/field/438""}"
439,439,378,created,2025-03-02 18:08:40,"{""short_code"":""RyLu69"",""original_url"":""https://hackstack.io/gold/harvest/439""}"
440,440,391,created,2026-01-05 01:17:14,"{""short_code"":""B8xHle"",""original_url"":""https://relay.cloud/ember/meadow/440""}"
441,441,262,created,2025-11-18 13:01:04,"{""short_code"":""9fY9tN"",""original_url"":""https://example.com/tidy/field/441""}"
442,442,104,created,2026-01-03 15:35:51,"{""short_code"":""kLLB2c"",""original_url"":""https://relay.cloud/warm/uplink/442""}"
443,443,31,created,2025-07-31 17:56:56,"{""short_code"":""VxLGrE"",""original_url"":""https://example.com/ember/yard/443""}"
444,444,121,created,2026-02-05 05:28:33,"{""short_code"":""KMWr6P"",""original_url"":""https://hackstack.io/urban/signal/444""}"
445,445,201,created,2025-05-23 10:06:53,"{""short_code"":""fL7suT"",""original_url"":""https://example.com/brisk/kernel/445""}"
446,446,236,created,2025-09-11 13:39:04,"{""short_code"":""CQPYEN"",""original_url"":""https://example.com/amber/lagoon/446""}"
447,447,85,created,2025-07-23 07:07:38,"{""short_code"":""YWvRsD"",""original_url"":""https://seeded.app/cobalt/canyon/447""}"
448,448,18,created,2026-01-11 23:28:15,"{""short_code"":""SpoSsB"",""original_url"":""https://example.com/rapid/signal/448""}"
449,449,220,created,2025-12-30 06:41:33,"{""short_code"":""Y3uFG0"",""original_url"":""https://seeded.app/vivid/trail/449""}"
450,450,377,created,2025-06-22 02:17:59,"{""short_code"":""Nbf50d"",""original_url"":""https://acme.dev/ember/river/450""}"
451,451,271,created,2025-12-19 01:58:05,"{""short_code"":""9aVcVl"",""original_url"":""https://opswise.net/forest/network/451""}"
452,452,285,created,2025-12-31 06:13:49,"{""short_code"":""9GjtOp"",""original_url"":""https://opswise.net/clear/beacon/452""}"
453,453,327,created,2025-01-03 21:00:05,"{""short_code"":""vm7J5p"",""original_url"":""https://example.com/harbor/river/453""}"
454,454,143,created,2025-05-12 21:19:23,"{""short_code"":""bLFyzo"",""original_url"":""https://example.com/ember/uplink/454""}"
455,455,376,created,2026-02-08 00:40:12,"{""short_code"":""uS4tJ7"",""original_url"":""https://seeded.app/jade/garden/455""}"
456,456,339,created,2025-08-12 21:18:46,"{""short_code"":""w9OBrc"",""original_url"":""https://seeded.app/urban/river/456""}"
457,457,288,created,2025-08-27 09:43:33,"{""short_code"":""xlUyoB"",""original_url"":""https://hackstack.io/jade/valley/457""}"
458,458,75,created,2025-03-09 05:01:52,"{""short_code"":""QITqNT"",""original_url"":""https://example.com/opal/journey/458""}"
459,459,388,created,2026-01-11 14:45:12,"{""short_code"":""s7JRJV"",""original_url"":""https://opswise.net/ivory/network/459""}"
460,460,374,created,2025-11-02 16:32:36,"{""short_code"":""lGmRl7"",""original_url"":""https://acme.dev/mellow/field/460""}"
461,461,213,created,2025-08-04 17:51:30,"{""short_code"":""087CW5"",""original_url"":""https://opswise.net/calm/delta/461""}"
462,462,331,created,2025-12-16 18:27:20,"{""short_code"":""VbkomF"",""original_url"":""https://relay.cloud/tidy/beacon/462""}"
463,463,59,created,2026-01-11 18:00:51,"{""short_code"":""ddKWVW"",""original_url"":""https://relay.cloud/ivory/lagoon/463""}"
464,464,203,created,2025-08-11 14:02:17,"{""short_code"":""KBSVpb"",""original_url"":""https://hackstack.io/cobalt/anchor/464""}"
465,465,386,created,2025-04-14 15:54:56,"{""short_code"":""I6jnYA"",""original_url"":""https://example.com/rapid/canyon/465""}"
466,466,221,created,2025-07-26 21:06:43,"{""short_code"":""Vfh4zX"",""original_url"":""https://seeded.app/lively/valley/466""}"
467,467,280,created,2025-12-01 13:19:28,"{""short_code"":""Y4b1x8"",""original_url"":""https://acme.dev/rapid/yard/467""}"
468,468,187,created,2025-10-16 06:17:44,"{""short_code"":""LtTen0"",""original_url"":""https://hackstack.io/forest/orbit/468""}"
469,469,49,created,2025-02-05 21:13:58,"{""short_code"":""2QxeN0"",""original_url"":""https://relay.cloud/dawn/trail/469""}"
470,470,171,created,2025-10-13 00:42:12,"{""short_code"":""2ppmt8"",""original_url"":""https://acme.dev/quiet/field/470""}"
471,471,186,created,2025-01-05 16:04:40,"{""short_code"":""vPFFW3"",""original_url"":""https://opswise.net/harbor/yard/471""}"
472,472,217,created,2025-11-18 09:02:32,"{""short_code"":""HPp2Ps"",""original_url"":""https://hackstack.io/harbor/anchor/472""}"
473,473,191,created,2026-01-26 13:45:23,"{""short_code"":""fZaczw"",""original_url"":""https://acme.dev/opal/field/473""}"
474,474,257,created,2026-01-31 14:30:46,"{""short_code"":""6J1HTp"",""original_url"":""https://opswise.net/navy/network/474""}"
475,475,380,created,2025-07-13 02:56:12,"{""short_code"":""qdcJd2"",""original_url"":""https://relay.cloud/brisk/zenith/475""}"
476,476,347,created,2025-12-13 11:37:47,"{""short_code"":""siUXAq"",""original_url"":""https://hackstack.io/dawn/signal/476""}"
477,477,61,created,2025-07-18 15:03:53,"{""short_code"":""kqHTIk"",""original_url"":""https://opswise.net/proud/uplink/477""}"
478,478,23,created,2026-01-29 10:16:11,"{""short_code"":""VfrNVe"",""original_url"":""https://acme.dev/warm/quartz/478""}"
479,479,279,created,2025-04-07 00:25:31,"{""short_code"":""1Mxpn6"",""original_url"":""https://hackstack.io/forest/island/479""}"
480,480,349,created,2025-07-21 00:57:30,"{""short_code"":""DtkhrQ"",""original_url"":""https://hackstack.io/clear/river/480""}"
481,481,104,created,2025-03-25 18:38:20,"{""short_code"":""qBx1HO"",""original_url"":""https://relay.cloud/silver/signal/481""}"
482,482,299,created,2026-02-04 20:20:29,"{""short_code"":""d7EHFy"",""original_url"":""https://acme.dev/opal/zenith/482""}"
483,483,40,created,2025-12-11 22:09:39,"{""short_code"":""l3gF2d"",""original_url"":""https://example.com/young/garden/483""}"
484,484,2,created,2025-06-13 19:07:43,"{""short_code"":""bg5VOl"",""original_url"":""https://relay.cloud/calm/delta/484""}"
485,485,297,created,2025-06-17 17:18:13,"{""short_code"":""az8xzv"",""original_url"":""https://relay.cloud/silver/zenith/485""}"
486,486,79,created,2025-08-17 11:38:25,"{""short_code"":""MkC3LS"",""original_url"":""https://hackstack.io/navy/network/486""}"
487,487,379,created,2025-05-23 15:05:57,"{""short_code"":""EZF3cb"",""original_url"":""https://seeded.app/quiet/uplink/487""}"
488,488,326,created,2025-03-10 10:45:17,"{""short_code"":""HNbIXJ"",""original_url"":""https://acme.dev/quiet/river/488""}"
489,489,18,created,2025-04-13 20:47:39,"{""short_code"":""r1gMEI"",""original_url"":""https://relay.cloud/proud/window/489""}"
490,490,188,created,2025-01-14 08:54:09,"{""short_code"":""rRv2Bu"",""original_url"":""https://seeded.app/proud/signal/490""}"
491,491,65,created,2025-07-03 02:27:21,"{""short_code"":""TOk46k"",""original_url"":""https://acme.dev/vivid/engine/491""}"
492,492,389,created,2025-04-20 22:42:56,"{""short_code"":""DgLSXU"",""original_url"":""https://acme.dev/clear/island/492""}"
493,493,105,created,2025-08-29 03:39:43,"{""short_code"":""EEU9Ka"",""original_url"":""https://relay.cloud/ivory/harvest/493""}"
494,494,119,created,2025-05-10 15:04:02,"{""short_code"":""Wz4y8S"",""original_url"":""https://example.com/dawn/anchor/494""}"
495,495,250,created,2025-10-14 09:10:33,"{""short_code"":""siVOIY"",""original_url"":""https://example.com/young/beacon/495""}"
496,496,90,created,2025-09-17 16:58:00,"{""short_code"":""fwt6T7"",""original_url"":""https://relay.cloud/vivid/zenith/496""}"
497,497,296,created,2025-03-02 06:00:41,"{""short_code"":""v9Ftsl"",""original_url"":""https://seeded.app/silver/orbit/497""}"
498,498,43,created,2025-11-26 01:17:19,"{""short_code"":""DCNiee"",""original_url"":""https://relay.cloud/harbor/engine/498""}"
499,499,211,created,2025-11-22 22:29:04,"{""short_code"":""Z8m7Up"",""original_url"":""https://relay.cloud/ivory/beacon/499""}"
500,500,133,created,2025-06-06 04:07:24,"{""short_code"":""QWwSx0"",""original_url"":""https://relay.cloud/dawn/orbit/500""}"
501,501,215,created,2025-05-25 05:39:21,"{""short_code"":""ApclEV"",""original_url"":""https://opswise.net/brisk/kernel/501""}"
502,502,187,created,2026-02-09 00:59:19,"{""short_code"":""ofiY9C"",""original_url"":""https://hackstack.io/vivid/pioneer/502""}"
503,503,291,created,2025-06-28 23:04:25,"{""short_code"":""LgPlk2"",""original_url"":""https://relay.cloud/gold/kernel/503""}"
504,504,109,created,2025-12-07 07:21:07,"{""short_code"":""zZU5ee"",""original_url"":""https://example.com/amber/valley/504""}"
505,505,156,created,2025-06-29 13:50:37,"{""short_code"":""UbUvZA"",""original_url"":""https://example.com/lively/window/505""}"
506,506,289,created,2025-01-23 12:38:55,"{""short_code"":""RmA495"",""original_url"":""https://hackstack.io/keen/window/506""}"
507,507,122,created,2025-07-22 20:52:21,"{""short_code"":""Xkuu8n"",""original_url"":""https://seeded.app/opal/window/507""}"
508,508,2,created,2025-04-30 17:12:45,"{""short_code"":""lFgFjb"",""original_url"":""https://seeded.app/proud/engine/508""}"
509,509,104,created,2025-04-23 15:28:47,"{""short_code"":""YE7DDB"",""original_url"":""https://seeded.app/opal/garden/509""}"
510,510,129,created,2025-02-25 14:38:03,"{""short_code"":""pQgMBB"",""original_url"":""https://relay.cloud/brisk/zenith/510""}"
511,511,104,created,2025-12-16 08:26:22,"{""short_code"":""EISF8r"",""original_url"":""https://hackstack.io/tidy/river/511""}"
512,512,64,created,2025-12-15 00:43:22,"{""short_code"":""4wsEaH"",""original_url"":""https://seeded.app/clear/meadow/512""}"
513,513,381,created,2025-10-20 23:22:49,"{""short_code"":""bkGCAJ"",""original_url"":""https://opswise.net/navy/quartz/513""}"
514,514,165,created,2025-08-23 10:29:10,"{""short_code"":""W6otJB"",""original_url"":""https://opswise.net/gold/quartz/514""}"
515,515,213,created,2025-08-19 03:00:52,"{""short_code"":""15gYmT"",""original_url"":""https://hackstack.io/amber/garden/515""}"
516,516,380,created,2025-07-02 19:06:24,"{""short_code"":""eFBJd2"",""original_url"":""https://opswise.net/ivory/journey/516""}"
517,517,133,created,2025-07-11 02:13:03,"{""short_code"":""1HQiRv"",""original_url"":""https://relay.cloud/vivid/orbit/517""}"
518,518,311,created,2026-01-25 08:09:24,"{""short_code"":""qlw2S3"",""original_url"":""https://seeded.app/dawn/window/518""}"
519,519,169,created,2025-12-12 14:48:27,"{""short_code"":""HckrhY"",""original_url"":""https://relay.cloud/clear/signal/519""}"
520,520,350,created,2025-11-17 20:30:12,"{""short_code"":""ypBywT"",""original_url"":""https://opswise.net/amber/anchor/520""}"
521,521,328,created,2025-07-04 03:33:23,"{""short_code"":""IyUQN6"",""original_url"":""https://seeded.app/lively/island/521""}"
522,522,261,created,2025-12-25 17:20:33,"{""short_code"":""3sEZe0"",""original_url"":""https://relay.cloud/dawn/quartz/522""}"
523,523,65,created,2025-09-26 04:07:45,"{""short_code"":""XdjndO"",""original_url"":""https://example.com/clear/delta/523""}"
524,524,160,created,2025-09-30 11:24:53,"{""short_code"":""KbJEUn"",""original_url"":""https://acme.dev/opal/quartz/524""}"
525,525,245,created,2025-12-18 20:17:42,"{""short_code"":""LYyTNN"",""original_url"":""https://seeded.app/opal/anchor/525""}"
526,526,364,created,2025-05-23 00:19:43,"{""short_code"":""9WdYQE"",""original_url"":""https://opswise.net/rapid/anchor/526""}"
527,527,107,created,2026-01-31 02:10:38,"{""short_code"":""gEENjk"",""original_url"":""https://hackstack.io/cobalt/engine/527""}"
528,528,174,created,2025-10-14 06:50:53,"{""short_code"":""qGG4e1"",""original_url"":""https://seeded.app/urban/field/528""}"
529,529,301,created,2025-10-14 15:28:16,"{""short_code"":""giNodF"",""original_url"":""https://seeded.app/dawn/zenith/529""}"
530,530,221,created,2025-01-11 00:42:25,"{""short_code"":""4cJtdu"",""original_url"":""https://acme.dev/jade/uplink/530""}"
531,531,81,created,2025-02-09 16:03:35,"{""short_code"":""nyAamD"",""original_url"":""https://seeded.app/opal/journey/531""}"
532,532,246,created,2025-04-27 23:04:08,"{""short_code"":""tVgTpH"",""original_url"":""https://hackstack.io/warm/zenith/532""}"
533,533,54,created,2025-11-06 01:37:30,"{""short_code"":""nxquWI"",""original_url"":""https://relay.cloud/warm/anchor/533""}"
534,534,258,created,2025-07-09 09:49:19,"{""short_code"":""eyJhPf"",""original_url"":""https://acme.dev/gold/uplink/534""}"
535,535,262,created,2025-11-22 01:36:37,"{""short_code"":""z59DZq"",""original_url"":""https://relay.cloud/ivory/island/535""}"
536,536,98,created,2025-02-04 16:57:52,"{""short_code"":""PHuUL4"",""original_url"":""https://relay.cloud/amber/kernel/536""}"
537,537,174,created,2025-11-24 14:19:36,"{""short_code"":""nvEaOc"",""original_url"":""https://acme.dev/amber/garden/537""}"
538,538,163,created,2025-10-19 08:38:04,"{""short_code"":""aHfyGY"",""original_url"":""https://opswise.net/ember/lagoon/538""}"
539,539,113,created,2025-01-28 13:30:18,"{""short_code"":""mAmmD4"",""original_url"":""https://seeded.app/vivid/canyon/539""}"
540,540,299,created,2025-05-13 09:13:26,"{""short_code"":""FaGWKn"",""original_url"":""https://opswise.net/urban/garden/540""}"
541,541,71,created,2025-08-10 02:23:18,"{""short_code"":""ABeiuB"",""original_url"":""https://acme.dev/proud/lagoon/541""}"
542,542,22,created,2025-12-14 13:55:54,"{""short_code"":""pHxyoc"",""original_url"":""https://relay.cloud/cobalt/field/542""}"
543,543,398,created,2025-12-05 14:40:58,"{""short_code"":""tw8Uoz"",""original_url"":""https://seeded.app/brisk/beacon/543""}"
544,544,27,created,2026-02-13 06:36:07,"{""short_code"":""LC0pIN"",""original_url"":""https://hackstack.io/rapid/orbit/544""}"
545,545,63,created,2025-05-18 17:55:44,"{""short_code"":""p8KDvD"",""original_url"":""https://seeded.app/forest/meadow/545""}"
546,546,129,created,2025-03-19 17:50:03,"{""short_code"":""NZbW6x"",""original_url"":""https://hackstack.io/proud/yard/546""}"
547,547,165,created,2025-08-17 08:09:45,"{""short_code"":""DY3ibr"",""original_url"":""https://example.com/proud/window/547""}"
548,548,26,created,2025-09-02 19:24:25,"{""short_code"":""TUHXsW"",""original_url"":""https://relay.cloud/young/yard/548""}"
549,549,323,created,2025-02-05 12:02:55,"{""short_code"":""pQoSbq"",""original_url"":""https://opswise.net/forest/zenith/549""}"
550,550,256,created,2026-01-30 13:33:58,"{""short_code"":""d5D1Ca"",""original_url"":""https://example.com/opal/window/550""}"
551,551,200,created,2025-01-10 08:33:28,"{""short_code"":""HZKyEE"",""original_url"":""https://relay.cloud/rapid/journey/551""}"
552,552,170,created,2025-07-09 13:36:08,"{""short_code"":""hMhq2d"",""original_url"":""https://example.com/amber/orbit/552""}"
553,553,240,created,2025-12-09 01:11:13,"{""short_code"":""3vcHRc"",""original_url"":""https://seeded.app/ember/trail/553""}"
554,554,291,created,2026-02-17 00:10:45,"{""short_code"":""GB3K0i"",""original_url"":""https://hackstack.io/navy/kernel/554""}"
555,555,399,created,2025-03-14 19:46:22,"{""short_code"":""Kyqadj"",""original_url"":""https://example.com/rapid/lagoon/555""}"
556,556,309,created,2025-12-25 12:49:22,"{""short_code"":""ejupgQ"",""original_url"":""https://acme.dev/dawn/kernel/556""}"
557,557,14,created,2025-04-03 10:45:08,"{""short_code"":""e4VkSv"",""original_url"":""https://example.com/vivid/beacon/557""}"
558,558,392,created,2025-09-25 18:29:32,"{""short_code"":""z4ZNRk"",""original_url"":""https://opswise.net/lively/valley/558""}"
559,559,176,created,2026-01-23 16:53:56,"{""short_code"":""G5RpTh"",""original_url"":""https://acme.dev/forest/valley/559""}"
560,560,153,created,2025-02-17 03:14:44,"{""short_code"":""PMxWx5"",""original_url"":""https://seeded.app/lively/zenith/560""}"
561,561,33,created,2025-05-11 13:38:54,"{""short_code"":""1vnTyX"",""original_url"":""https://hackstack.io/dawn/kernel/561""}"
562,562,134,created,2025-01-25 17:50:28,"{""short_code"":""mIpGgS"",""original_url"":""https://opswise.net/amber/trail/562""}"
563,563,6,created,2026-01-06 13:22:43,"{""short_code"":""gV24Ud"",""original_url"":""https://acme.dev/jade/zenith/563""}"
564,564,338,created,2025-12-21 08:08:22,"{""short_code"":""PWWX75"",""original_url"":""https://example.com/calm/canyon/564""}"
565,565,63,created,2025-12-31 21:45:45,"{""short_code"":""4g50cZ"",""original_url"":""https://relay.cloud/proud/beacon/565""}"
566,566,202,created,2026-01-26 02:10:06,"{""short_code"":""GsFuZO"",""original_url"":""https://opswise.net/cobalt/yard/566""}"
567,567,387,created,2025-04-21 16:02:37,"{""short_code"":""fYlcGb"",""original_url"":""https://hackstack.io/tidy/river/567""}"
568,568,73,created,2025-06-14 04:54:24,"{""short_code"":""bVnjEr"",""original_url"":""https://seeded.app/urban/quartz/568""}"
569,569,52,created,2025-07-07 09:37:29,"{""short_code"":""2uUYMU"",""original_url"":""https://seeded.app/tidy/island/569""}"
570,570,182,created,2025-03-18 14:46:58,"{""short_code"":""AlPiXV"",""original_url"":""https://hackstack.io/opal/pioneer/570""}"
571,571,188,created,2025-06-11 14:33:58,"{""short_code"":""EgSKXX"",""original_url"":""https://seeded.app/amber/kernel/571""}"
572,572,306,created,2025-11-02 15:08:33,"{""short_code"":""YkcHxg"",""original_url"":""https://relay.cloud/mellow/journey/572""}"
573,573,308,created,2025-04-04 06:40:01,"{""short_code"":""iKe2Ek"",""original_url"":""https://example.com/amber/canyon/573""}"
574,574,220,created,2025-04-22 11:35:55,"{""short_code"":""IPwxa5"",""original_url"":""https://acme.dev/young/meadow/574""}"
575,575,243,created,2025-11-10 14:53:30,"{""short_code"":""LABDhn"",""original_url"":""https://opswise.net/dawn/canyon/575""}"
576,576,98,created,2025-11-25 15:51:38,"{""short_code"":""7c9Yzm"",""original_url"":""https://acme.dev/vivid/garden/576""}"
577,577,142,created,2025-09-20 01:16:56,"{""short_code"":""iIJe3g"",""original_url"":""https://acme.dev/proud/delta/577""}"
578,578,224,created,2025-06-20 12:22:44,"{""short_code"":""O8j7Uq"",""original_url"":""https://relay.cloud/calm/engine/578""}"
579,579,192,created,2025-07-05 07:02:55,"{""short_code"":""DZvNFc"",""original_url"":""https://seeded.app/cobalt/river/579""}"
580,580,23,created,2025-12-08 19:40:09,"{""short_code"":""x0qTHo"",""original_url"":""https://acme.dev/gold/anchor/580""}"
581,581,265,created,2025-04-02 09:25:39,"{""short_code"":""25s79O"",""original_url"":""https://acme.dev/navy/uplink/581""}"
582,582,114,created,2025-08-12 21:46:26,"{""short_code"":""uSsjbc"",""original_url"":""https://opswise.net/jade/delta/582""}"
583,583,150,created,2025-01-05 11:11:28,"{""short_code"":""Os4Ess"",""original_url"":""https://opswise.net/vivid/yard/583""}"
584,584,177,created,2025-10-02 22:20:20,"{""short_code"":""RNHf5s"",""original_url"":""https://seeded.app/clear/trail/584""}"
585,585,113,created,2025-09-11 09:04:31,"{""short_code"":""68Np1W"",""original_url"":""https://relay.cloud/silver/window/585""}"
586,586,127,created,2025-01-12 05:29:09,"{""short_code"":""agAxaH"",""original_url"":""https://hackstack.io/ivory/pioneer/586""}"
587,587,282,created,2025-10-19 09:37:53,"{""short_code"":""ixqsJr"",""original_url"":""https://seeded.app/tidy/trail/587""}"
588,588,370,created,2025-08-12 09:01:59,"{""short_code"":""7spAnn"",""original_url"":""https://relay.cloud/brisk/anchor/588""}"
589,589,113,created,2025-12-07 10:34:37,"{""short_code"":""AeIoSH"",""original_url"":""https://example.com/tidy/network/589""}"
590,590,140,created,2025-06-09 10:31:10,"{""short_code"":""bwbG42"",""original_url"":""https://seeded.app/amber/window/590""}"
591,591,357,created,2025-05-26 11:09:26,"{""short_code"":""Lht1d1"",""original_url"":""https://seeded.app/brisk/uplink/591""}"
592,592,212,created,2025-11-25 02:46:46,"{""short_code"":""XNqtRs"",""original_url"":""https://acme.dev/calm/canyon/592""}"
593,593,110,created,2025-04-10 04:54:50,"{""short_code"":""Pk6DWx"",""original_url"":""https://hackstack.io/lively/valley/593""}"
594,594,105,created,2025-08-17 17:20:55,"{""short_code"":""mZMrgq"",""original_url"":""https://acme.dev/opal/river/594""}"
595,595,8,created,2025-05-03 17:37:40,"{""short_code"":""QghSfo"",""original_url"":""https://relay.cloud/forest/uplink/595""}"
596,596,262,created,2025-03-17 04:14:52,"{""short_code"":""EHI2p5"",""original_url"":""https://relay.cloud/urban/pioneer/596""}"
597,597,17,created,2026-01-09 16:14:36,"{""short_code"":""JJjZCm"",""original_url"":""https://acme.dev/dawn/journey/597""}"
598,598,263,created,2025-09-24 07:58:55,"{""short_code"":""zTvQN7"",""original_url"":""https://opswise.net/opal/quartz/598""}"
599,599,261,created,2025-01-26 15:27:01,"{""short_code"":""IjNq78"",""original_url"":""https://seeded.app/vivid/beacon/599""}"
600,600,164,created,2025-07-31 10:33:29,"{""short_code"":""AgYiAF"",""original_url"":""https://hackstack.io/jade/beacon/600""}"
601,601,100,created,2025-09-01 03:20:48,"{""short_code"":""pvyUH7"",""original_url"":""https://example.com/silver/meadow/601""}"
602,602,373,created,2025-10-13 08:11:26,"{""short_code"":""kGepdF"",""original_url"":""https://hackstack.io/cobalt/engine/602""}"
603,603,321,created,2025-03-10 13:34:00,"{""short_code"":""9TdrgS"",""original_url"":""https://example.com/brisk/yard/603""}"
604,604,347,created,2026-02-19 16:04:27,"{""short_code"":""YuaJGq"",""original_url"":""https://example.com/quiet/field/604""}"
605,605,57,created,2025-03-14 17:57:09,"{""short_code"":""UIDP2b"",""original_url"":""https://hackstack.io/brisk/signal/605""}"
606,606,321,created,2025-03-22 04:01:45,"{""short_code"":""SzRkIV"",""original_url"":""https://example.com/silver/network/606""}"
607,607,241,created,2025-09-29 11:32:25,"{""short_code"":""72p7vL"",""original_url"":""https://acme.dev/forest/network/607""}"
608,608,161,created,2025-01-06 20:44:34,"{""short_code"":""0gkk21"",""original_url"":""https://seeded.app/brisk/pioneer/608""}"
609,609,53,created,2025-08-22 23:23:35,"{""short_code"":""DqqxaS"",""original_url"":""https://acme.dev/tidy/network/609""}"
610,610,341,created,2025-06-09 00:26:18,"{""short_code"":""0htcs0"",""original_url"":""https://hackstack.io/brisk/lagoon/610""}"
611,611,32,created,2025-08-12 15:18:31,"{""short_code"":""LpjVIZ"",""original_url"":""https://seeded.app/warm/valley/611""}"
612,612,114,created,2025-11-20 04:56:17,"{""short_code"":""H9Jfou"",""original_url"":""https://hackstack.io/ember/orbit/612""}"
613,613,229,created,2025-09-22 21:45:21,"{""short_code"":""HplF17"",""original_url"":""https://example.com/harbor/garden/613""}"
614,614,289,created,2025-05-02 16:08:24,"{""short_code"":""TvT6Fc"",""original_url"":""https://hackstack.io/amber/kernel/614""}"
615,615,277,created,2025-03-11 16:58:11,"{""short_code"":""O480M3"",""original_url"":""https://relay.cloud/ember/meadow/615""}"
616,616,131,created,2026-01-17 08:47:40,"{""short_code"":""6Uz7Bv"",""original_url"":""https://hackstack.io/warm/field/616""}"
617,617,306,created,2025-05-20 10:35:38,"{""short_code"":""lcpiYd"",""original_url"":""https://example.com/quiet/network/617""}"
618,618,169,created,2025-10-17 08:05:00,"{""short_code"":""NOnzZ6"",""original_url"":""https://hackstack.io/forest/valley/618""}"
619,619,149,created,2025-06-16 16:53:44,"{""short_code"":""ymQipE"",""original_url"":""https://relay.cloud/clear/kernel/619""}"
620,620,392,created,2025-09-28 05:12:22,"{""short_code"":""pmvsTg"",""original_url"":""https://acme.dev/silver/delta/620""}"
621,621,75,created,2025-06-04 10:30:40,"{""short_code"":""yPiWPE"",""original_url"":""https://hackstack.io/keen/garden/621""}"
622,622,187,created,2025-07-21 18:25:44,"{""short_code"":""IINjAg"",""original_url"":""https://acme.dev/jade/yard/622""}"
623,623,363,created,2025-10-01 01:16:53,"{""short_code"":""sYHLc0"",""original_url"":""https://example.com/amber/zenith/623""}"
624,624,83,created,2025-08-03 10:52:17,"{""short_code"":""5HyFm1"",""original_url"":""https://example.com/vivid/canyon/624""}"
625,625,218,created,2025-04-24 23:32:02,"{""short_code"":""WFmlNf"",""original_url"":""https://relay.cloud/rapid/beacon/625""}"
626,626,94,created,2025-03-22 02:59:18,"{""short_code"":""Jg35PJ"",""original_url"":""https://example.com/vivid/harvest/626""}"
627,627,35,created,2025-06-21 19:45:17,"{""short_code"":""mAX1QE"",""original_url"":""https://acme.dev/proud/lagoon/627""}"
628,628,235,created,2025-02-14 05:38:06,"{""short_code"":""CZsbXG"",""original_url"":""https://seeded.app/gold/lagoon/628""}"
629,629,228,created,2025-10-17 13:45:31,"{""short_code"":""V4BeEC"",""original_url"":""https://example.com/jade/harvest/629""}"
630,630,162,created,2025-02-22 05:22:58,"{""short_code"":""zJTqhN"",""original_url"":""https://seeded.app/dawn/harvest/630""}"
631,631,202,created,2025-03-13 02:23:46,"{""short_code"":""HJYqE2"",""original_url"":""https://example.com/calm/yard/631""}"
632,632,24,created,2025-07-02 11:13:10,"{""short_code"":""Vq9TOE"",""original_url"":""https://example.com/dawn/river/632""}"
633,633,171,created,2025-10-13 13:27:33,"{""short_code"":""9rkooD"",""original_url"":""https://hackstack.io/quiet/engine/633""}"
634,634,338,created,2026-02-19 18:09:37,"{""short_code"":""VOYdPS"",""original_url"":""https://seeded.app/clear/uplink/634""}"
635,635,372,created,2026-02-16 07:18:15,"{""short_code"":""7Tmfnj"",""original_url"":""https://opswise.net/tidy/signal/635""}"
636,636,376,created,2025-02-26 04:41:19,"{""short_code"":""cV9e98"",""original_url"":""https://acme.dev/navy/anchor/636""}"
637,637,148,created,2025-10-17 13:12:54,"{""short_code"":""LSu2NG"",""original_url"":""https://hackstack.io/warm/valley/637""}"
638,638,14,created,2025-09-23 18:53:30,"{""short_code"":""0G7n85"",""original_url"":""https://opswise.net/rapid/river/638""}"
639,639,180,created,2025-03-19 10:00:46,"{""short_code"":""bhkafF"",""original_url"":""https://example.com/quiet/pioneer/639""}"
640,640,100,created,2025-12-22 10:51:44,"{""short_code"":""VAPzf8"",""original_url"":""https://example.com/gold/zenith/640""}"
641,641,364,created,2025-11-06 00:14:59,"{""short_code"":""T6TP6V"",""original_url"":""https://example.com/silver/river/641""}"
642,642,389,created,2025-01-25 05:34:53,"{""short_code"":""Yi11bo"",""original_url"":""https://example.com/urban/network/642""}"
643,643,61,created,2026-02-18 04:51:39,"{""short_code"":""gPX9ue"",""original_url"":""https://acme.dev/calm/orbit/643""}"
644,644,265,created,2025-05-18 20:34:00,"{""short_code"":""g47azP"",""original_url"":""https://hackstack.io/forest/network/644""}"
645,645,337,created,2026-02-03 12:36:16,"{""short_code"":""2WmNFe"",""original_url"":""https://hackstack.io/silver/kernel/645""}"
646,646,251,created,2026-02-04 13:57:23,"{""short_code"":""AGSl4u"",""original_url"":""https://hackstack.io/tidy/kernel/646""}"
647,647,284,created,2025-10-02 01:09:14,"{""short_code"":""4hTW4S"",""original_url"":""https://seeded.app/quiet/network/647""}"
648,648,285,created,2025-06-04 05:48:14,"{""short_code"":""VhPPVq"",""original_url"":""https://hackstack.io/ember/canyon/648""}"
649,649,308,created,2025-08-19 07:48:15,"{""short_code"":""DoE0Ej"",""original_url"":""https://acme.dev/brisk/journey/649""}"
650,650,215,created,2025-02-13 15:44:20,"{""short_code"":""HD6yN5"",""original_url"":""https://example.com/rapid/harvest/650""}"
651,651,173,created,2025-07-07 15:15:59,"{""short_code"":""k039Mk"",""original_url"":""https://acme.dev/gold/valley/651""}"
652,652,364,created,2025-10-21 19:23:04,"{""short_code"":""yn2bB1"",""original_url"":""https://relay.cloud/jade/harvest/652""}"
653,653,63,created,2025-03-15 20:42:13,"{""short_code"":""KABc4i"",""original_url"":""https://relay.cloud/dawn/meadow/653""}"
654,654,300,created,2025-05-13 06:11:48,"{""short_code"":""0aIfzq"",""original_url"":""https://acme.dev/quiet/island/654""}"
655,655,313,created,2025-08-04 03:03:17,"{""short_code"":""tq8VOW"",""original_url"":""https://seeded.app/lively/harvest/655""}"
656,656,68,created,2025-06-03 07:35:33,"{""short_code"":""QCZOWi"",""original_url"":""https://seeded.app/harbor/uplink/656""}"
657,657,203,created,2026-01-19 19:25:40,"{""short_code"":""P3QRvp"",""original_url"":""https://hackstack.io/clear/zenith/657""}"
658,658,44,created,2025-08-09 07:42:14,"{""short_code"":""3y3Ty5"",""original_url"":""https://acme.dev/brisk/canyon/658""}"
659,659,355,created,2025-12-21 05:37:20,"{""short_code"":""do5kUH"",""original_url"":""https://relay.cloud/gold/harvest/659""}"
660,660,109,created,2025-09-14 19:36:46,"{""short_code"":""1JUaRu"",""original_url"":""https://seeded.app/proud/island/660""}"
661,661,292,created,2025-09-07 07:57:24,"{""short_code"":""XgaAyW"",""original_url"":""https://relay.cloud/urban/journey/661""}"
662,662,320,created,2025-03-30 05:57:55,"{""short_code"":""034y54"",""original_url"":""https://opswise.net/keen/trail/662""}"
663,663,335,created,2025-05-09 23:55:37,"{""short_code"":""Lwo7bY"",""original_url"":""https://acme.dev/harbor/harvest/663""}"
664,664,31,created,2025-10-14 06:56:54,"{""short_code"":""IdhLPw"",""original_url"":""https://example.com/opal/orbit/664""}"
665,665,230,created,2025-01-21 06:38:16,"{""short_code"":""NWUAqr"",""original_url"":""https://acme.dev/proud/harvest/665""}"
666,666,81,created,2025-05-08 20:11:05,"{""short_code"":""89Le3C"",""original_url"":""https://seeded.app/ember/lagoon/666""}"
667,667,215,created,2025-07-16 18:43:08,"{""short_code"":""gwKm1M"",""original_url"":""https://relay.cloud/urban/uplink/667""}"
668,668,285,created,2025-04-13 19:33:38,"{""short_code"":""bWibUO"",""original_url"":""https://example.com/forest/lagoon/668""}"
669,669,381,created,2025-06-04 11:22:09,"{""short_code"":""ZSNqoC"",""original_url"":""https://seeded.app/gold/engine/669""}"
670,670,387,created,2025-02-11 08:45:34,"{""short_code"":""AgY1VQ"",""original_url"":""https://relay.cloud/warm/orbit/670""}"
671,671,32,created,2025-01-21 09:44:11,"{""short_code"":""nhU2Zy"",""original_url"":""https://hackstack.io/urban/kernel/671""}"
672,672,271,created,2026-01-31 08:05:05,"{""short_code"":""rdd9sW"",""original_url"":""https://relay.cloud/mellow/quartz/672""}"
673,673,254,created,2025-03-13 12:56:36,"{""short_code"":""LB0GWT"",""original_url"":""https://hackstack.io/proud/field/673""}"
674,674,92,created,2026-01-08 04:52:01,"{""short_code"":""j3YfgD"",""original_url"":""https://seeded.app/cobalt/harvest/674""}"
675,675,372,created,2025-08-18 17:01:57,"{""short_code"":""sWEiZG"",""original_url"":""https://hackstack.io/clear/anchor/675""}"
676,676,122,created,2025-01-30 03:30:15,"{""short_code"":""AbVlPc"",""original_url"":""https://relay.cloud/harbor/orbit/676""}"
677,677,365,created,2025-04-16 12:45:53,"{""short_code"":""vu7tAn"",""original_url"":""https://opswise.net/gold/window/677""}"
678,678,361,created,2025-04-20 20:53:43,"{""short_code"":""Qn43cc"",""original_url"":""https://example.com/opal/lagoon/678""}"
679,679,358,created,2025-02-28 20:19:59,"{""short_code"":""bUq93k"",""original_url"":""https://relay.cloud/forest/kernel/679""}"
680,680,32,created,2025-02-05 20:06:00,"{""short_code"":""9Xru6z"",""original_url"":""https://hackstack.io/brisk/journey/680""}"
681,681,66,created,2025-04-26 21:32:55,"{""short_code"":""c3flZb"",""original_url"":""https://hackstack.io/rapid/canyon/681""}"
682,682,259,created,2025-02-27 00:43:03,"{""short_code"":""8FtXL0"",""original_url"":""https://example.com/warm/journey/682""}"
683,683,268,created,2025-09-01 08:15:12,"{""short_code"":""3MaxZi"",""original_url"":""https://seeded.app/vivid/engine/683""}"
684,684,127,created,2025-02-06 18:33:19,"{""short_code"":""LPXMc9"",""original_url"":""https://hackstack.io/forest/island/684""}"
685,685,377,created,2025-07-09 11:35:06,"{""short_code"":""zWuI9U"",""original_url"":""https://acme.dev/harbor/harvest/685""}"
686,686,166,created,2025-12-13 15:27:57,"{""short_code"":""liRJ6C"",""original_url"":""https://relay.cloud/brisk/beacon/686""}"
687,687,88,created,2025-07-26 06:58:38,"{""short_code"":""Nc2Q2C"",""original_url"":""https://seeded.app/cobalt/beacon/687""}"
688,688,310,created,2025-08-08 21:07:39,"{""short_code"":""xZp5iM"",""original_url"":""https://example.com/opal/garden/688""}"
689,689,328,created,2025-01-05 22:15:37,"{""short_code"":""UdAmGJ"",""original_url"":""https://seeded.app/tidy/uplink/689""}"
690,690,90,created,2025-10-19 20:28:49,"{""short_code"":""UaN9wM"",""original_url"":""https://seeded.app/brisk/kernel/690""}"
691,691,18,created,2025-04-10 04:37:41,"{""short_code"":""ds0IRu"",""original_url"":""https://acme.dev/calm/canyon/691""}"
692,692,266,created,2025-05-26 13:21:40,"{""short_code"":""hkEZYU"",""original_url"":""https://example.com/quiet/delta/692""}"
693,693,384,created,2025-04-18 09:07:53,"{""short_code"":""PdFEiy"",""original_url"":""https://seeded.app/opal/engine/693""}"
694,694,210,created,2025-12-08 23:10:46,"{""short_code"":""WX7GQg"",""original_url"":""https://opswise.net/rapid/anchor/694""}"
695,695,56,created,2025-01-13 10:56:30,"{""short_code"":""CsMiVi"",""original_url"":""https://hackstack.io/opal/engine/695""}"
696,696,125,created,2025-02-21 07:54:03,"{""short_code"":""KWDlAV"",""original_url"":""https://example.com/brisk/engine/696""}"
697,697,372,created,2025-04-29 15:30:22,"{""short_code"":""KhDKKy"",""original_url"":""https://acme.dev/warm/journey/697""}"
698,698,378,created,2025-11-09 21:27:23,"{""short_code"":""VFYB0q"",""original_url"":""https://opswise.net/cobalt/zenith/698""}"
699,699,213,created,2025-09-16 23:41:46,"{""short_code"":""CWRk5a"",""original_url"":""https://opswise.net/opal/orbit/699""}"
700,700,369,created,2025-11-27 18:06:18,"{""short_code"":""vREsgu"",""original_url"":""https://opswise.net/amber/valley/700""}"
701,701,95,created,2025-01-07 12:31:09,"{""short_code"":""vzqGnC"",""original_url"":""https://relay.cloud/proud/pioneer/701""}"
702,702,147,created,2026-01-30 07:35:21,"{""short_code"":""FDcnAz"",""original_url"":""https://seeded.app/rapid/uplink/702""}"
703,703,322,created,2025-06-17 16:14:37,"{""short_code"":""BnzUlb"",""original_url"":""https://hackstack.io/navy/canyon/703""}"
704,704,38,created,2025-05-15 22:24:39,"{""short_code"":""s0Vg28"",""original_url"":""https://acme.dev/clear/uplink/704""}"
705,705,382,created,2025-06-04 20:16:08,"{""short_code"":""das8kg"",""original_url"":""https://acme.dev/proud/trail/705""}"
706,706,81,created,2025-05-14 18:03:55,"{""short_code"":""Ukg895"",""original_url"":""https://hackstack.io/lively/kernel/706""}"
707,707,288,created,2025-01-07 01:26:10,"{""short_code"":""e5DLnT"",""original_url"":""https://example.com/amber/pioneer/707""}"
708,708,101,created,2025-08-13 09:54:05,"{""short_code"":""gp23tI"",""original_url"":""https://relay.cloud/warm/network/708""}"
709,709,266,created,2025-12-25 05:03:38,"{""short_code"":""6NtytX"",""original_url"":""https://hackstack.io/young/kernel/709""}"
710,710,94,created,2025-07-22 11:31:15,"{""short_code"":""WgncCo"",""original_url"":""https://opswise.net/keen/orbit/710""}"
711,711,64,created,2025-02-02 17:44:45,"{""short_code"":""e3AX2v"",""original_url"":""https://seeded.app/keen/lagoon/711""}"
712,712,140,created,2025-12-18 11:11:02,"{""short_code"":""20xoTK"",""original_url"":""https://seeded.app/clear/lagoon/712""}"
713,713,125,created,2025-10-26 19:23:59,"{""short_code"":""wcxPo5"",""original_url"":""https://hackstack.io/keen/uplink/713""}"
714,714,95,created,2025-09-17 14:26:16,"{""short_code"":""GeEDo1"",""original_url"":""https://acme.dev/amber/quartz/714""}"
715,715,291,created,2025-04-27 12:27:26,"{""short_code"":""hyiAoQ"",""original_url"":""https://hackstack.io/brisk/island/715""}"
716,716,241,created,2025-06-05 17:00:31,"{""short_code"":""JCmgSi"",""original_url"":""https://relay.cloud/urban/field/716""}"
717,717,218,created,2025-05-15 23:58:07,"{""short_code"":""zUYkvp"",""original_url"":""https://example.com/lively/zenith/717""}"
718,718,379,created,2025-08-10 18:10:59,"{""short_code"":""8Cb0ka"",""original_url"":""https://example.com/silver/harvest/718""}"
719,719,81,created,2025-11-23 18:36:04,"{""short_code"":""FPZNKK"",""original_url"":""https://example.com/keen/meadow/719""}"
720,720,207,created,2026-02-16 16:52:13,"{""short_code"":""bcDpEA"",""original_url"":""https://hackstack.io/lively/zenith/720""}"
721,721,145,created,2026-01-23 20:41:15,"{""short_code"":""qAGmpE"",""original_url"":""https://acme.dev/jade/garden/721""}"
722,722,171,created,2025-11-23 19:26:57,"{""short_code"":""qf3myJ"",""original_url"":""https://example.com/vivid/kernel/722""}"
723,723,156,created,2026-02-12 22:26:50,"{""short_code"":""6xdYH6"",""original_url"":""https://hackstack.io/proud/kernel/723""}"
724,724,350,created,2025-03-13 23:18:17,"{""short_code"":""r2VW4r"",""original_url"":""https://seeded.app/vivid/beacon/724""}"
725,725,351,created,2025-05-08 17:13:05,"{""short_code"":""xj8fB7"",""original_url"":""https://opswise.net/cobalt/signal/725""}"
726,726,224,created,2025-12-13 07:37:08,"{""short_code"":""7f9VNM"",""original_url"":""https://example.com/opal/quartz/726""}"
727,727,39,created,2025-11-05 09:11:01,"{""short_code"":""nfAb1B"",""original_url"":""https://seeded.app/brisk/window/727""}"
728,728,85,created,2025-05-22 20:54:16,"{""short_code"":""yq08PG"",""original_url"":""https://opswise.net/dawn/meadow/728""}"
729,729,346,created,2025-01-21 18:55:37,"{""short_code"":""MRcB32"",""original_url"":""https://seeded.app/tidy/journey/729""}"
730,730,152,created,2025-04-28 14:57:17,"{""short_code"":""abSOl7"",""original_url"":""https://relay.cloud/cobalt/harvest/730""}"
731,731,170,created,2025-11-18 09:14:17,"{""short_code"":""6nZco3"",""original_url"":""https://hackstack.io/proud/quartz/731""}"
732,732,11,created,2026-01-08 00:33:29,"{""short_code"":""pL0X87"",""original_url"":""https://example.com/ivory/canyon/732""}"
733,733,322,created,2025-06-07 23:15:57,"{""short_code"":""LwJQD3"",""original_url"":""https://hackstack.io/tidy/valley/733""}"
734,734,18,created,2025-04-10 21:27:45,"{""short_code"":""GQ1CEP"",""original_url"":""https://hackstack.io/calm/garden/734""}"
735,735,30,created,2025-03-11 01:29:57,"{""short_code"":""pYTj4F"",""original_url"":""https://seeded.app/vivid/field/735""}"
736,736,266,created,2026-01-26 06:23:23,"{""short_code"":""LD91MA"",""original_url"":""https://opswise.net/calm/engine/736""}"
737,737,157,created,2025-09-19 18:54:33,"{""short_code"":""WlcfPp"",""original_url"":""https://hackstack.io/navy/valley/737""}"
738,738,61,created,2025-12-05 12:16:58,"{""short_code"":""ntq3To"",""original_url"":""https://seeded.app/amber/anchor/738""}"
739,739,103,created,2025-11-26 10:07:21,"{""short_code"":""6HG3RQ"",""original_url"":""https://example.com/dawn/trail/739""}"
740,740,145,created,2025-06-30 21:36:09,"{""short_code"":""l8JB29"",""original_url"":""https://hackstack.io/harbor/valley/740""}"
741,741,359,created,2025-07-01 18:06:43,"{""short_code"":""p0N53f"",""original_url"":""https://relay.cloud/ivory/field/741""}"
742,742,363,created,2025-04-24 10:36:52,"{""short_code"":""T5X3Nv"",""original_url"":""https://acme.dev/silver/yard/742""}"
743,743,111,created,2025-05-16 20:42:41,"{""short_code"":""Yx1sOY"",""original_url"":""https://example.com/brisk/field/743""}"
744,744,119,created,2025-12-03 14:08:52,"{""short_code"":""ChY4NV"",""original_url"":""https://relay.cloud/forest/orbit/744""}"
745,745,270,created,2025-01-04 22:03:07,"{""short_code"":""Zz0zWN"",""original_url"":""https://opswise.net/ivory/kernel/745""}"
746,746,205,created,2026-01-15 16:42:18,"{""short_code"":""GBZabx"",""original_url"":""https://example.com/urban/field/746""}"
747,747,340,created,2025-03-21 23:51:45,"{""short_code"":""R21wR6"",""original_url"":""https://relay.cloud/cobalt/signal/747""}"
748,748,55,created,2025-12-26 01:16:13,"{""short_code"":""d8rsUZ"",""original_url"":""https://hackstack.io/keen/signal/748""}"
749,749,149,created,2025-09-23 20:48:56,"{""short_code"":""8RLZrw"",""original_url"":""https://seeded.app/silver/meadow/749""}"
750,750,282,created,2025-03-09 18:05:12,"{""short_code"":""AgyBsl"",""original_url"":""https://seeded.app/navy/meadow/750""}"
751,751,46,created,2025-08-17 15:55:41,"{""short_code"":""YEE50Y"",""original_url"":""https://seeded.app/brisk/orbit/751""}"
752,752,3,created,2025-12-15 17:44:58,"{""short_code"":""s7jOLr"",""original_url"":""https://seeded.app/opal/island/752""}"
753,753,91,created,2026-01-12 14:26:06,"{""short_code"":""cuhOud"",""original_url"":""https://example.com/clear/anchor/753""}"
754,754,262,created,2025-10-16 07:16:38,"{""short_code"":""cuw1y0"",""original_url"":""https://relay.cloud/tidy/beacon/754""}"
755,755,377,created,2025-08-09 19:26:21,"{""short_code"":""8MRqCl"",""original_url"":""https://seeded.app/young/zenith/755""}"
756,756,208,created,2025-08-23 15:00:05,"{""short_code"":""IMAk2g"",""original_url"":""https://opswise.net/quiet/engine/756""}"
757,757,293,created,2025-08-30 18:18:15,"{""short_code"":""x3V3jh"",""original_url"":""https://seeded.app/brisk/field/757""}"
758,758,363,created,2025-12-01 05:41:12,"{""short_code"":""pzOyBO"",""original_url"":""https://example.com/rapid/anchor/758""}"
759,759,292,created,2026-01-18 06:23:22,"{""short_code"":""hRphds"",""original_url"":""https://acme.dev/amber/river/759""}"
760,760,64,created,2025-08-24 12:55:07,"{""short_code"":""4EvRlO"",""original_url"":""https://opswise.net/quiet/field/760""}"
761,761,359,created,2025-12-29 10:43:10,"{""short_code"":""06GTEu"",""original_url"":""https://hackstack.io/amber/kernel/761""}"
762,762,376,created,2025-08-14 19:10:03,"{""short_code"":""nCOlqj"",""original_url"":""https://relay.cloud/proud/island/762""}"
763,763,132,created,2025-06-13 02:19:10,"{""short_code"":""nhbS7a"",""original_url"":""https://example.com/opal/trail/763""}"
764,764,397,created,2025-03-29 13:37:23,"{""short_code"":""MGtdxI"",""original_url"":""https://acme.dev/urban/network/764""}"
765,765,116,created,2025-12-25 23:02:41,"{""short_code"":""xbhDgS"",""original_url"":""https://example.com/dawn/kernel/765""}"
766,766,43,created,2025-11-21 20:18:22,"{""short_code"":""EtQOjp"",""original_url"":""https://seeded.app/ember/journey/766""}"
767,767,317,created,2025-12-03 14:54:26,"{""short_code"":""PQgxQJ"",""original_url"":""https://relay.cloud/ember/canyon/767""}"
768,768,75,created,2025-04-22 01:04:18,"{""short_code"":""KejU15"",""original_url"":""https://opswise.net/silver/harvest/768""}"
769,769,210,created,2025-05-11 07:55:06,"{""short_code"":""dB2SPg"",""original_url"":""https://example.com/opal/lagoon/769""}"
770,770,326,created,2025-02-06 19:01:28,"{""short_code"":""sotGE6"",""original_url"":""https://hackstack.io/opal/canyon/770""}"
771,771,278,created,2025-11-18 02:38:46,"{""short_code"":""RAGFYU"",""original_url"":""https://opswise.net/clear/journey/771""}"
772,772,395,created,2025-03-07 01:09:51,"{""short_code"":""GKMll7"",""original_url"":""https://relay.cloud/mellow/island/772""}"
773,773,114,created,2025-08-13 17:14:43,"{""short_code"":""tKRxIA"",""original_url"":""https://hackstack.io/warm/garden/773""}"
774,774,205,created,2026-02-04 20:52:51,"{""short_code"":""8UMuRK"",""original_url"":""https://hackstack.io/vivid/zenith/774""}"
775,775,45,created,2025-12-05 05:50:12,"{""short_code"":""Fb7FAd"",""original_url"":""https://example.com/harbor/window/775""}"
776,776,315,created,2025-04-05 22:40:20,"{""short_code"":""79GFVB"",""original_url"":""https://relay.cloud/jade/beacon/776""}"
777,777,93,created,2025-11-26 10:01:40,"{""short_code"":""JkpM0u"",""original_url"":""https://example.com/ivory/quartz/777""}"
778,778,399,created,2025-07-15 02:30:07,"{""short_code"":""IZB5OS"",""original_url"":""https://acme.dev/ember/kernel/778""}"
779,779,132,created,2025-07-05 11:03:43,"{""short_code"":""Z0JNeh"",""original_url"":""https://acme.dev/vivid/network/779""}"
780,780,260,created,2025-03-24 19:24:10,"{""short_code"":""RlqcXq"",""original_url"":""https://hackstack.io/silver/garden/780""}"
781,781,228,created,2025-03-01 21:46:54,"{""short_code"":""Uh17lA"",""original_url"":""https://seeded.app/ivory/valley/781""}"
782,782,213,created,2025-10-29 23:30:49,"{""short_code"":""mWBF3l"",""original_url"":""https://acme.dev/keen/lagoon/782""}"
783,783,180,created,2025-11-02 13:11:28,"{""short_code"":""ua2P6l"",""original_url"":""https://opswise.net/harbor/signal/783""}"
784,784,335,created,2025-06-22 11:34:49,"{""short_code"":""YKLcIl"",""original_url"":""https://seeded.app/warm/engine/784""}"
785,785,240,created,2025-08-11 12:37:15,"{""short_code"":""tLBzHg"",""original_url"":""https://relay.cloud/silver/field/785""}"
786,786,374,created,2025-11-27 21:17:31,"{""short_code"":""IXAIWO"",""original_url"":""https://relay.cloud/mellow/signal/786""}"
787,787,379,created,2025-01-18 13:42:06,"{""short_code"":""zjltP3"",""original_url"":""https://hackstack.io/keen/lagoon/787""}"
788,788,167,created,2025-10-29 15:18:52,"{""short_code"":""01wjK4"",""original_url"":""https://opswise.net/jade/uplink/788""}"
789,789,82,created,2025-11-12 12:51:57,"{""short_code"":""vO281R"",""original_url"":""https://seeded.app/young/delta/789""}"
790,790,10,created,2025-09-21 19:12:12,"{""short_code"":""EZ2xus"",""original_url"":""https://example.com/opal/yard/790""}"
791,791,317,created,2025-02-23 08:56:02,"{""short_code"":""LJ6wUZ"",""original_url"":""https://opswise.net/amber/zenith/791""}"
792,792,315,created,2025-01-05 05:07:43,"{""short_code"":""9wEBqf"",""original_url"":""https://relay.cloud/silver/lagoon/792""}"
793,793,375,created,2026-01-10 14:55:29,"{""short_code"":""ahjATf"",""original_url"":""https://relay.cloud/rapid/yard/793""}"
794,794,55,created,2026-01-09 22:00:27,"{""short_code"":""Tqpb7O"",""original_url"":""https://relay.cloud/proud/quartz/794""}"
795,795,125,created,2025-03-29 11:10:21,"{""short_code"":""gnjE9M"",""original_url"":""https://hackstack.io/brisk/journey/795""}"
796,796,203,created,2025-12-23 01:59:43,"{""short_code"":""FMBSoW"",""original_url"":""https://acme.dev/urban/river/796""}"
797,797,144,created,2026-01-17 04:40:21,"{""short_code"":""0jRAz8"",""original_url"":""https://relay.cloud/warm/field/797""}"
798,798,246,created,2025-05-10 13:25:26,"{""short_code"":""qBbBiN"",""original_url"":""https://example.com/warm/delta/798""}"
799,799,393,created,2025-03-08 14:45:16,"{""short_code"":""tLKq5i"",""original_url"":""https://example.com/calm/lagoon/799""}"
800,800,45,created,2025-11-14 03:55:53,"{""short_code"":""81LPaa"",""original_url"":""https://acme.dev/young/engine/800""}"
801,801,95,created,2025-09-03 19:30:37,"{""short_code"":""9WJlxv"",""original_url"":""https://seeded.app/lively/trail/801""}"
802,802,314,created,2025-07-15 06:42:53,"{""short_code"":""I2Ag5U"",""original_url"":""https://seeded.app/brisk/canyon/802""}"
803,803,107,created,2025-06-07 01:05:55,"{""short_code"":""s94Tb7"",""original_url"":""https://relay.cloud/urban/valley/803""}"
804,804,113,created,2025-03-15 22:02:15,"{""short_code"":""LNz2td"",""original_url"":""https://acme.dev/dawn/yard/804""}"
805,805,191,created,2025-11-14 00:24:51,"{""short_code"":""Do26s4"",""original_url"":""https://acme.dev/brisk/anchor/805""}"
806,806,301,created,2026-01-30 00:39:48,"{""short_code"":""q2BXsN"",""original_url"":""https://example.com/urban/journey/806""}"
807,807,185,created,2025-09-07 21:33:00,"{""short_code"":""2qAmS4"",""original_url"":""https://relay.cloud/jade/engine/807""}"
808,808,206,created,2025-06-11 11:36:59,"{""short_code"":""k5AQrO"",""original_url"":""https://relay.cloud/clear/meadow/808""}"
809,809,230,created,2025-12-04 02:48:35,"{""short_code"":""ka73Ze"",""original_url"":""https://seeded.app/rapid/delta/809""}"
810,810,298,created,2026-01-30 00:17:41,"{""short_code"":""B8QSLD"",""original_url"":""https://relay.cloud/rapid/canyon/810""}"
811,811,89,created,2025-05-17 14:26:57,"{""short_code"":""Ru4AMW"",""original_url"":""https://acme.dev/gold/pioneer/811""}"
812,812,323,created,2025-10-02 19:13:01,"{""short_code"":""5LoHSj"",""original_url"":""https://example.com/keen/trail/812""}"
813,813,233,created,2025-08-02 00:39:28,"{""short_code"":""1uJvb1"",""original_url"":""https://example.com/navy/window/813""}"
814,814,170,created,2026-01-19 14:22:12,"{""short_code"":""Yw1GGy"",""original_url"":""https://seeded.app/calm/network/814""}"
815,815,50,created,2025-03-17 04:40:18,"{""short_code"":""fxHmfu"",""original_url"":""https://seeded.app/dawn/journey/815""}"
816,816,281,created,2025-12-28 07:30:47,"{""short_code"":""nnaprZ"",""original_url"":""https://hackstack.io/vivid/beacon/816""}"
817,817,91,created,2026-02-18 02:09:48,"{""short_code"":""oPPZh9"",""original_url"":""https://seeded.app/forest/anchor/817""}"
818,818,183,created,2025-07-16 14:27:10,"{""short_code"":""EvLUF7"",""original_url"":""https://seeded.app/lively/orbit/818""}"
819,819,17,created,2026-01-21 19:30:14,"{""short_code"":""yZYvkA"",""original_url"":""https://example.com/urban/orbit/819""}"
820,820,91,created,2026-01-04 14:33:31,"{""short_code"":""LL2hMG"",""original_url"":""https://example.com/dawn/canyon/820""}"
821,821,64,created,2025-10-07 01:53:17,"{""short_code"":""jLnMOU"",""original_url"":""https://acme.dev/mellow/quartz/821""}"
822,822,127,created,2025-09-11 15:26:41,"{""short_code"":""gyZCsP"",""original_url"":""https://hackstack.io/ivory/anchor/822""}"
823,823,303,created,2025-01-17 04:50:18,"{""short_code"":""zYJ53J"",""original_url"":""https://example.com/opal/pioneer/823""}"
824,824,224,created,2025-10-28 21:19:27,"{""short_code"":""p8KfRq"",""original_url"":""https://example.com/quiet/anchor/824""}"
825,825,332,created,2026-01-06 20:43:24,"{""short_code"":""VQuzcE"",""original_url"":""https://example.com/vivid/delta/825""}"
826,826,206,created,2025-02-04 08:01:25,"{""short_code"":""KaD6Ls"",""original_url"":""https://hackstack.io/calm/valley/826""}"
827,827,334,created,2025-06-06 17:05:50,"{""short_code"":""Mc4rmX"",""original_url"":""https://opswise.net/amber/river/827""}"
828,828,201,created,2025-11-09 10:35:40,"{""short_code"":""3xFytn"",""original_url"":""https://hackstack.io/urban/engine/828""}"
829,829,112,created,2025-06-24 17:56:29,"{""short_code"":""Y6lXRp"",""original_url"":""https://acme.dev/clear/pioneer/829""}"
830,830,135,created,2025-08-04 20:26:33,"{""short_code"":""ZTEZSw"",""original_url"":""https://hackstack.io/tidy/uplink/830""}"
831,831,224,created,2025-11-01 00:53:38,"{""short_code"":""iEdnGZ"",""original_url"":""https://relay.cloud/gold/delta/831""}"
832,832,223,created,2025-01-23 18:27:39,"{""short_code"":""kbyz9S"",""original_url"":""https://opswise.net/cobalt/lagoon/832""}"
833,833,137,created,2025-09-08 22:29:11,"{""short_code"":""DLtgJG"",""original_url"":""https://opswise.net/brisk/anchor/833""}"
834,834,200,created,2025-09-12 05:49:32,"{""short_code"":""StOsxg"",""original_url"":""https://relay.cloud/rapid/zenith/834""}"
835,835,79,created,2026-01-05 01:34:49,"{""short_code"":""fdfMHA"",""original_url"":""https://relay.cloud/ember/garden/835""}"
836,836,385,created,2025-10-17 03:31:43,"{""short_code"":""94z0Iu"",""original_url"":""https://acme.dev/forest/trail/836""}"
837,837,250,created,2025-02-18 13:16:23,"{""short_code"":""m5TQPl"",""original_url"":""https://example.com/gold/signal/837""}"
838,838,104,created,2026-02-04 12:38:28,"{""short_code"":""ShMqUH"",""original_url"":""https://relay.cloud/clear/valley/838""}"
839,839,371,created,2025-06-14 20:09:59,"{""short_code"":""FmjtTG"",""original_url"":""https://acme.dev/forest/lagoon/839""}"
840,840,114,created,2025-08-18 11:27:20,"{""short_code"":""aS1D2K"",""original_url"":""https://opswise.net/mellow/lagoon/840""}"
841,841,275,created,2025-12-01 08:01:46,"{""short_code"":""k4mN6g"",""original_url"":""https://example.com/cobalt/harvest/841""}"
842,842,38,created,2025-08-11 13:01:34,"{""short_code"":""VVO9Tx"",""original_url"":""https://acme.dev/harbor/field/842""}"
843,843,125,created,2025-05-11 21:29:19,"{""short_code"":""Gh6IfN"",""original_url"":""https://relay.cloud/navy/pioneer/843""}"
844,844,201,created,2025-02-04 07:07:20,"{""short_code"":""WB1W6o"",""original_url"":""https://acme.dev/rapid/canyon/844""}"
845,845,137,created,2025-03-28 21:33:36,"{""short_code"":""YTt7Xa"",""original_url"":""https://example.com/calm/island/845""}"
846,846,41,created,2026-02-07 17:42:09,"{""short_code"":""IeRP9V"",""original_url"":""https://relay.cloud/tidy/meadow/846""}"
847,847,382,created,2025-04-13 15:04:03,"{""short_code"":""kUeYrz"",""original_url"":""https://acme.dev/warm/valley/847""}"
848,848,375,created,2025-06-21 01:05:34,"{""short_code"":""8KjOc9"",""original_url"":""https://acme.dev/warm/lagoon/848""}"
849,849,191,created,2025-02-12 02:50:05,"{""short_code"":""NHt2tW"",""original_url"":""https://relay.cloud/silver/canyon/849""}"
850,850,95,created,2025-09-28 01:23:11,"{""short_code"":""ebYgwh"",""original_url"":""https://seeded.app/cobalt/signal/850""}"
851,851,247,created,2025-08-31 22:05:17,"{""short_code"":""FhvNou"",""original_url"":""https://acme.dev/warm/field/851""}"
852,852,374,created,2025-10-04 23:19:00,"{""short_code"":""ciJsl8"",""original_url"":""https://seeded.app/quiet/journey/852""}"
853,853,176,created,2025-12-08 17:51:32,"{""short_code"":""tveonH"",""original_url"":""https://acme.dev/warm/uplink/853""}"
854,854,78,created,2025-10-26 03:43:59,"{""short_code"":""Kpwk0Z"",""original_url"":""https://seeded.app/cobalt/garden/854""}"
855,855,17,created,2025-11-25 19:09:57,"{""short_code"":""ctlrlY"",""original_url"":""https://opswise.net/forest/trail/855""}"
856,856,377,created,2025-08-28 21:46:20,"{""short_code"":""JBAbGv"",""original_url"":""https://acme.dev/forest/network/856""}"
857,857,373,created,2025-11-22 09:13:02,"{""short_code"":""AyXiUt"",""original_url"":""https://acme.dev/amber/trail/857""}"
858,858,390,created,2025-04-15 18:37:35,"{""short_code"":""OAsvDY"",""original_url"":""https://acme.dev/dawn/network/858""}"
859,859,349,created,2025-07-20 21:59:58,"{""short_code"":""UOlX44"",""original_url"":""https://relay.cloud/harbor/canyon/859""}"
860,860,268,created,2025-08-07 04:46:44,"{""short_code"":""UZVawY"",""original_url"":""https://hackstack.io/navy/trail/860""}"
861,861,297,created,2025-01-18 15:04:28,"{""short_code"":""n3sVA1"",""original_url"":""https://example.com/clear/canyon/861""}"
862,862,201,created,2025-06-06 10:39:46,"{""short_code"":""BIZSd5"",""original_url"":""https://hackstack.io/silver/signal/862""}"
863,863,39,created,2025-06-01 18:50:29,"{""short_code"":""aJdmji"",""original_url"":""https://acme.dev/lively/journey/863""}"
864,864,250,created,2026-01-23 18:03:25,"{""short_code"":""cohknh"",""original_url"":""https://hackstack.io/tidy/harvest/864""}"
865,865,370,created,2025-10-09 09:08:20,"{""short_code"":""YH2X7K"",""original_url"":""https://relay.cloud/ember/canyon/865""}"
866,866,267,created,2025-09-01 01:07:42,"{""short_code"":""mziF3g"",""original_url"":""https://relay.cloud/vivid/yard/866""}"
867,867,142,created,2025-10-15 17:02:15,"{""short_code"":""L2JUXl"",""original_url"":""https://opswise.net/cobalt/delta/867""}"
868,868,279,created,2025-09-06 18:37:38,"{""short_code"":""DBkU7Q"",""original_url"":""https://seeded.app/mellow/river/868""}"
869,869,235,created,2025-12-15 08:42:24,"{""short_code"":""PucJuY"",""original_url"":""https://example.com/opal/journey/869""}"
870,870,119,created,2025-02-03 03:33:52,"{""short_code"":""osri05"",""original_url"":""https://example.com/navy/field/870""}"
871,871,177,created,2025-05-01 07:19:41,"{""short_code"":""02KWEK"",""original_url"":""https://example.com/tidy/canyon/871""}"
872,872,356,created,2026-01-24 20:26:31,"{""short_code"":""UjUVpK"",""original_url"":""https://seeded.app/opal/anchor/872""}"
873,873,21,created,2025-07-31 09:38:46,"{""short_code"":""FXAyEv"",""original_url"":""https://relay.cloud/harbor/orbit/873""}"
874,874,174,created,2025-03-30 11:17:36,"{""short_code"":""93EJJF"",""original_url"":""https://relay.cloud/ember/harvest/874""}"
875,875,357,created,2025-11-22 20:50:21,"{""short_code"":""ZItrXx"",""original_url"":""https://example.com/jade/anchor/875""}"
876,876,89,created,2025-08-06 20:32:20,"{""short_code"":""Chm0nA"",""original_url"":""https://opswise.net/dawn/signal/876""}"
877,877,380,created,2025-02-16 12:23:25,"{""short_code"":""EKJ3kQ"",""original_url"":""https://hackstack.io/ember/field/877""}"
878,878,254,created,2025-06-22 16:45:45,"{""short_code"":""B7m3TK"",""original_url"":""https://opswise.net/navy/canyon/878""}"
879,879,279,created,2025-05-02 09:16:23,"{""short_code"":""Ivjhgo"",""original_url"":""https://opswise.net/opal/meadow/879""}"
880,880,254,created,2025-08-06 02:29:04,"{""short_code"":""rzPLGh"",""original_url"":""https://hackstack.io/keen/quartz/880""}"
881,881,345,created,2025-03-21 00:43:40,"{""short_code"":""tf8uSJ"",""original_url"":""https://acme.dev/keen/harvest/881""}"
882,882,16,created,2026-02-05 08:20:02,"{""short_code"":""Oc5kL6"",""original_url"":""https://relay.cloud/dawn/quartz/882""}"
883,883,157,created,2025-02-03 08:16:29,"{""short_code"":""2K67Sj"",""original_url"":""https://relay.cloud/vivid/delta/883""}"
884,884,181,created,2025-04-04 06:44:48,"{""short_code"":""i8lDpu"",""original_url"":""https://example.com/amber/beacon/884""}"
885,885,133,created,2025-03-26 04:36:11,"{""short_code"":""ztcQvG"",""original_url"":""https://acme.dev/urban/beacon/885""}"
886,886,391,created,2025-01-25 19:36:44,"{""short_code"":""grpdUe"",""original_url"":""https://acme.dev/lively/journey/886""}"
887,887,264,created,2026-01-07 22:08:45,"{""short_code"":""xcIYdD"",""original_url"":""https://hackstack.io/warm/window/887""}"
888,888,399,created,2025-12-31 06:26:56,"{""short_code"":""oMUWwx"",""original_url"":""https://seeded.app/ivory/network/888""}"
889,889,339,created,2025-05-21 15:36:15,"{""short_code"":""v3XVf5"",""original_url"":""https://acme.dev/cobalt/river/889""}"
890,890,266,created,2025-07-21 04:11:52,"{""short_code"":""a84oWr"",""original_url"":""https://hackstack.io/harbor/beacon/890""}"
891,891,338,created,2025-11-18 11:36:00,"{""short_code"":""oTxNkR"",""original_url"":""https://example.com/ivory/engine/891""}"
892,892,42,created,2025-07-05 18:08:55,"{""short_code"":""kNfLrP"",""original_url"":""https://seeded.app/mellow/kernel/892""}"
893,893,281,created,2025-01-15 18:43:04,"{""short_code"":""DWryv2"",""original_url"":""https://opswise.net/tidy/island/893""}"
894,894,215,created,2025-06-23 18:32:32,"{""short_code"":""dQxtOx"",""original_url"":""https://relay.cloud/amber/valley/894""}"
895,895,65,created,2025-09-18 15:53:30,"{""short_code"":""QwHNMf"",""original_url"":""https://hackstack.io/warm/journey/895""}"
896,896,239,created,2025-03-28 04:05:10,"{""short_code"":""Ynv2OW"",""original_url"":""https://relay.cloud/clear/beacon/896""}"
897,897,355,created,2025-10-03 12:32:34,"{""short_code"":""ou22tu"",""original_url"":""https://example.com/forest/journey/897""}"
898,898,353,created,2025-05-20 15:12:21,"{""short_code"":""ZPgJxZ"",""original_url"":""https://seeded.app/brisk/orbit/898""}"
899,899,99,created,2025-10-01 20:03:18,"{""short_code"":""s5Cfsn"",""original_url"":""https://example.com/gold/garden/899""}"
900,900,48,created,2025-08-17 18:41:06,"{""short_code"":""N9c3Ks"",""original_url"":""https://relay.cloud/opal/journey/900""}"
901,901,112,created,2025-03-28 10:14:12,"{""short_code"":""lCKWKx"",""original_url"":""https://acme.dev/keen/zenith/901""}"
902,902,200,created,2025-01-06 17:17:19,"{""short_code"":""NhVit0"",""original_url"":""https://relay.cloud/gold/valley/902""}"
903,903,303,created,2025-03-25 09:18:35,"{""short_code"":""s7PPtT"",""original_url"":""https://acme.dev/calm/window/903""}"
904,904,326,created,2025-12-29 16:46:13,"{""short_code"":""lNE5cK"",""original_url"":""https://hackstack.io/opal/delta/904""}"
905,905,79,created,2025-12-14 00:15:48,"{""short_code"":""HvKhLc"",""original_url"":""https://seeded.app/gold/trail/905""}"
906,906,72,created,2025-04-15 16:17:56,"{""short_code"":""3ASdD7"",""original_url"":""https://example.com/warm/uplink/906""}"
907,907,12,created,2025-01-31 13:36:31,"{""short_code"":""ruvcyQ"",""original_url"":""https://acme.dev/lively/uplink/907""}"
908,908,311,created,2026-01-16 13:16:18,"{""short_code"":""yL1lCE"",""original_url"":""https://acme.dev/warm/engine/908""}"
909,909,334,created,2026-01-14 11:27:32,"{""short_code"":""Mj2oOX"",""original_url"":""https://opswise.net/tidy/delta/909""}"
910,910,391,created,2025-05-20 23:28:23,"{""short_code"":""4X6nUf"",""original_url"":""https://opswise.net/clear/beacon/910""}"
911,911,203,created,2025-12-27 06:42:14,"{""short_code"":""zOUleS"",""original_url"":""https://hackstack.io/dawn/river/911""}"
912,912,137,created,2025-07-12 16:52:47,"{""short_code"":""8FMsEi"",""original_url"":""https://acme.dev/proud/quartz/912""}"
913,913,105,created,2025-08-15 10:16:41,"{""short_code"":""dfhHAO"",""original_url"":""https://opswise.net/amber/yard/913""}"
914,914,19,created,2025-10-29 15:32:54,"{""short_code"":""XF73ft"",""original_url"":""https://hackstack.io/tidy/anchor/914""}"
915,915,319,created,2025-10-06 16:42:03,"{""short_code"":""BLStSQ"",""original_url"":""https://acme.dev/jade/kernel/915""}"
916,916,266,created,2025-11-26 13:35:56,"{""short_code"":""6FPvhI"",""original_url"":""https://hackstack.io/young/engine/916""}"
917,917,32,created,2025-02-11 19:58:20,"{""short_code"":""sCrzTV"",""original_url"":""https://acme.dev/forest/kernel/917""}"
918,918,214,created,2025-08-14 00:39:30,"{""short_code"":""Fm467P"",""original_url"":""https://opswise.net/opal/quartz/918""}"
919,919,294,created,2025-02-13 16:46:12,"{""short_code"":""rYvDZ1"",""original_url"":""https://relay.cloud/proud/trail/919""}"
920,920,135,created,2026-01-14 18:00:32,"{""short_code"":""tXeONn"",""original_url"":""https://hackstack.io/lively/quartz/920""}"
921,921,303,created,2025-11-04 00:23:57,"{""short_code"":""sMprK3"",""original_url"":""https://opswise.net/vivid/journey/921""}"
922,922,217,created,2025-08-26 23:59:20,"{""short_code"":""zz5C0s"",""original_url"":""https://opswise.net/tidy/orbit/922""}"
923,923,114,created,2025-07-26 12:04:56,"{""short_code"":""OJS25s"",""original_url"":""https://opswise.net/vivid/river/923""}"
924,924,288,created,2025-01-28 22:46:55,"{""short_code"":""KMavH5"",""original_url"":""https://opswise.net/dawn/delta/924""}"
925,925,203,created,2025-06-18 19:48:37,"{""short_code"":""RpAr2q"",""original_url"":""https://relay.cloud/urban/signal/925""}"
926,926,134,created,2025-02-22 21:22:51,"{""short_code"":""2EhDzs"",""original_url"":""https://relay.cloud/brisk/trail/926""}"
927,927,204,created,2025-06-07 23:52:43,"{""short_code"":""9q60Qn"",""original_url"":""https://seeded.app/mellow/signal/927""}"
928,928,272,created,2025-05-13 14:17:55,"{""short_code"":""38we5x"",""original_url"":""https://seeded.app/proud/signal/928""}"
929,929,3,created,2025-11-28 05:23:26,"{""short_code"":""MEqvfy"",""original_url"":""https://relay.cloud/brisk/meadow/929""}"
930,930,389,created,2025-08-10 02:37:08,"{""short_code"":""pA5u2V"",""original_url"":""https://example.com/forest/quartz/930""}"
931,931,103,created,2025-02-16 19:35:06,"{""short_code"":""Hrdpbu"",""original_url"":""https://seeded.app/clear/valley/931""}"
932,932,367,created,2025-09-23 19:50:27,"{""short_code"":""Vl7o76"",""original_url"":""https://hackstack.io/rapid/pioneer/932""}"
933,933,142,created,2025-03-20 07:40:34,"{""short_code"":""8LmTMp"",""original_url"":""https://acme.dev/rapid/quartz/933""}"
934,934,379,created,2025-06-10 17:00:12,"{""short_code"":""128dOM"",""original_url"":""https://opswise.net/silver/valley/934""}"
935,935,218,created,2025-07-25 10:52:16,"{""short_code"":""Dhfm4i"",""original_url"":""https://hackstack.io/opal/trail/935""}"
936,936,20,created,2025-08-18 11:38:04,"{""short_code"":""XEdALp"",""original_url"":""https://relay.cloud/ember/zenith/936""}"
937,937,333,created,2025-01-04 15:26:34,"{""short_code"":""Qqg8HT"",""original_url"":""https://example.com/gold/orbit/937""}"
938,938,328,created,2025-04-05 03:34:17,"{""short_code"":""lxX0fZ"",""original_url"":""https://relay.cloud/tidy/island/938""}"
939,939,73,created,2025-07-26 07:33:50,"{""short_code"":""D1Xk5c"",""original_url"":""https://hackstack.io/ember/delta/939""}"
940,940,54,created,2026-01-20 21:33:27,"{""short_code"":""urWPAx"",""original_url"":""https://relay.cloud/tidy/uplink/940""}"
941,941,20,created,2025-03-27 09:05:50,"{""short_code"":""d7eyMQ"",""original_url"":""https://relay.cloud/dawn/lagoon/941""}"
942,942,188,created,2026-02-07 21:51:00,"{""short_code"":""pAwiNj"",""original_url"":""https://example.com/forest/orbit/942""}"
943,943,153,created,2025-09-05 21:03:02,"{""short_code"":""WGw81D"",""original_url"":""https://example.com/ember/kernel/943""}"
944,944,181,created,2025-05-08 10:38:17,"{""short_code"":""HcpWJo"",""original_url"":""https://relay.cloud/jade/trail/944""}"
945,945,230,created,2025-02-24 09:18:44,"{""short_code"":""r2B33X"",""original_url"":""https://seeded.app/lively/delta/945""}"
946,946,127,created,2025-07-27 20:51:45,"{""short_code"":""OvOIZm"",""original_url"":""https://acme.dev/cobalt/canyon/946""}"
947,947,260,created,2025-02-24 04:50:58,"{""short_code"":""VghqpI"",""original_url"":""https://acme.dev/navy/lagoon/947""}"
948,948,247,created,2025-01-18 23:07:55,"{""short_code"":""vdLmI2"",""original_url"":""https://relay.cloud/navy/kernel/948""}"
949,949,83,created,2025-04-15 08:35:08,"{""short_code"":""DLAbv0"",""original_url"":""https://seeded.app/amber/lagoon/949""}"
950,950,49,created,2025-10-30 13:35:37,"{""short_code"":""j3b1As"",""original_url"":""https://opswise.net/young/network/950""}"
951,951,102,created,2025-07-19 01:56:40,"{""short_code"":""HTVqsp"",""original_url"":""https://opswise.net/harbor/beacon/951""}"
952,952,318,created,2025-06-18 22:47:29,"{""short_code"":""tdYjE8"",""original_url"":""https://example.com/clear/delta/952""}"
953,953,356,created,2025-08-04 00:05:27,"{""short_code"":""oFiXEL"",""original_url"":""https://acme.dev/warm/delta/953""}"
954,954,206,created,2025-07-19 01:01:39,"{""short_code"":""3BwqPU"",""original_url"":""https://seeded.app/forest/anchor/954""}"
955,955,251,created,2025-06-24 06:07:42,"{""short_code"":""0xhjpe"",""original_url"":""https://opswise.net/young/anchor/955""}"
956,956,325,created,2025-09-02 12:50:37,"{""short_code"":""nOyuPv"",""original_url"":""https://example.com/forest/canyon/956""}"
957,957,296,created,2025-12-30 05:20:33,"{""short_code"":""mvQnZ0"",""original_url"":""https://hackstack.io/harbor/window/957""}"
958,958,177,created,2025-09-17 21:19:10,"{""short_code"":""GnIHTh"",""original_url"":""https://opswise.net/young/valley/958""}"
959,959,2,created,2025-12-01 05:24:21,"{""short_code"":""vTCRMX"",""original_url"":""https://seeded.app/jade/lagoon/959""}"
960,960,340,created,2025-05-31 01:21:12,"{""short_code"":""yHRMZI"",""original_url"":""https://acme.dev/calm/signal/960""}"
961,961,325,created,2025-04-09 10:17:31,"{""short_code"":""PtX7dx"",""original_url"":""https://seeded.app/forest/zenith/961""}"
962,962,221,created,2026-02-02 10:51:32,"{""short_code"":""sOCJq4"",""original_url"":""https://example.com/dawn/island/962""}"
963,963,31,created,2025-07-06 06:49:40,"{""short_code"":""Mbu8Dp"",""original_url"":""https://opswise.net/ember/network/963""}"
964,964,105,created,2025-01-07 15:36:28,"{""short_code"":""GJqMOy"",""original_url"":""https://hackstack.io/harbor/kernel/964""}"
965,965,150,created,2025-12-18 15:39:17,"{""short_code"":""NBUxsd"",""original_url"":""https://hackstack.io/urban/beacon/965""}"
966,966,60,created,2025-05-22 18:30:11,"{""short_code"":""5wVdR8"",""original_url"":""https://acme.dev/jade/meadow/966""}"
967,967,241,created,2025-06-04 21:37:55,"{""short_code"":""CywoFH"",""original_url"":""https://hackstack.io/forest/harvest/967""}"
968,968,149,created,2025-02-05 11:08:54,"{""short_code"":""1MfKc6"",""original_url"":""https://hackstack.io/clear/garden/968""}"
969,969,390,created,2025-05-20 21:32:50,"{""short_code"":""hJ1Lzl"",""original_url"":""https://seeded.app/ivory/harvest/969""}"
970,970,207,created,2025-10-20 05:00:19,"{""short_code"":""CYWrfw"",""original_url"":""https://seeded.app/dawn/network/970""}"
971,971,255,created,2026-02-10 00:00:09,"{""short_code"":""MY04i4"",""original_url"":""https://opswise.net/tidy/pioneer/971""}"
972,972,87,created,2025-08-08 15:11:59,"{""short_code"":""gZAnVk"",""original_url"":""https://hackstack.io/cobalt/kernel/972""}"
973,973,105,created,2025-01-10 19:40:41,"{""short_code"":""EA0hTk"",""original_url"":""https://acme.dev/cobalt/pioneer/973""}"
974,974,276,created,2025-03-10 19:34:36,"{""short_code"":""TyAWrF"",""original_url"":""https://opswise.net/dawn/uplink/974""}"
975,975,163,created,2025-03-16 18:22:28,"{""short_code"":""s3L5DP"",""original_url"":""https://example.com/quiet/island/975""}"
976,976,69,created,2025-01-23 15:14:22,"{""short_code"":""hvWQio"",""original_url"":""https://acme.dev/jade/valley/976""}"
977,977,222,created,2025-02-27 13:30:48,"{""short_code"":""XJqwKO"",""original_url"":""https://hackstack.io/warm/river/977""}"
978,978,174,created,2025-07-08 01:26:05,"{""short_code"":""oKbSch"",""original_url"":""https://hackstack.io/proud/canyon/978""}"
979,979,46,created,2025-03-03 18:33:45,"{""short_code"":""h6Zen1"",""original_url"":""https://hackstack.io/clear/signal/979""}"
980,980,147,created,2025-11-26 01:20:05,"{""short_code"":""xsxUkT"",""original_url"":""https://hackstack.io/vivid/kernel/980""}"
981,981,140,created,2025-03-18 09:57:57,"{""short_code"":""cqvn4E"",""original_url"":""https://hackstack.io/cobalt/window/981""}"
982,982,328,created,2025-04-26 10:30:52,"{""short_code"":""hHsBQ5"",""original_url"":""https://example.com/rapid/garden/982""}"
983,983,361,created,2025-10-24 08:59:38,"{""short_code"":""MRT8ua"",""original_url"":""https://seeded.app/quiet/delta/983""}"
984,984,18,created,2025-07-20 08:01:16,"{""short_code"":""YhTGl6"",""original_url"":""https://seeded.app/navy/uplink/984""}"
985,985,29,created,2025-09-12 19:33:09,"{""short_code"":""5wl1Ft"",""original_url"":""https://relay.cloud/calm/island/985""}"
986,986,369,created,2025-10-06 11:36:11,"{""short_code"":""kns4jU"",""original_url"":""https://relay.cloud/silver/signal/986""}"
987,987,57,created,2025-02-07 09:17:31,"{""short_code"":""G6BNiO"",""original_url"":""https://opswise.net/lively/field/987""}"
988,988,225,created,2025-12-11 04:25:03,"{""short_code"":""7KLcGa"",""original_url"":""https://hackstack.io/gold/garden/988""}"
989,989,199,created,2025-11-12 03:57:30,"{""short_code"":""uWPMIR"",""original_url"":""https://relay.cloud/brisk/island/989""}"
990,990,4,created,2025-04-10 16:38:22,"{""short_code"":""ajZvBG"",""original_url"":""https://relay.cloud/warm/signal/990""}"
991,991,138,created,2025-06-30 04:08:17,"{""short_code"":""76NYqR"",""original_url"":""https://seeded.app/clear/field/991""}"
992,992,103,created,2025-01-25 21:29:26,"{""short_code"":""6OnGgg"",""original_url"":""https://relay.cloud/keen/zenith/992""}"
993,993,303,created,2026-01-16 01:26:49,"{""short_code"":""o1Usoa"",""original_url"":""https://hackstack.io/harbor/lagoon/993""}"
994,994,381,created,2025-03-30 20:52:15,"{""short_code"":""DacZaj"",""original_url"":""https://acme.dev/young/orbit/994""}"
995,995,200,created,2025-07-12 12:57:41,"{""short_code"":""jegvPQ"",""original_url"":""https://hackstack.io/clear/pioneer/995""}"
996,996,287,created,2025-10-01 03:02:37,"{""short_code"":""rtqC86"",""original_url"":""https://opswise.net/navy/harvest/996""}"
997,997,140,created,2026-02-13 09:46:53,"{""short_code"":""SQa438"",""original_url"":""https://opswise.net/young/uplink/997""}"
998,998,358,created,2026-01-25 09:51:27,"{""short_code"":""7ta8RV"",""original_url"":""https://seeded.app/quiet/yard/998""}"
999,999,58,created,2026-02-13 02:48:13,"{""short_code"":""MWX9gb"",""original_url"":""https://seeded.app/proud/garden/999""}"
1000,1000,286,created,2025-08-24 17:53:35,"{""short_code"":""Vv1e2P"",""original_url"":""https://hackstack.io/urban/yard/1000""}"
1001,1001,154,created,2025-01-08 13:00:20,"{""short_code"":""6OBElK"",""original_url"":""https://acme.dev/silver/lagoon/1001""}"
1002,1002,24,created,2025-11-03 06:35:07,"{""short_code"":""tRSoIx"",""original_url"":""https://example.com/young/harvest/1002""}"
1003,1003,36,created,2025-11-01 08:26:26,"{""short_code"":""bAG1vz"",""original_url"":""https://acme.dev/gold/canyon/1003""}"
1004,1004,335,created,2025-12-15 04:46:25,"{""short_code"":""HTmrGw"",""original_url"":""https://acme.dev/calm/canyon/1004""}"
1005,1005,283,created,2025-10-07 21:08:13,"{""short_code"":""ZyBI1A"",""original_url"":""https://example.com/warm/orbit/1005""}"
1006,1006,135,created,2026-02-14 22:32:02,"{""short_code"":""YQq1QN"",""original_url"":""https://example.com/tidy/garden/1006""}"
1007,1007,260,created,2025-10-15 00:41:29,"{""short_code"":""iIRHKw"",""original_url"":""https://hackstack.io/rapid/beacon/1007""}"
1008,1008,344,created,2025-06-25 10:05:35,"{""short_code"":""kH0RRW"",""original_url"":""https://hackstack.io/quiet/lagoon/1008""}"
1009,1009,205,created,2025-04-05 03:08:34,"{""short_code"":""RXWtub"",""original_url"":""https://hackstack.io/tidy/pioneer/1009""}"
1010,1010,129,created,2026-01-14 12:31:41,"{""short_code"":""vXZyL5"",""original_url"":""https://seeded.app/navy/field/1010""}"
1011,1011,260,created,2025-06-30 17:06:48,"{""short_code"":""wvtIwR"",""original_url"":""https://hackstack.io/proud/field/1011""}"
1012,1012,187,created,2025-09-05 09:00:30,"{""short_code"":""fpgR3P"",""original_url"":""https://opswise.net/tidy/island/1012""}"
1013,1013,157,created,2025-03-15 15:13:06,"{""short_code"":""A4NpPe"",""original_url"":""https://example.com/quiet/trail/1013""}"
1014,1014,367,created,2026-02-20 19:39:06,"{""short_code"":""UlHdFB"",""original_url"":""https://seeded.app/young/canyon/1014""}"
1015,1015,28,created,2025-08-07 21:32:20,"{""short_code"":""qpaDcT"",""original_url"":""https://hackstack.io/ember/kernel/1015""}"
1016,1016,223,created,2025-07-23 06:35:26,"{""short_code"":""2Imi9T"",""original_url"":""https://opswise.net/navy/harvest/1016""}"
1017,1017,170,created,2025-02-06 20:07:43,"{""short_code"":""HkkNZf"",""original_url"":""https://relay.cloud/vivid/journey/1017""}"
1018,1018,194,created,2025-02-12 20:34:39,"{""short_code"":""CpsSxq"",""original_url"":""https://relay.cloud/rapid/pioneer/1018""}"
1019,1019,178,created,2025-02-16 12:17:52,"{""short_code"":""ttDIx4"",""original_url"":""https://hackstack.io/calm/journey/1019""}"
1020,1020,235,created,2026-01-22 19:48:58,"{""short_code"":""DGUbQx"",""original_url"":""https://hackstack.io/forest/orbit/1020""}"
1021,1021,319,created,2025-05-30 02:57:06,"{""short_code"":""3cAN71"",""original_url"":""https://relay.cloud/cobalt/field/1021""}"
1022,1022,191,created,2025-05-29 14:18:14,"{""short_code"":""hrJ77i"",""original_url"":""https://example.com/gold/orbit/1022""}"
1023,1023,201,created,2025-11-10 22:51:13,"{""short_code"":""6fSZ1z"",""original_url"":""https://relay.cloud/cobalt/beacon/1023""}"
1024,1024,98,created,2026-02-12 13:18:54,"{""short_code"":""DoaTQr"",""original_url"":""https://relay.cloud/clear/anchor/1024""}"
1025,1025,109,created,2025-03-04 19:04:26,"{""short_code"":""1sPbqD"",""original_url"":""https://relay.cloud/mellow/anchor/1025""}"
1026,1026,388,created,2025-06-07 07:45:51,"{""short_code"":""IwMgHc"",""original_url"":""https://acme.dev/jade/island/1026""}"
1027,1027,380,created,2025-04-06 16:15:16,"{""short_code"":""Z6Rsy2"",""original_url"":""https://hackstack.io/navy/delta/1027""}"
1028,1028,46,created,2025-03-16 17:25:40,"{""short_code"":""1ePtYb"",""original_url"":""https://hackstack.io/calm/meadow/1028""}"
1029,1029,329,created,2025-06-14 15:06:55,"{""short_code"":""niK9go"",""original_url"":""https://hackstack.io/gold/valley/1029""}"
1030,1030,23,created,2025-01-03 15:32:29,"{""short_code"":""0a66Ax"",""original_url"":""https://seeded.app/proud/meadow/1030""}"
1031,1031,112,created,2025-12-08 18:11:33,"{""short_code"":""brMsJc"",""original_url"":""https://opswise.net/ivory/quartz/1031""}"
1032,1032,363,created,2025-09-14 10:58:40,"{""short_code"":""WOswcb"",""original_url"":""https://opswise.net/quiet/island/1032""}"
1033,1033,61,created,2025-05-28 01:57:00,"{""short_code"":""nMAnAW"",""original_url"":""https://acme.dev/harbor/garden/1033""}"
1034,1034,356,created,2025-03-09 14:16:34,"{""short_code"":""IHIR2p"",""original_url"":""https://example.com/vivid/uplink/1034""}"
1035,1035,174,created,2025-09-06 19:45:09,"{""short_code"":""w28oXG"",""original_url"":""https://example.com/mellow/window/1035""}"
1036,1036,334,created,2025-05-24 02:12:01,"{""short_code"":""lLNeos"",""original_url"":""https://seeded.app/vivid/uplink/1036""}"
1037,1037,234,created,2025-12-05 06:53:00,"{""short_code"":""qt8fPJ"",""original_url"":""https://hackstack.io/ivory/canyon/1037""}"
1038,1038,235,created,2025-02-07 02:30:08,"{""short_code"":""iBAHsW"",""original_url"":""https://example.com/keen/field/1038""}"
1039,1039,331,created,2025-10-11 18:53:51,"{""short_code"":""sGqayN"",""original_url"":""https://example.com/keen/signal/1039""}"
1040,1040,112,created,2025-05-11 21:22:15,"{""short_code"":""tdW7jv"",""original_url"":""https://opswise.net/opal/zenith/1040""}"
1041,1041,99,created,2025-07-17 20:39:40,"{""short_code"":""ePNmHz"",""original_url"":""https://relay.cloud/calm/orbit/1041""}"
1042,1042,148,created,2025-07-22 00:25:10,"{""short_code"":""xcwqRC"",""original_url"":""https://acme.dev/young/quartz/1042""}"
1043,1043,396,created,2025-09-15 07:31:14,"{""short_code"":""BTlAAc"",""original_url"":""https://acme.dev/cobalt/window/1043""}"
1044,1044,302,created,2026-01-18 19:33:32,"{""short_code"":""33vfAX"",""original_url"":""https://seeded.app/silver/network/1044""}"
1045,1045,67,created,2025-09-02 04:05:47,"{""short_code"":""vhMOx1"",""original_url"":""https://example.com/jade/lagoon/1045""}"
1046,1046,79,created,2025-04-14 09:37:52,"{""short_code"":""yPmDF8"",""original_url"":""https://seeded.app/clear/journey/1046""}"
1047,1047,348,created,2025-12-22 03:41:20,"{""short_code"":""DkpXOr"",""original_url"":""https://hackstack.io/clear/pioneer/1047""}"
1048,1048,67,created,2025-09-07 22:27:47,"{""short_code"":""ZX9fdk"",""original_url"":""https://seeded.app/dawn/beacon/1048""}"
1049,1049,183,created,2025-03-31 16:53:21,"{""short_code"":""WEV1AO"",""original_url"":""https://opswise.net/silver/island/1049""}"
1050,1050,119,created,2025-12-14 18:28:10,"{""short_code"":""h594bY"",""original_url"":""https://relay.cloud/ivory/kernel/1050""}"
1051,1051,43,created,2025-12-07 15:16:20,"{""short_code"":""HhP7z3"",""original_url"":""https://relay.cloud/amber/island/1051""}"
1052,1052,123,created,2025-11-30 20:18:24,"{""short_code"":""dinpnt"",""original_url"":""https://example.com/young/signal/1052""}"
1053,1053,156,created,2025-06-07 04:26:00,"{""short_code"":""edTihP"",""original_url"":""https://seeded.app/tidy/meadow/1053""}"
1054,1054,230,created,2025-10-30 02:24:03,"{""short_code"":""ihnaKW"",""original_url"":""https://opswise.net/calm/yard/1054""}"
1055,1055,146,created,2025-06-12 03:43:31,"{""short_code"":""kvfmcm"",""original_url"":""https://hackstack.io/gold/zenith/1055""}"
1056,1056,156,created,2025-10-08 00:12:57,"{""short_code"":""3QV74N"",""original_url"":""https://example.com/ember/delta/1056""}"
1057,1057,102,created,2026-01-08 16:28:18,"{""short_code"":""wxbiXs"",""original_url"":""https://hackstack.io/vivid/quartz/1057""}"
1058,1058,315,created,2025-07-05 10:05:17,"{""short_code"":""NwOu2T"",""original_url"":""https://hackstack.io/cobalt/yard/1058""}"
1059,1059,354,created,2025-11-29 19:40:43,"{""short_code"":""hKdf5s"",""original_url"":""https://example.com/cobalt/river/1059""}"
1060,1060,395,created,2025-03-30 06:45:28,"{""short_code"":""qbAjHO"",""original_url"":""https://example.com/mellow/yard/1060""}"
1061,1061,304,created,2025-08-17 13:21:35,"{""short_code"":""JCCsB9"",""original_url"":""https://seeded.app/harbor/delta/1061""}"
1062,1062,134,created,2025-09-07 13:53:11,"{""short_code"":""3OTzy4"",""original_url"":""https://seeded.app/keen/uplink/1062""}"
1063,1063,147,created,2026-01-25 10:15:28,"{""short_code"":""v97eid"",""original_url"":""https://hackstack.io/jade/river/1063""}"
1064,1064,184,created,2025-12-22 04:46:48,"{""short_code"":""jf4Ixs"",""original_url"":""https://relay.cloud/warm/window/1064""}"
1065,1065,184,created,2025-12-08 13:15:34,"{""short_code"":""EDaJoc"",""original_url"":""https://relay.cloud/ivory/river/1065""}"
1066,1066,195,created,2025-05-10 01:56:18,"{""short_code"":""Z8v3Ie"",""original_url"":""https://relay.cloud/calm/harvest/1066""}"
1067,1067,163,created,2025-01-23 23:37:36,"{""short_code"":""GJ8TvI"",""original_url"":""https://seeded.app/tidy/garden/1067""}"
1068,1068,365,created,2025-07-06 09:56:03,"{""short_code"":""tVFWIX"",""original_url"":""https://opswise.net/harbor/lagoon/1068""}"
1069,1069,314,created,2025-09-01 10:39:41,"{""short_code"":""3yRkwc"",""original_url"":""https://opswise.net/tidy/valley/1069""}"
1070,1070,100,created,2025-10-08 02:44:57,"{""short_code"":""8I70oW"",""original_url"":""https://relay.cloud/silver/meadow/1070""}"
1071,1071,14,created,2025-02-07 14:00:43,"{""short_code"":""GWamyc"",""original_url"":""https://opswise.net/jade/signal/1071""}"
1072,1072,179,created,2025-08-08 16:31:06,"{""short_code"":""UpNOHh"",""original_url"":""https://relay.cloud/ivory/field/1072""}"
1073,1073,140,created,2025-09-20 02:09:41,"{""short_code"":""UrDvlE"",""original_url"":""https://hackstack.io/harbor/beacon/1073""}"
1074,1074,353,created,2025-12-27 19:24:26,"{""short_code"":""3gufT0"",""original_url"":""https://relay.cloud/lively/canyon/1074""}"
1075,1075,153,created,2025-05-18 06:12:28,"{""short_code"":""fEHyxD"",""original_url"":""https://example.com/tidy/delta/1075""}"
1076,1076,45,created,2025-03-29 15:52:12,"{""short_code"":""sunj34"",""original_url"":""https://example.com/amber/anchor/1076""}"
1077,1077,344,created,2025-05-30 23:31:10,"{""short_code"":""mLOtqi"",""original_url"":""https://relay.cloud/amber/journey/1077""}"
1078,1078,196,created,2025-12-29 00:41:35,"{""short_code"":""Ym5jxL"",""original_url"":""https://seeded.app/cobalt/beacon/1078""}"
1079,1079,394,created,2025-02-25 12:11:13,"{""short_code"":""mwDIiG"",""original_url"":""https://relay.cloud/gold/lagoon/1079""}"
1080,1080,84,created,2025-07-06 23:24:52,"{""short_code"":""nNmQel"",""original_url"":""https://hackstack.io/ivory/canyon/1080""}"
1081,1081,89,created,2025-10-13 02:22:27,"{""short_code"":""zKyfux"",""original_url"":""https://opswise.net/cobalt/lagoon/1081""}"
1082,1082,365,created,2025-09-09 15:23:46,"{""short_code"":""A4u9M5"",""original_url"":""https://acme.dev/cobalt/quartz/1082""}"
1083,1083,398,created,2025-06-28 05:04:37,"{""short_code"":""FdqaL5"",""original_url"":""https://hackstack.io/silver/window/1083""}"
1084,1084,74,created,2025-12-15 12:46:17,"{""short_code"":""POqbmU"",""original_url"":""https://example.com/calm/kernel/1084""}"
1085,1085,322,created,2026-01-10 00:10:16,"{""short_code"":""uBIjL0"",""original_url"":""https://opswise.net/ivory/trail/1085""}"
1086,1086,266,created,2025-11-28 04:09:36,"{""short_code"":""XEKDvf"",""original_url"":""https://hackstack.io/ember/pioneer/1086""}"
1087,1087,251,created,2026-02-10 08:42:48,"{""short_code"":""Yfnx9S"",""original_url"":""https://hackstack.io/mellow/window/1087""}"
1088,1088,151,created,2025-06-28 23:25:44,"{""short_code"":""wF3Iti"",""original_url"":""https://acme.dev/urban/beacon/1088""}"
1089,1089,201,created,2026-02-01 06:24:32,"{""short_code"":""lbTy64"",""original_url"":""https://seeded.app/lively/signal/1089""}"
1090,1090,135,created,2025-03-25 04:24:49,"{""short_code"":""97vioN"",""original_url"":""https://relay.cloud/ivory/network/1090""}"
1091,1091,391,created,2025-04-09 12:21:56,"{""short_code"":""K6M0F1"",""original_url"":""https://seeded.app/lively/island/1091""}"
1092,1092,332,created,2025-06-22 17:53:25,"{""short_code"":""TdVn7n"",""original_url"":""https://relay.cloud/amber/network/1092""}"
1093,1093,178,created,2025-11-04 04:03:36,"{""short_code"":""86mDy6"",""original_url"":""https://opswise.net/silver/river/1093""}"
1094,1094,323,created,2025-02-05 06:37:03,"{""short_code"":""VI6FnE"",""original_url"":""https://relay.cloud/gold/window/1094""}"
1095,1095,90,created,2026-01-10 22:47:08,"{""short_code"":""GCvBYE"",""original_url"":""https://example.com/vivid/beacon/1095""}"
1096,1096,285,created,2025-12-22 01:04:11,"{""short_code"":""u9rkEt"",""original_url"":""https://seeded.app/mellow/engine/1096""}"
1097,1097,40,created,2026-02-15 00:37:54,"{""short_code"":""QzzgqV"",""original_url"":""https://opswise.net/jade/valley/1097""}"
1098,1098,218,created,2025-02-14 09:16:47,"{""short_code"":""GwY7ij"",""original_url"":""https://seeded.app/calm/uplink/1098""}"
1099,1099,102,created,2025-07-26 16:26:12,"{""short_code"":""BAlMST"",""original_url"":""https://relay.cloud/warm/quartz/1099""}"
1100,1100,126,created,2025-04-29 16:35:31,"{""short_code"":""EIGTrC"",""original_url"":""https://hackstack.io/ivory/valley/1100""}"
1101,1101,289,created,2025-01-26 12:52:29,"{""short_code"":""NktXMm"",""original_url"":""https://hackstack.io/opal/signal/1101""}"
1102,1102,117,created,2025-05-26 09:43:06,"{""short_code"":""56SPc8"",""original_url"":""https://opswise.net/mellow/engine/1102""}"
1103,1103,174,created,2026-01-22 02:22:31,"{""short_code"":""E1GARO"",""original_url"":""https://opswise.net/rapid/island/1103""}"
1104,1104,66,created,2025-07-12 13:25:02,"{""short_code"":""eDNftt"",""original_url"":""https://seeded.app/proud/engine/1104""}"
1105,1105,245,created,2025-06-17 10:21:23,"{""short_code"":""nQfbPf"",""original_url"":""https://hackstack.io/urban/garden/1105""}"
1106,1106,176,created,2025-03-11 21:00:09,"{""short_code"":""lusBAW"",""original_url"":""https://example.com/keen/uplink/1106""}"
1107,1107,218,created,2025-07-22 03:39:43,"{""short_code"":""2M3mAJ"",""original_url"":""https://example.com/lively/trail/1107""}"
1108,1108,373,created,2025-02-13 04:20:27,"{""short_code"":""LzGagQ"",""original_url"":""https://acme.dev/gold/yard/1108""}"
1109,1109,293,created,2025-02-10 10:20:10,"{""short_code"":""th7XKm"",""original_url"":""https://relay.cloud/harbor/garden/1109""}"
1110,1110,133,created,2025-03-12 11:31:37,"{""short_code"":""kx3b7U"",""original_url"":""https://hackstack.io/clear/harvest/1110""}"
1111,1111,207,created,2025-02-24 10:36:54,"{""short_code"":""N7C7MF"",""original_url"":""https://seeded.app/amber/beacon/1111""}"
1112,1112,237,created,2025-10-01 08:48:51,"{""short_code"":""A6KbK3"",""original_url"":""https://acme.dev/cobalt/journey/1112""}"
1113,1113,78,created,2026-02-09 04:13:29,"{""short_code"":""06LTLF"",""original_url"":""https://seeded.app/forest/field/1113""}"
1114,1114,1,created,2025-12-06 01:45:33,"{""short_code"":""Mxvat4"",""original_url"":""https://opswise.net/clear/trail/1114""}"
1115,1115,213,created,2025-03-03 18:40:12,"{""short_code"":""3zDDq1"",""original_url"":""https://seeded.app/ember/zenith/1115""}"
1116,1116,182,created,2025-07-27 15:24:45,"{""short_code"":""iUFPov"",""original_url"":""https://acme.dev/silver/field/1116""}"
1117,1117,74,created,2025-12-19 12:46:32,"{""short_code"":""xw5UdI"",""original_url"":""https://example.com/brisk/orbit/1117""}"
1118,1118,165,created,2025-12-23 23:19:55,"{""short_code"":""bm39Um"",""original_url"":""https://opswise.net/cobalt/beacon/1118""}"
1119,1119,180,created,2025-04-16 08:07:24,"{""short_code"":""QkfejV"",""original_url"":""https://seeded.app/opal/quartz/1119""}"
1120,1120,135,created,2025-10-13 15:10:56,"{""short_code"":""8Z6AHM"",""original_url"":""https://relay.cloud/warm/window/1120""}"
1121,1121,319,created,2025-12-04 00:23:08,"{""short_code"":""Gk33wf"",""original_url"":""https://example.com/lively/lagoon/1121""}"
1122,1122,241,created,2025-09-29 23:33:11,"{""short_code"":""ap7vua"",""original_url"":""https://relay.cloud/dawn/valley/1122""}"
1123,1123,391,created,2025-05-18 14:30:12,"{""short_code"":""EaklEt"",""original_url"":""https://opswise.net/tidy/garden/1123""}"
1124,1124,379,created,2025-01-25 03:37:37,"{""short_code"":""CglAIt"",""original_url"":""https://acme.dev/mellow/signal/1124""}"
1125,1125,77,created,2026-01-19 13:45:20,"{""short_code"":""TAwjYI"",""original_url"":""https://opswise.net/vivid/signal/1125""}"
1126,1126,97,created,2025-06-17 01:04:57,"{""short_code"":""M270Pb"",""original_url"":""https://opswise.net/cobalt/harvest/1126""}"
1127,1127,245,created,2026-01-12 21:15:26,"{""short_code"":""Bko9ua"",""original_url"":""https://example.com/proud/engine/1127""}"
1128,1128,235,created,2026-02-18 17:55:57,"{""short_code"":""m0Zn3w"",""original_url"":""https://relay.cloud/keen/field/1128""}"
1129,1129,291,created,2025-02-26 00:26:19,"{""short_code"":""9qFSOC"",""original_url"":""https://seeded.app/ember/kernel/1129""}"
1130,1130,110,created,2025-09-25 03:05:47,"{""short_code"":""y5dSjd"",""original_url"":""https://relay.cloud/tidy/signal/1130""}"
1131,1131,161,created,2025-02-12 10:54:12,"{""short_code"":""1eKjks"",""original_url"":""https://example.com/ember/engine/1131""}"
1132,1132,156,created,2025-06-15 16:09:15,"{""short_code"":""L22Ohm"",""original_url"":""https://seeded.app/clear/quartz/1132""}"
1133,1133,134,created,2025-11-26 04:15:04,"{""short_code"":""f3DQgL"",""original_url"":""https://relay.cloud/ember/anchor/1133""}"
1134,1134,328,created,2025-09-11 02:22:42,"{""short_code"":""BHfM4a"",""original_url"":""https://acme.dev/navy/harvest/1134""}"
1135,1135,17,created,2025-07-31 22:22:36,"{""short_code"":""tJuIkN"",""original_url"":""https://seeded.app/proud/river/1135""}"
1136,1136,97,created,2026-01-14 02:50:56,"{""short_code"":""kpHHiV"",""original_url"":""https://seeded.app/warm/anchor/1136""}"
1137,1137,349,created,2025-07-15 22:59:07,"{""short_code"":""pwDYGU"",""original_url"":""https://example.com/dawn/island/1137""}"
1138,1138,208,created,2026-01-03 06:58:43,"{""short_code"":""FOL0cV"",""original_url"":""https://seeded.app/ivory/zenith/1138""}"
1139,1139,37,created,2025-03-30 07:41:00,"{""short_code"":""W499qD"",""original_url"":""https://hackstack.io/silver/signal/1139""}"
1140,1140,101,created,2025-01-04 14:05:53,"{""short_code"":""PWlNWS"",""original_url"":""https://example.com/lively/garden/1140""}"
1141,1141,81,created,2025-10-08 16:51:51,"{""short_code"":""6RVqQQ"",""original_url"":""https://relay.cloud/silver/window/1141""}"
1142,1142,320,created,2025-08-13 14:04:55,"{""short_code"":""Cb3EBH"",""original_url"":""https://relay.cloud/young/signal/1142""}"
1143,1143,158,created,2026-01-23 14:08:43,"{""short_code"":""5hidSD"",""original_url"":""https://example.com/brisk/uplink/1143""}"
1144,1144,220,created,2025-02-21 09:50:00,"{""short_code"":""bU6qLn"",""original_url"":""https://seeded.app/navy/harvest/1144""}"
1145,1145,336,created,2025-10-30 23:56:36,"{""short_code"":""A7xD38"",""original_url"":""https://seeded.app/mellow/beacon/1145""}"
1146,1146,312,created,2025-10-03 06:56:43,"{""short_code"":""sr0EFg"",""original_url"":""https://example.com/brisk/network/1146""}"
1147,1147,351,created,2025-10-27 15:12:16,"{""short_code"":""EEfcg6"",""original_url"":""https://acme.dev/calm/window/1147""}"
1148,1148,54,created,2025-03-28 20:08:55,"{""short_code"":""MTi34T"",""original_url"":""https://acme.dev/ember/pioneer/1148""}"
1149,1149,258,created,2025-04-07 02:14:50,"{""short_code"":""bvQEHC"",""original_url"":""https://seeded.app/keen/network/1149""}"
1150,1150,357,created,2025-08-29 22:49:47,"{""short_code"":""OU13tY"",""original_url"":""https://seeded.app/warm/river/1150""}"
1151,1151,180,created,2025-06-14 23:13:32,"{""short_code"":""EgArFg"",""original_url"":""https://example.com/young/garden/1151""}"
1152,1152,116,created,2025-10-30 16:45:50,"{""short_code"":""4Zf4Zf"",""original_url"":""https://opswise.net/calm/anchor/1152""}"
1153,1153,86,created,2025-05-27 14:39:26,"{""short_code"":""fNxX9g"",""original_url"":""https://hackstack.io/keen/field/1153""}"
1154,1154,188,created,2025-01-10 16:18:21,"{""short_code"":""ZmDOmU"",""original_url"":""https://seeded.app/mellow/harvest/1154""}"
1155,1155,229,created,2025-10-21 13:51:44,"{""short_code"":""ETpZTb"",""original_url"":""https://example.com/tidy/pioneer/1155""}"
1156,1156,115,created,2025-05-16 23:28:33,"{""short_code"":""l2vbnw"",""original_url"":""https://example.com/brisk/zenith/1156""}"
1157,1157,18,created,2025-12-23 14:22:53,"{""short_code"":""3mzCYW"",""original_url"":""https://example.com/quiet/quartz/1157""}"
1158,1158,323,created,2025-05-03 05:37:38,"{""short_code"":""u5qqeD"",""original_url"":""https://hackstack.io/young/harvest/1158""}"
1159,1159,192,created,2026-02-12 09:38:33,"{""short_code"":""DeeNfj"",""original_url"":""https://hackstack.io/young/harvest/1159""}"
1160,1160,273,created,2026-02-17 18:34:24,"{""short_code"":""PF5JQN"",""original_url"":""https://opswise.net/young/delta/1160""}"
1161,1161,286,created,2025-12-26 03:29:30,"{""short_code"":""IW2Qcs"",""original_url"":""https://opswise.net/calm/delta/1161""}"
1162,1162,172,created,2025-09-14 08:43:56,"{""short_code"":""n5Hm0l"",""original_url"":""https://relay.cloud/proud/beacon/1162""}"
1163,1163,279,created,2025-10-12 02:31:29,"{""short_code"":""2gjpGV"",""original_url"":""https://relay.cloud/navy/orbit/1163""}"
1164,1164,5,created,2025-05-02 01:30:11,"{""short_code"":""swv5Gr"",""original_url"":""https://example.com/brisk/river/1164""}"
1165,1165,319,created,2026-02-13 08:08:05,"{""short_code"":""CEp0DE"",""original_url"":""https://relay.cloud/ember/pioneer/1165""}"
1166,1166,150,created,2025-04-29 01:22:28,"{""short_code"":""1ikvGb"",""original_url"":""https://hackstack.io/brisk/trail/1166""}"
1167,1167,90,created,2025-07-19 07:44:01,"{""short_code"":""ojDZKb"",""original_url"":""https://relay.cloud/jade/meadow/1167""}"
1168,1168,303,created,2025-10-21 20:20:09,"{""short_code"":""a2WwWi"",""original_url"":""https://hackstack.io/clear/kernel/1168""}"
1169,1169,392,created,2025-12-26 22:43:34,"{""short_code"":""cuIloO"",""original_url"":""https://example.com/jade/quartz/1169""}"
1170,1170,285,created,2025-05-27 22:05:25,"{""short_code"":""bxyRlQ"",""original_url"":""https://hackstack.io/proud/valley/1170""}"
1171,1171,275,created,2025-05-10 00:23:37,"{""short_code"":""aWeIIO"",""original_url"":""https://acme.dev/warm/engine/1171""}"
1172,1172,96,created,2025-10-20 16:32:49,"{""short_code"":""DmrtQr"",""original_url"":""https://relay.cloud/mellow/orbit/1172""}"
1173,1173,25,created,2025-02-10 01:33:19,"{""short_code"":""5vxaiD"",""original_url"":""https://acme.dev/clear/quartz/1173""}"
1174,1174,60,created,2025-08-23 03:48:22,"{""short_code"":""I6Jokw"",""original_url"":""https://hackstack.io/navy/zenith/1174""}"
1175,1175,125,created,2025-05-21 07:53:59,"{""short_code"":""LJJt4y"",""original_url"":""https://seeded.app/warm/kernel/1175""}"
1176,1176,109,created,2025-03-20 18:06:17,"{""short_code"":""vtWezX"",""original_url"":""https://opswise.net/dawn/valley/1176""}"
1177,1177,245,created,2025-11-21 16:44:20,"{""short_code"":""LuQyhF"",""original_url"":""https://seeded.app/keen/island/1177""}"
1178,1178,305,created,2025-11-04 01:00:32,"{""short_code"":""05CvRK"",""original_url"":""https://opswise.net/mellow/network/1178""}"
1179,1179,126,created,2026-02-04 22:10:48,"{""short_code"":""N44Ifk"",""original_url"":""https://seeded.app/warm/kernel/1179""}"
1180,1180,361,created,2025-09-08 19:03:36,"{""short_code"":""OF5LtB"",""original_url"":""https://seeded.app/silver/trail/1180""}"
1181,1181,134,created,2025-12-16 02:28:03,"{""short_code"":""4TlXJf"",""original_url"":""https://acme.dev/forest/meadow/1181""}"
1182,1182,390,created,2026-01-22 21:58:20,"{""short_code"":""8uM4y7"",""original_url"":""https://opswise.net/forest/pioneer/1182""}"
1183,1183,165,created,2025-01-11 21:37:10,"{""short_code"":""ELAKdb"",""original_url"":""https://opswise.net/navy/journey/1183""}"
1184,1184,226,created,2025-06-23 09:03:22,"{""short_code"":""TYWHOL"",""original_url"":""https://seeded.app/jade/network/1184""}"
1185,1185,320,created,2025-01-01 08:52:11,"{""short_code"":""tDM2nG"",""original_url"":""https://relay.cloud/navy/garden/1185""}"
1186,1186,151,created,2025-08-30 05:09:57,"{""short_code"":""gtEXhY"",""original_url"":""https://hackstack.io/clear/river/1186""}"
1187,1187,388,created,2025-06-01 17:32:13,"{""short_code"":""MMCp2n"",""original_url"":""https://example.com/forest/orbit/1187""}"
1188,1188,357,created,2025-03-23 01:22:18,"{""short_code"":""k1B2oG"",""original_url"":""https://hackstack.io/opal/harvest/1188""}"
1189,1189,29,created,2025-08-19 20:19:29,"{""short_code"":""K8nYCG"",""original_url"":""https://seeded.app/proud/harvest/1189""}"
1190,1190,145,created,2025-12-26 01:53:44,"{""short_code"":""EUwO7G"",""original_url"":""https://relay.cloud/proud/uplink/1190""}"
1191,1191,134,created,2025-07-07 00:45:02,"{""short_code"":""vudoy9"",""original_url"":""https://relay.cloud/tidy/network/1191""}"
1192,1192,388,created,2025-06-20 05:02:50,"{""short_code"":""ctxcEE"",""original_url"":""https://seeded.app/amber/signal/1192""}"
1193,1193,39,created,2025-03-30 12:36:34,"{""short_code"":""hNnlxE"",""original_url"":""https://relay.cloud/warm/river/1193""}"
1194,1194,182,created,2025-11-17 04:07:43,"{""short_code"":""WtizFT"",""original_url"":""https://example.com/amber/window/1194""}"
1195,1195,234,created,2026-02-05 18:58:51,"{""short_code"":""wcrbDO"",""original_url"":""https://opswise.net/young/field/1195""}"
1196,1196,76,created,2025-10-23 02:52:20,"{""short_code"":""Mgapbt"",""original_url"":""https://relay.cloud/opal/journey/1196""}"
1197,1197,336,created,2025-09-24 14:27:21,"{""short_code"":""yIb9KZ"",""original_url"":""https://hackstack.io/vivid/anchor/1197""}"
1198,1198,36,created,2025-06-12 22:13:44,"{""short_code"":""JlkUQr"",""original_url"":""https://relay.cloud/dawn/beacon/1198""}"
1199,1199,72,created,2025-08-19 16:09:48,"{""short_code"":""OMB4VW"",""original_url"":""https://relay.cloud/ember/island/1199""}"
1200,1200,156,created,2025-05-25 19:39:54,"{""short_code"":""3bJfJx"",""original_url"":""https://opswise.net/gold/kernel/1200""}"
1201,1201,101,created,2025-10-10 17:09:57,"{""short_code"":""5cyICs"",""original_url"":""https://seeded.app/harbor/canyon/1201""}"
1202,1202,72,created,2025-09-21 17:36:52,"{""short_code"":""zbF0k7"",""original_url"":""https://seeded.app/ivory/island/1202""}"
1203,1203,13,created,2025-11-27 10:19:01,"{""short_code"":""gkj2gH"",""original_url"":""https://hackstack.io/forest/trail/1203""}"
1204,1204,334,created,2025-12-13 23:39:14,"{""short_code"":""mrWqJJ"",""original_url"":""https://seeded.app/rapid/delta/1204""}"
1205,1205,228,created,2025-02-10 22:56:41,"{""short_code"":""R8BK7x"",""original_url"":""https://seeded.app/proud/valley/1205""}"
1206,1206,137,created,2025-12-30 01:34:12,"{""short_code"":""UwmFQr"",""original_url"":""https://acme.dev/navy/beacon/1206""}"
1207,1207,220,created,2025-02-10 05:08:59,"{""short_code"":""amwTOt"",""original_url"":""https://seeded.app/cobalt/signal/1207""}"
1208,1208,133,created,2025-09-26 08:23:43,"{""short_code"":""kSLvZH"",""original_url"":""https://example.com/tidy/garden/1208""}"
1209,1209,230,created,2025-06-26 09:11:37,"{""short_code"":""tXAp6W"",""original_url"":""https://opswise.net/mellow/garden/1209""}"
1210,1210,274,created,2026-02-07 00:45:14,"{""short_code"":""0MCfV3"",""original_url"":""https://hackstack.io/amber/uplink/1210""}"
1211,1211,58,created,2025-04-30 10:56:36,"{""short_code"":""oABGua"",""original_url"":""https://hackstack.io/silver/pioneer/1211""}"
1212,1212,191,created,2025-07-14 14:05:04,"{""short_code"":""0sGvFj"",""original_url"":""https://seeded.app/rapid/network/1212""}"
1213,1213,113,created,2025-10-17 13:28:39,"{""short_code"":""Sm50hC"",""original_url"":""https://acme.dev/clear/uplink/1213""}"
1214,1214,331,created,2025-04-05 00:44:27,"{""short_code"":""W1t15O"",""original_url"":""https://example.com/gold/valley/1214""}"
1215,1215,217,created,2025-09-25 09:10:57,"{""short_code"":""QNJlQw"",""original_url"":""https://relay.cloud/brisk/beacon/1215""}"
1216,1216,130,created,2025-12-09 16:52:24,"{""short_code"":""spEjOB"",""original_url"":""https://relay.cloud/urban/delta/1216""}"
1217,1217,225,created,2026-01-16 21:42:44,"{""short_code"":""hPVZM0"",""original_url"":""https://example.com/harbor/zenith/1217""}"
1218,1218,379,created,2025-08-20 09:53:42,"{""short_code"":""o4bF3q"",""original_url"":""https://seeded.app/silver/network/1218""}"
1219,1219,136,created,2025-12-17 14:05:48,"{""short_code"":""6rkyB5"",""original_url"":""https://relay.cloud/lively/valley/1219""}"
1220,1220,242,created,2025-09-19 15:21:44,"{""short_code"":""Pymyuy"",""original_url"":""https://seeded.app/ivory/network/1220""}"
1221,1221,294,created,2025-09-30 21:15:14,"{""short_code"":""GNztBR"",""original_url"":""https://opswise.net/cobalt/pioneer/1221""}"
1222,1222,365,created,2025-03-17 04:20:21,"{""short_code"":""osbyPi"",""original_url"":""https://relay.cloud/ivory/anchor/1222""}"
1223,1223,353,created,2025-04-13 01:17:30,"{""short_code"":""UX8MOG"",""original_url"":""https://hackstack.io/clear/meadow/1223""}"
1224,1224,257,created,2025-05-22 23:40:59,"{""short_code"":""j0Oo79"",""original_url"":""https://relay.cloud/clear/island/1224""}"
1225,1225,243,created,2025-10-04 23:53:58,"{""short_code"":""Wy4p5L"",""original_url"":""https://opswise.net/cobalt/valley/1225""}"
1226,1226,136,created,2026-02-13 19:41:59,"{""short_code"":""4fXfZB"",""original_url"":""https://seeded.app/calm/yard/1226""}"
1227,1227,17,created,2025-02-18 05:34:39,"{""short_code"":""mH6gh4"",""original_url"":""https://example.com/warm/orbit/1227""}"
1228,1228,181,created,2025-11-15 19:09:15,"{""short_code"":""ZdRCAP"",""original_url"":""https://hackstack.io/dawn/pioneer/1228""}"
1229,1229,263,created,2025-01-05 15:14:48,"{""short_code"":""7kh9TI"",""original_url"":""https://hackstack.io/ivory/uplink/1229""}"
1230,1230,285,created,2025-10-27 18:15:35,"{""short_code"":""DTRtFT"",""original_url"":""https://relay.cloud/amber/delta/1230""}"
1231,1231,213,created,2025-01-07 18:19:58,"{""short_code"":""7e11HN"",""original_url"":""https://seeded.app/quiet/engine/1231""}"
1232,1232,367,created,2025-03-03 09:42:33,"{""short_code"":""3Mqdqo"",""original_url"":""https://relay.cloud/opal/orbit/1232""}"
1233,1233,222,created,2025-01-21 09:41:08,"{""short_code"":""XBcKLr"",""original_url"":""https://seeded.app/amber/river/1233""}"
1234,1234,306,created,2026-02-06 14:25:13,"{""short_code"":""xqW9j7"",""original_url"":""https://opswise.net/rapid/uplink/1234""}"
1235,1235,319,created,2025-09-19 15:10:54,"{""short_code"":""ImGbYv"",""original_url"":""https://seeded.app/jade/canyon/1235""}"
1236,1236,120,created,2025-08-13 19:12:27,"{""short_code"":""i51g3R"",""original_url"":""https://acme.dev/opal/pioneer/1236""}"
1237,1237,99,created,2025-08-22 11:14:32,"{""short_code"":""lx5lEi"",""original_url"":""https://opswise.net/mellow/lagoon/1237""}"
1238,1238,385,created,2025-05-29 19:36:15,"{""short_code"":""RvTS9m"",""original_url"":""https://example.com/amber/journey/1238""}"
1239,1239,11,created,2025-10-27 05:05:58,"{""short_code"":""ECfQF9"",""original_url"":""https://acme.dev/warm/island/1239""}"
1240,1240,262,created,2026-02-18 17:19:00,"{""short_code"":""FS9ksU"",""original_url"":""https://seeded.app/dawn/lagoon/1240""}"
1241,1241,312,created,2025-12-12 19:35:47,"{""short_code"":""DRuL02"",""original_url"":""https://hackstack.io/cobalt/field/1241""}"
1242,1242,248,created,2025-10-23 09:54:38,"{""short_code"":""4AFBOL"",""original_url"":""https://opswise.net/harbor/zenith/1242""}"
1243,1243,25,created,2025-07-25 02:58:32,"{""short_code"":""pUML1G"",""original_url"":""https://example.com/young/quartz/1243""}"
1244,1244,374,created,2025-05-28 17:05:32,"{""short_code"":""SYTvav"",""original_url"":""https://opswise.net/ivory/canyon/1244""}"
1245,1245,1,created,2025-05-26 12:59:48,"{""short_code"":""IJf34N"",""original_url"":""https://hackstack.io/keen/uplink/1245""}"
1246,1246,289,created,2025-02-10 13:23:32,"{""short_code"":""YLh5NX"",""original_url"":""https://relay.cloud/dawn/zenith/1246""}"
1247,1247,196,created,2025-09-14 12:52:35,"{""short_code"":""ERS8kr"",""original_url"":""https://relay.cloud/forest/yard/1247""}"
1248,1248,72,created,2025-09-05 15:03:56,"{""short_code"":""1tNEop"",""original_url"":""https://opswise.net/navy/zenith/1248""}"
1249,1249,97,created,2025-10-04 08:22:33,"{""short_code"":""WbTXq4"",""original_url"":""https://relay.cloud/warm/network/1249""}"
1250,1250,232,created,2025-04-19 08:29:15,"{""short_code"":""1q2d46"",""original_url"":""https://hackstack.io/navy/meadow/1250""}"
1251,1251,7,created,2025-02-16 00:27:30,"{""short_code"":""BVMFmK"",""original_url"":""https://relay.cloud/forest/beacon/1251""}"
1252,1252,2,created,2025-10-24 19:28:59,"{""short_code"":""xLM9hk"",""original_url"":""https://opswise.net/clear/journey/1252""}"
1253,1253,105,created,2025-08-26 04:00:41,"{""short_code"":""10fflv"",""original_url"":""https://seeded.app/rapid/kernel/1253""}"
1254,1254,7,created,2025-12-17 10:42:26,"{""short_code"":""7mMieL"",""original_url"":""https://acme.dev/amber/engine/1254""}"
1255,1255,314,created,2026-01-26 08:37:34,"{""short_code"":""TYFHFJ"",""original_url"":""https://opswise.net/brisk/signal/1255""}"
1256,1256,55,created,2025-07-24 06:12:17,"{""short_code"":""boWMc9"",""original_url"":""https://hackstack.io/vivid/beacon/1256""}"
1257,1257,364,created,2025-11-02 05:59:58,"{""short_code"":""7ghRdi"",""original_url"":""https://opswise.net/brisk/orbit/1257""}"
1258,1258,186,created,2025-06-20 07:34:55,"{""short_code"":""LN0ObM"",""original_url"":""https://relay.cloud/opal/garden/1258""}"
1259,1259,10,created,2025-10-14 21:39:30,"{""short_code"":""A8ekUz"",""original_url"":""https://seeded.app/young/network/1259""}"
1260,1260,302,created,2026-01-26 23:42:55,"{""short_code"":""yxVcDg"",""original_url"":""https://relay.cloud/ember/valley/1260""}"
1261,1261,258,created,2025-08-04 15:03:47,"{""short_code"":""7zYr6J"",""original_url"":""https://example.com/mellow/signal/1261""}"
1262,1262,151,created,2025-11-16 05:21:40,"{""short_code"":""OJI0CO"",""original_url"":""https://relay.cloud/amber/uplink/1262""}"
1263,1263,26,created,2025-01-25 08:53:01,"{""short_code"":""flrhHu"",""original_url"":""https://opswise.net/keen/zenith/1263""}"
1264,1264,366,created,2025-07-28 14:25:23,"{""short_code"":""NyE8S0"",""original_url"":""https://opswise.net/lively/meadow/1264""}"
1265,1265,94,created,2025-12-28 23:02:09,"{""short_code"":""86CbgG"",""original_url"":""https://seeded.app/jade/zenith/1265""}"
1266,1266,79,created,2025-01-06 18:29:35,"{""short_code"":""yESFXW"",""original_url"":""https://opswise.net/clear/zenith/1266""}"
1267,1267,8,created,2025-12-18 00:10:57,"{""short_code"":""lOnxSr"",""original_url"":""https://opswise.net/navy/field/1267""}"
1268,1268,354,created,2025-10-30 15:11:07,"{""short_code"":""wYF7Hk"",""original_url"":""https://acme.dev/rapid/kernel/1268""}"
1269,1269,323,created,2025-05-24 21:59:53,"{""short_code"":""9sFwBl"",""original_url"":""https://acme.dev/amber/river/1269""}"
1270,1270,285,created,2025-08-22 22:23:41,"{""short_code"":""JXNP4q"",""original_url"":""https://seeded.app/brisk/zenith/1270""}"
1271,1271,146,created,2025-05-02 10:26:35,"{""short_code"":""72IV9d"",""original_url"":""https://seeded.app/tidy/uplink/1271""}"
1272,1272,252,created,2025-12-01 00:37:56,"{""short_code"":""f6fIJR"",""original_url"":""https://acme.dev/urban/garden/1272""}"
1273,1273,233,created,2025-01-29 22:33:18,"{""short_code"":""DeuNV8"",""original_url"":""https://opswise.net/mellow/signal/1273""}"
1274,1274,207,created,2025-08-31 17:54:00,"{""short_code"":""8fQyFO"",""original_url"":""https://example.com/vivid/delta/1274""}"
1275,1275,44,created,2026-02-17 20:18:16,"{""short_code"":""1iA0Fv"",""original_url"":""https://acme.dev/harbor/valley/1275""}"
1276,1276,59,created,2025-08-31 03:06:03,"{""short_code"":""QscliT"",""original_url"":""https://seeded.app/cobalt/network/1276""}"
1277,1277,277,created,2025-03-13 11:59:52,"{""short_code"":""hE0aGW"",""original_url"":""https://example.com/keen/window/1277""}"
1278,1278,63,created,2025-01-13 04:42:41,"{""short_code"":""cEWh1j"",""original_url"":""https://relay.cloud/ember/anchor/1278""}"
1279,1279,394,created,2025-08-05 09:00:27,"{""short_code"":""NOnP9d"",""original_url"":""https://acme.dev/dawn/garden/1279""}"
1280,1280,300,created,2025-07-08 04:48:18,"{""short_code"":""XN5sQo"",""original_url"":""https://hackstack.io/gold/orbit/1280""}"
1281,1281,157,created,2025-12-31 06:30:34,"{""short_code"":""7uopw3"",""original_url"":""https://acme.dev/urban/network/1281""}"
1282,1282,267,created,2025-11-06 18:46:17,"{""short_code"":""5qKzMc"",""original_url"":""https://seeded.app/keen/river/1282""}"
1283,1283,384,created,2025-05-21 10:50:05,"{""short_code"":""bVnlG8"",""original_url"":""https://hackstack.io/forest/pioneer/1283""}"
1284,1284,277,created,2025-06-17 06:49:33,"{""short_code"":""dBwCeE"",""original_url"":""https://opswise.net/jade/island/1284""}"
1285,1285,88,created,2025-07-14 13:50:26,"{""short_code"":""5ZcmNj"",""original_url"":""https://hackstack.io/cobalt/network/1285""}"
1286,1286,241,created,2025-08-02 18:24:36,"{""short_code"":""X7zlMA"",""original_url"":""https://hackstack.io/cobalt/canyon/1286""}"
1287,1287,54,created,2025-05-15 07:31:07,"{""short_code"":""fKALJ6"",""original_url"":""https://example.com/cobalt/window/1287""}"
1288,1288,156,created,2025-12-18 12:07:43,"{""short_code"":""vf1Xa1"",""original_url"":""https://opswise.net/gold/canyon/1288""}"
1289,1289,356,created,2025-01-03 22:40:01,"{""short_code"":""Rwd5Il"",""original_url"":""https://seeded.app/calm/trail/1289""}"
1290,1290,124,created,2025-01-07 07:55:56,"{""short_code"":""NRCe2S"",""original_url"":""https://hackstack.io/ivory/harvest/1290""}"
1291,1291,237,created,2025-03-14 12:44:30,"{""short_code"":""1vowua"",""original_url"":""https://acme.dev/ember/delta/1291""}"
1292,1292,158,created,2025-01-04 16:56:59,"{""short_code"":""x9kVsy"",""original_url"":""https://opswise.net/ivory/window/1292""}"
1293,1293,232,created,2025-02-16 10:08:23,"{""short_code"":""hWkLxD"",""original_url"":""https://opswise.net/rapid/canyon/1293""}"
1294,1294,236,created,2025-08-18 04:18:36,"{""short_code"":""4RGnea"",""original_url"":""https://hackstack.io/proud/uplink/1294""}"
1295,1295,125,created,2025-05-04 09:45:11,"{""short_code"":""03KJ1g"",""original_url"":""https://opswise.net/rapid/lagoon/1295""}"
1296,1296,96,created,2025-05-18 12:33:39,"{""short_code"":""dPCJs1"",""original_url"":""https://example.com/brisk/zenith/1296""}"
1297,1297,219,created,2025-08-21 19:14:42,"{""short_code"":""VAz18R"",""original_url"":""https://example.com/opal/pioneer/1297""}"
1298,1298,229,created,2025-07-29 01:36:07,"{""short_code"":""OnfnGx"",""original_url"":""https://acme.dev/clear/lagoon/1298""}"
1299,1299,229,created,2025-06-18 06:31:47,"{""short_code"":""Y5ap54"",""original_url"":""https://hackstack.io/calm/kernel/1299""}"
1300,1300,333,created,2025-04-23 01:29:03,"{""short_code"":""Ak5SzG"",""original_url"":""https://example.com/tidy/yard/1300""}"
1301,1301,350,created,2025-12-16 08:02:47,"{""short_code"":""hbUlBJ"",""original_url"":""https://example.com/ivory/journey/1301""}"
1302,1302,222,created,2026-01-03 11:23:15,"{""short_code"":""fq8m0M"",""original_url"":""https://hackstack.io/rapid/zenith/1302""}"
1303,1303,355,created,2025-04-21 07:30:31,"{""short_code"":""UUIpaB"",""original_url"":""https://acme.dev/ember/orbit/1303""}"
1304,1304,159,created,2025-11-26 21:58:04,"{""short_code"":""e1AQ8P"",""original_url"":""https://hackstack.io/urban/yard/1304""}"
1305,1305,132,created,2025-11-28 00:47:04,"{""short_code"":""7ObaWW"",""original_url"":""https://hackstack.io/forest/lagoon/1305""}"
1306,1306,140,created,2025-11-02 23:43:52,"{""short_code"":""CL2xM9"",""original_url"":""https://relay.cloud/quiet/anchor/1306""}"
1307,1307,345,created,2026-01-21 12:38:54,"{""short_code"":""Dep6Qd"",""original_url"":""https://opswise.net/brisk/trail/1307""}"
1308,1308,49,created,2026-01-28 22:14:06,"{""short_code"":""3P4zsW"",""original_url"":""https://acme.dev/dawn/valley/1308""}"
1309,1309,261,created,2025-09-24 22:20:30,"{""short_code"":""VSb2LV"",""original_url"":""https://hackstack.io/forest/delta/1309""}"
1310,1310,184,created,2025-01-06 09:06:08,"{""short_code"":""fCVcST"",""original_url"":""https://example.com/mellow/trail/1310""}"
1311,1311,69,created,2025-11-09 21:36:45,"{""short_code"":""gZKc9m"",""original_url"":""https://example.com/opal/yard/1311""}"
1312,1312,157,created,2025-08-08 03:50:15,"{""short_code"":""73Bwiu"",""original_url"":""https://example.com/vivid/pioneer/1312""}"
1313,1313,323,created,2025-03-01 12:12:56,"{""short_code"":""aTgZTm"",""original_url"":""https://hackstack.io/brisk/island/1313""}"
1314,1314,154,created,2026-02-04 00:28:03,"{""short_code"":""bdN5gn"",""original_url"":""https://opswise.net/rapid/delta/1314""}"
1315,1315,297,created,2025-08-03 09:18:52,"{""short_code"":""vnT7YD"",""original_url"":""https://opswise.net/opal/uplink/1315""}"
1316,1316,205,created,2025-09-18 11:56:36,"{""short_code"":""35pqXk"",""original_url"":""https://seeded.app/gold/kernel/1316""}"
1317,1317,36,created,2025-07-02 07:48:08,"{""short_code"":""NSdqJJ"",""original_url"":""https://hackstack.io/forest/window/1317""}"
1318,1318,214,created,2025-05-16 15:31:18,"{""short_code"":""aLDvM0"",""original_url"":""https://example.com/cobalt/field/1318""}"
1319,1319,193,created,2025-02-01 00:20:30,"{""short_code"":""Mcvja0"",""original_url"":""https://seeded.app/cobalt/garden/1319""}"
1320,1320,250,created,2025-02-06 08:19:24,"{""short_code"":""jsCKFy"",""original_url"":""https://acme.dev/ember/kernel/1320""}"
1321,1321,148,created,2025-01-02 17:19:40,"{""short_code"":""00VKwj"",""original_url"":""https://hackstack.io/amber/valley/1321""}"
1322,1322,153,created,2025-01-01 23:13:16,"{""short_code"":""zWeNul"",""original_url"":""https://example.com/ember/anchor/1322""}"
1323,1323,369,created,2025-04-29 02:32:21,"{""short_code"":""dDyxIq"",""original_url"":""https://acme.dev/brisk/kernel/1323""}"
1324,1324,53,created,2025-12-16 07:41:23,"{""short_code"":""Svcuvc"",""original_url"":""https://example.com/lively/kernel/1324""}"
1325,1325,25,created,2025-04-15 21:00:32,"{""short_code"":""VLbMBI"",""original_url"":""https://example.com/keen/delta/1325""}"
1326,1326,330,created,2025-06-04 07:17:14,"{""short_code"":""BFJ0Wn"",""original_url"":""https://relay.cloud/mellow/harvest/1326""}"
1327,1327,198,created,2025-03-26 15:07:33,"{""short_code"":""P1U6Jl"",""original_url"":""https://seeded.app/harbor/pioneer/1327""}"
1328,1328,143,created,2025-04-19 05:03:25,"{""short_code"":""TlxJ2e"",""original_url"":""https://hackstack.io/quiet/meadow/1328""}"
1329,1329,194,created,2025-10-11 18:48:14,"{""short_code"":""6SnYMi"",""original_url"":""https://acme.dev/lively/signal/1329""}"
1330,1330,334,created,2025-05-15 02:15:57,"{""short_code"":""0end1K"",""original_url"":""https://relay.cloud/harbor/lagoon/1330""}"
1331,1331,291,created,2025-09-11 10:56:52,"{""short_code"":""PA7KNq"",""original_url"":""https://seeded.app/forest/harvest/1331""}"
1332,1332,304,created,2025-11-16 07:46:12,"{""short_code"":""AO4ziD"",""original_url"":""https://hackstack.io/dawn/harvest/1332""}"
1333,1333,57,created,2025-08-01 08:08:01,"{""short_code"":""hzYB68"",""original_url"":""https://opswise.net/navy/zenith/1333""}"
1334,1334,348,created,2025-09-03 03:48:16,"{""short_code"":""bVQUWu"",""original_url"":""https://acme.dev/forest/orbit/1334""}"
1335,1335,4,created,2026-01-04 03:13:12,"{""short_code"":""AfGSYX"",""original_url"":""https://relay.cloud/forest/beacon/1335""}"
1336,1336,64,created,2025-10-22 08:39:31,"{""short_code"":""fcd4dr"",""original_url"":""https://opswise.net/gold/beacon/1336""}"
1337,1337,312,created,2025-01-23 02:24:07,"{""short_code"":""46bsjK"",""original_url"":""https://relay.cloud/harbor/canyon/1337""}"
1338,1338,166,created,2026-01-01 22:08:38,"{""short_code"":""mJel99"",""original_url"":""https://example.com/clear/network/1338""}"
1339,1339,72,created,2025-09-09 02:53:23,"{""short_code"":""f32e6T"",""original_url"":""https://seeded.app/forest/anchor/1339""}"
1340,1340,231,created,2025-04-21 17:30:47,"{""short_code"":""bWgtXB"",""original_url"":""https://acme.dev/silver/garden/1340""}"
1341,1341,293,created,2025-01-08 06:46:08,"{""short_code"":""VNoJN8"",""original_url"":""https://relay.cloud/forest/anchor/1341""}"
1342,1342,374,created,2025-08-16 09:38:16,"{""short_code"":""QPHhYS"",""original_url"":""https://hackstack.io/lively/canyon/1342""}"
1343,1343,344,created,2026-01-20 16:02:11,"{""short_code"":""MJ0q8z"",""original_url"":""https://opswise.net/navy/uplink/1343""}"
1344,1344,129,created,2025-05-07 05:37:53,"{""short_code"":""iLw8GB"",""original_url"":""https://acme.dev/vivid/yard/1344""}"
1345,1345,332,created,2025-11-18 14:07:39,"{""short_code"":""czxAYl"",""original_url"":""https://relay.cloud/gold/network/1345""}"
1346,1346,311,created,2025-08-11 23:00:50,"{""short_code"":""T67uSj"",""original_url"":""https://seeded.app/opal/beacon/1346""}"
1347,1347,78,created,2025-02-26 18:20:54,"{""short_code"":""qS2pG2"",""original_url"":""https://example.com/mellow/island/1347""}"
1348,1348,378,created,2026-01-15 16:42:26,"{""short_code"":""l4X5AC"",""original_url"":""https://example.com/tidy/lagoon/1348""}"
1349,1349,89,created,2025-01-28 19:03:42,"{""short_code"":""9U9SsR"",""original_url"":""https://opswise.net/opal/journey/1349""}"
1350,1350,158,created,2025-07-13 12:00:27,"{""short_code"":""Eet7D3"",""original_url"":""https://acme.dev/vivid/river/1350""}"
1351,1351,250,created,2025-06-06 09:09:57,"{""short_code"":""Iubjkd"",""original_url"":""https://relay.cloud/forest/yard/1351""}"
1352,1352,253,created,2025-04-01 06:06:34,"{""short_code"":""y0dNHK"",""original_url"":""https://hackstack.io/gold/valley/1352""}"
1353,1353,363,created,2025-03-21 05:56:20,"{""short_code"":""zMr4Ax"",""original_url"":""https://opswise.net/jade/uplink/1353""}"
1354,1354,184,created,2025-02-13 11:49:28,"{""short_code"":""P9h69s"",""original_url"":""https://relay.cloud/calm/zenith/1354""}"
1355,1355,208,created,2025-06-25 05:48:00,"{""short_code"":""Z7V3XZ"",""original_url"":""https://relay.cloud/opal/quartz/1355""}"
1356,1356,102,created,2025-07-01 02:58:38,"{""short_code"":""OyoCaT"",""original_url"":""https://seeded.app/rapid/canyon/1356""}"
1357,1357,304,created,2025-05-07 10:31:39,"{""short_code"":""kYJeP2"",""original_url"":""https://hackstack.io/vivid/yard/1357""}"
1358,1358,217,created,2025-09-01 06:41:06,"{""short_code"":""5Apjqo"",""original_url"":""https://opswise.net/gold/river/1358""}"
1359,1359,17,created,2026-01-06 00:13:11,"{""short_code"":""E2LaSg"",""original_url"":""https://relay.cloud/vivid/pioneer/1359""}"
1360,1360,289,created,2025-04-15 09:15:38,"{""short_code"":""q32HCv"",""original_url"":""https://acme.dev/rapid/trail/1360""}"
1361,1361,225,created,2025-07-22 11:27:02,"{""short_code"":""LQerjk"",""original_url"":""https://opswise.net/proud/trail/1361""}"
1362,1362,186,created,2025-03-23 18:31:54,"{""short_code"":""s0qKXZ"",""original_url"":""https://acme.dev/vivid/river/1362""}"
1363,1363,347,created,2025-02-17 14:08:21,"{""short_code"":""EbXIu1"",""original_url"":""https://opswise.net/navy/island/1363""}"
1364,1364,84,created,2025-02-08 23:17:31,"{""short_code"":""ogmDcY"",""original_url"":""https://opswise.net/jade/field/1364""}"
1365,1365,272,created,2025-05-14 23:30:25,"{""short_code"":""H6KnNq"",""original_url"":""https://seeded.app/vivid/island/1365""}"
1366,1366,262,created,2025-08-20 15:38:03,"{""short_code"":""PQRRA2"",""original_url"":""https://hackstack.io/rapid/meadow/1366""}"
1367,1367,242,created,2025-06-06 04:49:17,"{""short_code"":""NAXDyS"",""original_url"":""https://opswise.net/clear/kernel/1367""}"
1368,1368,33,created,2025-11-16 15:09:19,"{""short_code"":""MfXTsV"",""original_url"":""https://relay.cloud/amber/field/1368""}"
1369,1369,51,created,2025-12-19 18:14:57,"{""short_code"":""R9UZUx"",""original_url"":""https://relay.cloud/harbor/kernel/1369""}"
1370,1370,325,created,2025-09-02 13:24:02,"{""short_code"":""Wg6mwV"",""original_url"":""https://relay.cloud/keen/canyon/1370""}"
1371,1371,200,created,2026-01-07 10:12:34,"{""short_code"":""rjeT3x"",""original_url"":""https://relay.cloud/quiet/meadow/1371""}"
1372,1372,289,created,2025-10-04 03:38:34,"{""short_code"":""S9SN2t"",""original_url"":""https://hackstack.io/calm/field/1372""}"
1373,1373,103,created,2026-01-17 18:31:14,"{""short_code"":""t5vhNQ"",""original_url"":""https://seeded.app/cobalt/garden/1373""}"
1374,1374,174,created,2025-05-29 13:43:34,"{""short_code"":""cCGrxQ"",""original_url"":""https://example.com/silver/harvest/1374""}"
1375,1375,126,created,2025-05-06 22:41:30,"{""short_code"":""jy43v9"",""original_url"":""https://relay.cloud/vivid/kernel/1375""}"
1376,1376,228,created,2025-04-05 08:07:35,"{""short_code"":""lDzwqr"",""original_url"":""https://seeded.app/rapid/anchor/1376""}"
1377,1377,85,created,2025-05-15 10:18:59,"{""short_code"":""qg3QUx"",""original_url"":""https://opswise.net/clear/lagoon/1377""}"
1378,1378,394,created,2026-01-17 05:49:22,"{""short_code"":""kneGt1"",""original_url"":""https://acme.dev/keen/yard/1378""}"
1379,1379,73,created,2025-12-13 20:35:24,"{""short_code"":""i0AvMU"",""original_url"":""https://seeded.app/jade/lagoon/1379""}"
1380,1380,364,created,2025-08-11 10:25:50,"{""short_code"":""jAMPZR"",""original_url"":""https://hackstack.io/gold/island/1380""}"
1381,1381,277,created,2025-09-22 12:56:40,"{""short_code"":""DN3d2o"",""original_url"":""https://relay.cloud/amber/lagoon/1381""}"
1382,1382,23,created,2025-12-18 16:53:26,"{""short_code"":""kjfll6"",""original_url"":""https://hackstack.io/dawn/beacon/1382""}"
1383,1383,124,created,2025-10-11 11:45:38,"{""short_code"":""roE5iE"",""original_url"":""https://opswise.net/keen/beacon/1383""}"
1384,1384,61,created,2025-06-09 23:02:01,"{""short_code"":""0uQJXJ"",""original_url"":""https://seeded.app/calm/window/1384""}"
1385,1385,269,created,2025-12-12 09:11:02,"{""short_code"":""vrGPzf"",""original_url"":""https://example.com/quiet/uplink/1385""}"
1386,1386,104,created,2025-01-11 10:45:56,"{""short_code"":""kRydis"",""original_url"":""https://opswise.net/jade/window/1386""}"
1387,1387,239,created,2025-10-24 16:20:52,"{""short_code"":""7avXC1"",""original_url"":""https://seeded.app/silver/network/1387""}"
1388,1388,371,created,2025-09-22 14:59:37,"{""short_code"":""buv1JE"",""original_url"":""https://seeded.app/harbor/harvest/1388""}"
1389,1389,155,created,2025-03-03 23:10:21,"{""short_code"":""qaXVCg"",""original_url"":""https://relay.cloud/keen/engine/1389""}"
1390,1390,217,created,2025-12-29 09:43:12,"{""short_code"":""3Kb2d0"",""original_url"":""https://seeded.app/cobalt/beacon/1390""}"
1391,1391,253,created,2025-12-11 20:14:18,"{""short_code"":""iq2Z6x"",""original_url"":""https://hackstack.io/ivory/yard/1391""}"
1392,1392,351,created,2025-11-28 03:50:10,"{""short_code"":""U8Z5SZ"",""original_url"":""https://relay.cloud/ember/trail/1392""}"
1393,1393,51,created,2025-01-10 02:49:06,"{""short_code"":""GzhKh9"",""original_url"":""https://example.com/keen/network/1393""}"
1394,1394,62,created,2025-01-05 22:12:35,"{""short_code"":""yGVynb"",""original_url"":""https://relay.cloud/navy/beacon/1394""}"
1395,1395,144,created,2025-06-06 19:51:24,"{""short_code"":""nb2lk1"",""original_url"":""https://hackstack.io/brisk/valley/1395""}"
1396,1396,111,created,2025-06-05 10:14:30,"{""short_code"":""3hFFLJ"",""original_url"":""https://hackstack.io/cobalt/quartz/1396""}"
1397,1397,110,created,2025-08-21 00:43:27,"{""short_code"":""TdN8ny"",""original_url"":""https://example.com/keen/engine/1397""}"
1398,1398,69,created,2025-09-15 04:43:55,"{""short_code"":""dQ0pbS"",""original_url"":""https://relay.cloud/opal/field/1398""}"
1399,1399,367,created,2025-07-30 10:39:17,"{""short_code"":""6YjIci"",""original_url"":""https://relay.cloud/rapid/kernel/1399""}"
1400,1400,216,created,2025-08-13 18:10:17,"{""short_code"":""0TIKCa"",""original_url"":""https://acme.dev/urban/kernel/1400""}"
1401,1401,316,created,2025-02-06 15:58:11,"{""short_code"":""qmt6sw"",""original_url"":""https://example.com/harbor/quartz/1401""}"
1402,1402,350,created,2025-02-15 23:09:27,"{""short_code"":""uDlyyJ"",""original_url"":""https://hackstack.io/clear/network/1402""}"
1403,1403,89,created,2025-01-03 14:37:37,"{""short_code"":""Rly21Q"",""original_url"":""https://acme.dev/rapid/engine/1403""}"
1404,1404,247,created,2025-12-27 03:05:43,"{""short_code"":""hdHmnT"",""original_url"":""https://seeded.app/gold/field/1404""}"
1405,1405,322,created,2025-12-07 00:14:01,"{""short_code"":""T6JF2k"",""original_url"":""https://seeded.app/keen/valley/1405""}"
1406,1406,97,created,2025-11-17 08:43:44,"{""short_code"":""tRmSxD"",""original_url"":""https://hackstack.io/lively/network/1406""}"
1407,1407,31,created,2025-05-01 14:19:59,"{""short_code"":""V16tNh"",""original_url"":""https://example.com/ivory/kernel/1407""}"
1408,1408,20,created,2025-11-25 08:39:53,"{""short_code"":""1ciJ2L"",""original_url"":""https://seeded.app/gold/canyon/1408""}"
1409,1409,213,created,2025-05-23 02:38:30,"{""short_code"":""NG7IEr"",""original_url"":""https://hackstack.io/ember/engine/1409""}"
1410,1410,388,created,2025-08-28 22:54:15,"{""short_code"":""y0hUUR"",""original_url"":""https://hackstack.io/tidy/lagoon/1410""}"
1411,1411,245,created,2025-01-01 10:04:12,"{""short_code"":""OWV5JS"",""original_url"":""https://acme.dev/forest/meadow/1411""}"
1412,1412,150,created,2025-08-17 15:46:59,"{""short_code"":""NMPlIF"",""original_url"":""https://opswise.net/warm/zenith/1412""}"
1413,1413,113,created,2026-01-13 05:03:07,"{""short_code"":""fahXbY"",""original_url"":""https://seeded.app/ember/orbit/1413""}"
1414,1414,347,created,2025-12-25 00:10:34,"{""short_code"":""7Ws70q"",""original_url"":""https://relay.cloud/vivid/signal/1414""}"
1415,1415,340,created,2025-04-05 16:33:23,"{""short_code"":""GD3ufs"",""original_url"":""https://hackstack.io/navy/signal/1415""}"
1416,1416,305,created,2025-06-05 06:14:30,"{""short_code"":""ZaLRLY"",""original_url"":""https://seeded.app/tidy/river/1416""}"
1417,1417,166,created,2025-04-12 15:27:12,"{""short_code"":""vmzN2a"",""original_url"":""https://hackstack.io/ember/meadow/1417""}"
1418,1418,283,created,2025-04-30 18:09:29,"{""short_code"":""0Bvbkm"",""original_url"":""https://relay.cloud/jade/yard/1418""}"
1419,1419,362,created,2026-02-20 20:24:26,"{""short_code"":""yqiwLZ"",""original_url"":""https://acme.dev/navy/valley/1419""}"
1420,1420,20,created,2025-03-20 10:08:25,"{""short_code"":""X9fN18"",""original_url"":""https://opswise.net/jade/meadow/1420""}"
1421,1421,199,created,2025-12-17 05:50:46,"{""short_code"":""CqpBCs"",""original_url"":""https://opswise.net/forest/trail/1421""}"
1422,1422,186,created,2026-01-24 01:25:02,"{""short_code"":""Vnj7FA"",""original_url"":""https://acme.dev/quiet/engine/1422""}"
1423,1423,95,created,2025-10-15 20:09:03,"{""short_code"":""FogaNt"",""original_url"":""https://seeded.app/dawn/field/1423""}"
1424,1424,44,created,2025-01-25 07:57:19,"{""short_code"":""NvcXRj"",""original_url"":""https://acme.dev/keen/meadow/1424""}"
1425,1425,160,created,2025-12-23 02:18:07,"{""short_code"":""1J4rrd"",""original_url"":""https://acme.dev/mellow/kernel/1425""}"
1426,1426,389,created,2025-05-08 07:39:32,"{""short_code"":""0yxIKu"",""original_url"":""https://seeded.app/quiet/valley/1426""}"
1427,1427,252,created,2025-03-18 13:53:27,"{""short_code"":""jCFvtm"",""original_url"":""https://opswise.net/mellow/canyon/1427""}"
1428,1428,396,created,2025-11-28 21:58:54,"{""short_code"":""IKvOWo"",""original_url"":""https://example.com/jade/garden/1428""}"
1429,1429,85,created,2025-08-16 03:30:04,"{""short_code"":""hAudQg"",""original_url"":""https://example.com/lively/delta/1429""}"
1430,1430,194,created,2025-02-15 23:17:47,"{""short_code"":""5fqcEp"",""original_url"":""https://opswise.net/brisk/engine/1430""}"
1431,1431,207,created,2025-08-22 11:48:52,"{""short_code"":""ZegH0t"",""original_url"":""https://opswise.net/brisk/quartz/1431""}"
1432,1432,114,created,2025-05-03 07:55:23,"{""short_code"":""uVmffN"",""original_url"":""https://acme.dev/mellow/river/1432""}"
1433,1433,41,created,2025-10-19 18:01:35,"{""short_code"":""Sj2PIz"",""original_url"":""https://opswise.net/keen/lagoon/1433""}"
1434,1434,18,created,2025-11-13 02:15:10,"{""short_code"":""8mWjBw"",""original_url"":""https://example.com/dawn/island/1434""}"
1435,1435,178,created,2025-09-13 20:21:28,"{""short_code"":""pTaWUD"",""original_url"":""https://relay.cloud/dawn/trail/1435""}"
1436,1436,251,created,2025-08-05 19:33:45,"{""short_code"":""1naXtS"",""original_url"":""https://opswise.net/ivory/kernel/1436""}"
1437,1437,21,created,2025-06-03 13:25:57,"{""short_code"":""7UWvqQ"",""original_url"":""https://seeded.app/cobalt/signal/1437""}"
1438,1438,18,created,2025-04-15 11:20:18,"{""short_code"":""0AjtyH"",""original_url"":""https://seeded.app/ember/journey/1438""}"
1439,1439,293,created,2025-10-23 13:32:23,"{""short_code"":""z9jxhV"",""original_url"":""https://opswise.net/calm/canyon/1439""}"
1440,1440,222,created,2025-03-24 17:58:37,"{""short_code"":""X6sABn"",""original_url"":""https://opswise.net/amber/island/1440""}"
1441,1441,130,created,2026-02-17 16:52:00,"{""short_code"":""kuYcIy"",""original_url"":""https://seeded.app/young/engine/1441""}"
1442,1442,247,created,2025-01-09 14:13:23,"{""short_code"":""5gpNDz"",""original_url"":""https://example.com/brisk/kernel/1442""}"
1443,1443,252,created,2025-04-24 16:41:41,"{""short_code"":""aSf5hA"",""original_url"":""https://opswise.net/lively/yard/1443""}"
1444,1444,17,created,2025-04-15 22:31:32,"{""short_code"":""RBKiUT"",""original_url"":""https://example.com/amber/anchor/1444""}"
1445,1445,52,created,2025-08-18 20:43:47,"{""short_code"":""KWfmDf"",""original_url"":""https://example.com/proud/beacon/1445""}"
1446,1446,334,created,2025-11-26 07:42:24,"{""short_code"":""a3DeeP"",""original_url"":""https://hackstack.io/keen/signal/1446""}"
1447,1447,209,created,2025-04-13 12:14:54,"{""short_code"":""8d1DXM"",""original_url"":""https://seeded.app/cobalt/orbit/1447""}"
1448,1448,305,created,2025-03-16 19:43:13,"{""short_code"":""AxtaFZ"",""original_url"":""https://example.com/vivid/window/1448""}"
1449,1449,124,created,2025-08-08 18:18:38,"{""short_code"":""HbKuDB"",""original_url"":""https://hackstack.io/ember/signal/1449""}"
1450,1450,123,created,2026-01-21 15:46:47,"{""short_code"":""hRnvgZ"",""original_url"":""https://hackstack.io/mellow/yard/1450""}"
1451,1451,374,created,2026-02-17 06:03:44,"{""short_code"":""CToVOD"",""original_url"":""https://seeded.app/keen/field/1451""}"
1452,1452,15,created,2025-05-15 01:27:59,"{""short_code"":""fYmsAJ"",""original_url"":""https://example.com/young/delta/1452""}"
1453,1453,372,created,2026-02-09 05:39:50,"{""short_code"":""XnKVqb"",""original_url"":""https://hackstack.io/jade/yard/1453""}"
1454,1454,139,created,2025-06-24 02:54:42,"{""short_code"":""6S9UX1"",""original_url"":""https://opswise.net/calm/harvest/1454""}"
1455,1455,290,created,2025-11-05 03:27:18,"{""short_code"":""4V2x0N"",""original_url"":""https://hackstack.io/navy/journey/1455""}"
1456,1456,320,created,2025-05-14 09:11:14,"{""short_code"":""xQBG3p"",""original_url"":""https://acme.dev/keen/quartz/1456""}"
1457,1457,242,created,2025-01-25 19:08:16,"{""short_code"":""grDqq5"",""original_url"":""https://hackstack.io/jade/pioneer/1457""}"
1458,1458,308,created,2025-07-28 05:49:14,"{""short_code"":""UX2X3m"",""original_url"":""https://example.com/ivory/orbit/1458""}"
1459,1459,394,created,2025-01-09 00:15:19,"{""short_code"":""Os5XCh"",""original_url"":""https://opswise.net/young/anchor/1459""}"
1460,1460,150,created,2025-06-22 21:29:40,"{""short_code"":""tc9a4v"",""original_url"":""https://opswise.net/harbor/uplink/1460""}"
1461,1461,162,created,2025-12-16 12:17:48,"{""short_code"":""lIH3iN"",""original_url"":""https://seeded.app/navy/quartz/1461""}"
1462,1462,362,created,2025-05-09 16:05:25,"{""short_code"":""mAETtF"",""original_url"":""https://hackstack.io/warm/zenith/1462""}"
1463,1463,201,created,2025-03-10 02:08:45,"{""short_code"":""NdNg9d"",""original_url"":""https://opswise.net/lively/uplink/1463""}"
1464,1464,286,created,2025-12-11 13:21:26,"{""short_code"":""QNreN1"",""original_url"":""https://example.com/quiet/lagoon/1464""}"
1465,1465,238,created,2025-06-09 03:18:17,"{""short_code"":""p69gxO"",""original_url"":""https://opswise.net/dawn/zenith/1465""}"
1466,1466,33,created,2025-06-30 14:20:55,"{""short_code"":""f3Tp5W"",""original_url"":""https://relay.cloud/quiet/harvest/1466""}"
1467,1467,345,created,2026-02-20 02:23:31,"{""short_code"":""TgalGr"",""original_url"":""https://example.com/warm/trail/1467""}"
1468,1468,340,created,2025-06-17 20:53:18,"{""short_code"":""L6PJSa"",""original_url"":""https://example.com/forest/kernel/1468""}"
1469,1469,3,created,2025-01-13 06:16:52,"{""short_code"":""Tt1FT8"",""original_url"":""https://relay.cloud/opal/canyon/1469""}"
1470,1470,166,created,2025-07-13 02:59:43,"{""short_code"":""4aouZS"",""original_url"":""https://opswise.net/amber/lagoon/1470""}"
1471,1471,351,created,2025-02-08 16:28:38,"{""short_code"":""QckXMz"",""original_url"":""https://hackstack.io/quiet/valley/1471""}"
1472,1472,382,created,2025-11-20 08:50:43,"{""short_code"":""so3LG0"",""original_url"":""https://seeded.app/urban/field/1472""}"
1473,1473,75,created,2025-04-01 20:00:42,"{""short_code"":""FLWfZo"",""original_url"":""https://seeded.app/dawn/engine/1473""}"
1474,1474,67,created,2026-01-28 07:30:02,"{""short_code"":""Vn0Bjh"",""original_url"":""https://opswise.net/brisk/network/1474""}"
1475,1475,38,created,2025-01-03 03:59:06,"{""short_code"":""VSktec"",""original_url"":""https://hackstack.io/forest/network/1475""}"
1476,1476,343,created,2025-12-19 14:30:43,"{""short_code"":""XWxo3J"",""original_url"":""https://example.com/tidy/journey/1476""}"
1477,1477,167,created,2025-08-03 07:33:47,"{""short_code"":""bMd0e4"",""original_url"":""https://opswise.net/gold/delta/1477""}"
1478,1478,292,created,2025-03-28 15:55:48,"{""short_code"":""aCijAc"",""original_url"":""https://acme.dev/silver/orbit/1478""}"
1479,1479,166,created,2025-06-12 03:41:51,"{""short_code"":""DUL6oa"",""original_url"":""https://hackstack.io/tidy/pioneer/1479""}"
1480,1480,393,created,2025-08-02 22:35:57,"{""short_code"":""r1fYAc"",""original_url"":""https://opswise.net/quiet/kernel/1480""}"
1481,1481,144,created,2025-12-25 02:28:10,"{""short_code"":""LPj5x2"",""original_url"":""https://relay.cloud/warm/window/1481""}"
1482,1482,248,created,2025-11-08 17:13:04,"{""short_code"":""CdSe3l"",""original_url"":""https://seeded.app/ember/journey/1482""}"
1483,1483,194,created,2025-06-09 10:03:13,"{""short_code"":""SqSpp7"",""original_url"":""https://acme.dev/vivid/river/1483""}"
1484,1484,372,created,2026-01-15 00:26:06,"{""short_code"":""z8MEmn"",""original_url"":""https://acme.dev/cobalt/zenith/1484""}"
1485,1485,273,created,2025-05-01 12:08:24,"{""short_code"":""Rxauuv"",""original_url"":""https://hackstack.io/warm/valley/1485""}"
1486,1486,124,created,2025-04-03 23:35:14,"{""short_code"":""3U0Lao"",""original_url"":""https://example.com/young/lagoon/1486""}"
1487,1487,384,created,2025-11-13 05:44:05,"{""short_code"":""ovjPRN"",""original_url"":""https://opswise.net/urban/kernel/1487""}"
1488,1488,5,created,2025-08-18 06:38:13,"{""short_code"":""IRrXzx"",""original_url"":""https://seeded.app/ember/harvest/1488""}"
1489,1489,194,created,2025-10-14 18:30:38,"{""short_code"":""ZWdxXG"",""original_url"":""https://opswise.net/warm/yard/1489""}"
1490,1490,298,created,2026-02-20 11:35:22,"{""short_code"":""Z3Quur"",""original_url"":""https://relay.cloud/proud/lagoon/1490""}"
1491,1491,113,created,2025-09-18 20:43:52,"{""short_code"":""TibKJZ"",""original_url"":""https://seeded.app/young/window/1491""}"
1492,1492,315,created,2026-02-02 20:46:01,"{""short_code"":""XnOTj3"",""original_url"":""https://acme.dev/urban/lagoon/1492""}"
1493,1493,145,created,2025-11-06 03:04:17,"{""short_code"":""PIk6gx"",""original_url"":""https://seeded.app/harbor/meadow/1493""}"
1494,1494,273,created,2025-05-14 10:38:39,"{""short_code"":""6AYTGF"",""original_url"":""https://relay.cloud/forest/beacon/1494""}"
1495,1495,39,created,2025-10-04 18:51:53,"{""short_code"":""Zaqaj9"",""original_url"":""https://seeded.app/ivory/anchor/1495""}"
1496,1496,147,created,2025-05-10 02:02:00,"{""short_code"":""Lf0Je9"",""original_url"":""https://acme.dev/navy/beacon/1496""}"
1497,1497,391,created,2025-02-11 07:06:56,"{""short_code"":""BIP9xu"",""original_url"":""https://acme.dev/ember/network/1497""}"
1498,1498,376,created,2025-10-05 05:41:15,"{""short_code"":""W2YN6l"",""original_url"":""https://acme.dev/young/garden/1498""}"
1499,1499,299,created,2025-07-07 00:04:58,"{""short_code"":""WZsCQA"",""original_url"":""https://opswise.net/quiet/trail/1499""}"
1500,1500,168,created,2025-06-14 09:29:00,"{""short_code"":""Z2AFYU"",""original_url"":""https://relay.cloud/ivory/journey/1500""}"
1501,1501,200,created,2025-04-09 17:15:38,"{""short_code"":""MtMBPA"",""original_url"":""https://acme.dev/calm/quartz/1501""}"
1502,1502,328,created,2025-09-05 13:18:45,"{""short_code"":""Ko484u"",""original_url"":""https://relay.cloud/brisk/anchor/1502""}"
1503,1503,273,created,2025-04-21 17:19:41,"{""short_code"":""4nLrtE"",""original_url"":""https://hackstack.io/ivory/uplink/1503""}"
1504,1504,284,created,2025-01-03 21:21:27,"{""short_code"":""oxdzhP"",""original_url"":""https://example.com/warm/delta/1504""}"
1505,1505,29,created,2025-01-21 11:13:32,"{""short_code"":""jGW9X5"",""original_url"":""https://acme.dev/forest/kernel/1505""}"
1506,1506,9,created,2025-02-12 08:46:42,"{""short_code"":""w35ZFG"",""original_url"":""https://relay.cloud/jade/zenith/1506""}"
1507,1507,237,created,2025-06-14 20:17:17,"{""short_code"":""US7j4R"",""original_url"":""https://opswise.net/warm/anchor/1507""}"
1508,1508,198,created,2025-05-23 12:34:12,"{""short_code"":""08JTKV"",""original_url"":""https://relay.cloud/warm/field/1508""}"
1509,1509,35,created,2026-01-04 09:45:36,"{""short_code"":""5g2wpV"",""original_url"":""https://example.com/proud/field/1509""}"
1510,1510,4,created,2025-06-22 17:55:26,"{""short_code"":""H5LhSf"",""original_url"":""https://example.com/vivid/yard/1510""}"
1511,1511,251,created,2025-08-15 10:02:02,"{""short_code"":""Knf8dB"",""original_url"":""https://opswise.net/mellow/meadow/1511""}"
1512,1512,140,created,2025-03-10 15:03:24,"{""short_code"":""zqgB08"",""original_url"":""https://hackstack.io/urban/window/1512""}"
1513,1513,283,created,2025-06-03 15:49:38,"{""short_code"":""rIxSz8"",""original_url"":""https://acme.dev/opal/quartz/1513""}"
1514,1514,228,created,2025-07-24 03:32:19,"{""short_code"":""jOUHdU"",""original_url"":""https://hackstack.io/opal/garden/1514""}"
1515,1515,364,created,2025-07-17 06:22:03,"{""short_code"":""cHf9Z7"",""original_url"":""https://example.com/young/lagoon/1515""}"
1516,1516,228,created,2025-03-22 06:40:12,"{""short_code"":""a2Umgd"",""original_url"":""https://seeded.app/young/delta/1516""}"
1517,1517,118,created,2025-05-12 07:07:31,"{""short_code"":""WGCCuN"",""original_url"":""https://opswise.net/navy/uplink/1517""}"
1518,1518,89,created,2025-10-11 23:33:55,"{""short_code"":""1s3RWu"",""original_url"":""https://opswise.net/navy/valley/1518""}"
1519,1519,28,created,2026-01-31 09:04:25,"{""short_code"":""Sa0OYi"",""original_url"":""https://relay.cloud/warm/kernel/1519""}"
1520,1520,136,created,2026-02-12 21:03:08,"{""short_code"":""bf4NfN"",""original_url"":""https://relay.cloud/gold/lagoon/1520""}"
1521,1521,96,created,2025-08-25 05:10:39,"{""short_code"":""QGzTsI"",""original_url"":""https://acme.dev/forest/river/1521""}"
1522,1522,303,created,2025-11-06 16:04:48,"{""short_code"":""sNwfND"",""original_url"":""https://opswise.net/silver/lagoon/1522""}"
1523,1523,157,created,2025-08-01 08:59:47,"{""short_code"":""yWqlz6"",""original_url"":""https://opswise.net/lively/zenith/1523""}"
1524,1524,268,created,2025-02-24 16:39:48,"{""short_code"":""FDZq6K"",""original_url"":""https://seeded.app/vivid/engine/1524""}"
1525,1525,50,created,2025-11-22 08:37:04,"{""short_code"":""jgtaYP"",""original_url"":""https://relay.cloud/keen/yard/1525""}"
1526,1526,183,created,2026-01-26 23:56:30,"{""short_code"":""g5RetO"",""original_url"":""https://acme.dev/calm/lagoon/1526""}"
1527,1527,12,created,2025-11-22 14:38:08,"{""short_code"":""DzUYzw"",""original_url"":""https://acme.dev/navy/yard/1527""}"
1528,1528,8,created,2026-01-08 05:27:58,"{""short_code"":""a5LxT8"",""original_url"":""https://example.com/forest/river/1528""}"
1529,1529,93,created,2025-12-28 10:11:37,"{""short_code"":""YuXPc5"",""original_url"":""https://seeded.app/brisk/garden/1529""}"
1530,1530,193,created,2025-09-26 15:48:33,"{""short_code"":""UxMaoY"",""original_url"":""https://seeded.app/jade/canyon/1530""}"
1531,1531,85,created,2025-02-09 05:42:54,"{""short_code"":""qVAmPf"",""original_url"":""https://seeded.app/vivid/quartz/1531""}"
1532,1532,131,created,2025-12-17 14:04:55,"{""short_code"":""pxhNpJ"",""original_url"":""https://seeded.app/ember/network/1532""}"
1533,1533,69,created,2025-02-03 10:44:08,"{""short_code"":""aEyK1I"",""original_url"":""https://seeded.app/urban/delta/1533""}"
1534,1534,387,created,2026-02-15 11:00:17,"{""short_code"":""n94A5i"",""original_url"":""https://opswise.net/amber/beacon/1534""}"
1535,1535,302,created,2025-03-04 15:27:21,"{""short_code"":""49O7up"",""original_url"":""https://hackstack.io/keen/anchor/1535""}"
1536,1536,8,created,2025-01-14 15:29:11,"{""short_code"":""tSxp9S"",""original_url"":""https://opswise.net/harbor/network/1536""}"
1537,1537,70,created,2025-04-08 19:17:07,"{""short_code"":""NeCj1o"",""original_url"":""https://example.com/lively/canyon/1537""}"
1538,1538,121,created,2025-08-10 15:09:42,"{""short_code"":""EqoYD5"",""original_url"":""https://acme.dev/keen/island/1538""}"
1539,1539,291,created,2025-02-23 11:51:16,"{""short_code"":""eNDKAt"",""original_url"":""https://hackstack.io/young/harvest/1539""}"
1540,1540,242,created,2025-11-15 01:30:21,"{""short_code"":""NRYav4"",""original_url"":""https://acme.dev/gold/pioneer/1540""}"
1541,1541,388,created,2025-01-26 20:01:34,"{""short_code"":""TQXgMS"",""original_url"":""https://opswise.net/young/island/1541""}"
1542,1542,184,created,2025-09-07 10:41:03,"{""short_code"":""Zj1Ev2"",""original_url"":""https://opswise.net/vivid/beacon/1542""}"
1543,1543,64,created,2025-07-24 22:13:58,"{""short_code"":""SMfgNN"",""original_url"":""https://example.com/ember/quartz/1543""}"
1544,1544,125,created,2025-05-07 18:29:57,"{""short_code"":""QpkcHa"",""original_url"":""https://relay.cloud/keen/window/1544""}"
1545,1545,57,created,2025-08-17 11:59:04,"{""short_code"":""hSD59t"",""original_url"":""https://example.com/quiet/network/1545""}"
1546,1546,36,created,2026-02-14 00:36:51,"{""short_code"":""CAF5wU"",""original_url"":""https://example.com/jade/anchor/1546""}"
1547,1547,11,created,2025-05-16 17:25:47,"{""short_code"":""9jN6bv"",""original_url"":""https://opswise.net/warm/garden/1547""}"
1548,1548,167,created,2025-03-14 07:06:17,"{""short_code"":""EQWqKB"",""original_url"":""https://acme.dev/dawn/river/1548""}"
1549,1549,124,created,2025-06-16 21:48:34,"{""short_code"":""FxA7P8"",""original_url"":""https://hackstack.io/ember/delta/1549""}"
1550,1550,145,created,2025-08-30 08:33:59,"{""short_code"":""QNDPnM"",""original_url"":""https://opswise.net/calm/uplink/1550""}"
1551,1551,278,created,2025-12-03 02:56:07,"{""short_code"":""JZV604"",""original_url"":""https://example.com/gold/anchor/1551""}"
1552,1552,189,created,2025-03-16 23:59:33,"{""short_code"":""FxygTx"",""original_url"":""https://acme.dev/opal/beacon/1552""}"
1553,1553,392,created,2025-12-22 04:03:33,"{""short_code"":""yvZedy"",""original_url"":""https://relay.cloud/ivory/trail/1553""}"
1554,1554,190,created,2025-03-10 08:34:26,"{""short_code"":""LeRxwh"",""original_url"":""https://hackstack.io/urban/island/1554""}"
1555,1555,209,created,2025-04-27 19:41:24,"{""short_code"":""05OkKI"",""original_url"":""https://acme.dev/proud/canyon/1555""}"
1556,1556,156,created,2025-05-28 16:45:56,"{""short_code"":""W3PyvB"",""original_url"":""https://hackstack.io/urban/network/1556""}"
1557,1557,40,created,2025-05-23 20:17:41,"{""short_code"":""ms7I8m"",""original_url"":""https://acme.dev/clear/quartz/1557""}"
1558,1558,63,created,2025-12-09 23:04:11,"{""short_code"":""uoO5nM"",""original_url"":""https://example.com/rapid/valley/1558""}"
1559,1559,182,created,2025-06-21 05:48:53,"{""short_code"":""tx8uux"",""original_url"":""https://hackstack.io/navy/window/1559""}"
1560,1560,136,created,2025-03-09 13:25:39,"{""short_code"":""ZF0Sbq"",""original_url"":""https://example.com/warm/zenith/1560""}"
1561,1561,85,created,2025-07-09 06:58:18,"{""short_code"":""xZu5XA"",""original_url"":""https://opswise.net/ember/zenith/1561""}"
1562,1562,319,created,2025-06-19 17:40:54,"{""short_code"":""hYEnhT"",""original_url"":""https://hackstack.io/harbor/delta/1562""}"
1563,1563,319,created,2025-01-26 14:15:47,"{""short_code"":""k9WFme"",""original_url"":""https://example.com/navy/quartz/1563""}"
1564,1564,325,created,2025-10-25 15:40:02,"{""short_code"":""nnmLVA"",""original_url"":""https://acme.dev/ivory/uplink/1564""}"
1565,1565,263,created,2025-07-30 00:09:28,"{""short_code"":""NlyE6f"",""original_url"":""https://opswise.net/young/river/1565""}"
1566,1566,198,created,2025-05-22 18:38:58,"{""short_code"":""ll6jWy"",""original_url"":""https://hackstack.io/tidy/delta/1566""}"
1567,1567,309,created,2025-05-25 23:35:54,"{""short_code"":""WiUUh1"",""original_url"":""https://opswise.net/tidy/beacon/1567""}"
1568,1568,314,created,2025-01-24 15:25:09,"{""short_code"":""YV5Wp3"",""original_url"":""https://example.com/clear/garden/1568""}"
1569,1569,291,created,2025-10-15 03:27:26,"{""short_code"":""qzW7Nt"",""original_url"":""https://seeded.app/ember/orbit/1569""}"
1570,1570,11,created,2025-03-16 12:26:15,"{""short_code"":""y7qkK0"",""original_url"":""https://opswise.net/rapid/yard/1570""}"
1571,1571,49,created,2025-12-10 10:32:18,"{""short_code"":""xG8DDE"",""original_url"":""https://acme.dev/rapid/canyon/1571""}"
1572,1572,194,created,2026-02-08 05:56:10,"{""short_code"":""dUEjTd"",""original_url"":""https://opswise.net/tidy/island/1572""}"
1573,1573,291,created,2025-09-09 07:27:10,"{""short_code"":""sOEFzH"",""original_url"":""https://seeded.app/mellow/yard/1573""}"
1574,1574,212,created,2026-01-30 19:26:26,"{""short_code"":""bL9rJd"",""original_url"":""https://opswise.net/warm/kernel/1574""}"
1575,1575,49,created,2025-05-09 17:14:03,"{""short_code"":""fRWlV1"",""original_url"":""https://relay.cloud/urban/garden/1575""}"
1576,1576,380,created,2025-04-16 00:58:02,"{""short_code"":""uuLWA1"",""original_url"":""https://acme.dev/brisk/delta/1576""}"
1577,1577,214,created,2025-12-15 12:36:50,"{""short_code"":""cQx5zf"",""original_url"":""https://example.com/urban/trail/1577""}"
1578,1578,313,created,2026-01-07 12:58:15,"{""short_code"":""jWkAMl"",""original_url"":""https://acme.dev/mellow/uplink/1578""}"
1579,1579,122,created,2025-03-09 22:39:52,"{""short_code"":""60COgq"",""original_url"":""https://relay.cloud/opal/uplink/1579""}"
1580,1580,22,created,2025-05-21 18:09:13,"{""short_code"":""PBQXCk"",""original_url"":""https://relay.cloud/navy/engine/1580""}"
1581,1581,311,created,2026-02-19 10:08:51,"{""short_code"":""NgCsQW"",""original_url"":""https://seeded.app/brisk/journey/1581""}"
1582,1582,139,created,2025-04-24 13:21:50,"{""short_code"":""Mh7pgD"",""original_url"":""https://relay.cloud/ember/zenith/1582""}"
1583,1583,31,created,2025-06-01 09:29:31,"{""short_code"":""TinJL3"",""original_url"":""https://acme.dev/jade/pioneer/1583""}"
1584,1584,306,created,2025-08-24 22:41:02,"{""short_code"":""hVPiNN"",""original_url"":""https://hackstack.io/proud/anchor/1584""}"
1585,1585,8,created,2025-03-20 01:24:29,"{""short_code"":""76Xbmr"",""original_url"":""https://relay.cloud/ember/beacon/1585""}"
1586,1586,164,created,2026-02-03 22:48:11,"{""short_code"":""hD31QP"",""original_url"":""https://opswise.net/mellow/window/1586""}"
1587,1587,27,created,2025-03-08 05:37:04,"{""short_code"":""UfFq4s"",""original_url"":""https://hackstack.io/dawn/pioneer/1587""}"
1588,1588,101,created,2025-06-03 14:40:57,"{""short_code"":""9TNC3l"",""original_url"":""https://relay.cloud/cobalt/harvest/1588""}"
1589,1589,196,created,2026-01-09 01:46:58,"{""short_code"":""72Urt7"",""original_url"":""https://relay.cloud/dawn/journey/1589""}"
1590,1590,219,created,2025-06-06 01:51:13,"{""short_code"":""iPhwnH"",""original_url"":""https://hackstack.io/silver/kernel/1590""}"
1591,1591,400,created,2025-02-03 03:53:22,"{""short_code"":""kVeSdv"",""original_url"":""https://relay.cloud/ivory/harvest/1591""}"
1592,1592,393,created,2025-08-28 23:28:41,"{""short_code"":""OvHP4Q"",""original_url"":""https://seeded.app/gold/anchor/1592""}"
1593,1593,71,created,2026-02-04 01:33:55,"{""short_code"":""WMBpMm"",""original_url"":""https://acme.dev/brisk/beacon/1593""}"
1594,1594,267,created,2025-03-22 23:58:53,"{""short_code"":""d9Bvdw"",""original_url"":""https://opswise.net/lively/orbit/1594""}"
1595,1595,298,created,2025-08-06 20:40:31,"{""short_code"":""4kjIIu"",""original_url"":""https://example.com/quiet/valley/1595""}"
1596,1596,115,created,2025-03-06 04:41:09,"{""short_code"":""i7Fv64"",""original_url"":""https://relay.cloud/amber/orbit/1596""}"
1597,1597,296,created,2025-10-01 18:41:16,"{""short_code"":""ZGkZbe"",""original_url"":""https://opswise.net/harbor/quartz/1597""}"
1598,1598,152,created,2025-10-28 10:10:16,"{""short_code"":""bFK7rd"",""original_url"":""https://opswise.net/cobalt/island/1598""}"
1599,1599,22,created,2025-10-19 12:29:08,"{""short_code"":""8aF9Ft"",""original_url"":""https://acme.dev/ember/garden/1599""}"
1600,1600,281,created,2025-06-28 12:03:29,"{""short_code"":""sv6D1I"",""original_url"":""https://opswise.net/amber/island/1600""}"
1601,1601,159,created,2025-10-03 18:49:22,"{""short_code"":""0tDM8E"",""original_url"":""https://relay.cloud/young/yard/1601""}"
1602,1602,186,created,2025-08-21 01:00:25,"{""short_code"":""RG16w2"",""original_url"":""https://opswise.net/navy/window/1602""}"
1603,1603,35,created,2025-08-18 18:07:12,"{""short_code"":""KBgJ2t"",""original_url"":""https://relay.cloud/lively/engine/1603""}"
1604,1604,207,created,2025-07-16 09:22:54,"{""short_code"":""xoFtw4"",""original_url"":""https://seeded.app/lively/meadow/1604""}"
1605,1605,14,created,2025-08-29 23:14:14,"{""short_code"":""AHLhLp"",""original_url"":""https://example.com/ember/yard/1605""}"
1606,1606,128,created,2025-08-17 22:23:20,"{""short_code"":""EhFGiI"",""original_url"":""https://hackstack.io/forest/trail/1606""}"
1607,1607,396,created,2025-12-17 12:34:45,"{""short_code"":""z3yCTD"",""original_url"":""https://opswise.net/young/journey/1607""}"
1608,1608,268,created,2025-08-27 03:04:29,"{""short_code"":""JWQnaJ"",""original_url"":""https://hackstack.io/rapid/valley/1608""}"
1609,1609,114,created,2025-10-12 11:30:38,"{""short_code"":""kvMQDh"",""original_url"":""https://seeded.app/dawn/orbit/1609""}"
1610,1610,158,created,2025-03-05 03:46:40,"{""short_code"":""MfGRmK"",""original_url"":""https://example.com/amber/orbit/1610""}"
1611,1611,369,created,2025-12-14 22:22:19,"{""short_code"":""kmNq7c"",""original_url"":""https://hackstack.io/young/quartz/1611""}"
1612,1612,39,created,2025-07-21 14:28:24,"{""short_code"":""fBmZGq"",""original_url"":""https://seeded.app/young/beacon/1612""}"
1613,1613,277,created,2025-03-08 01:40:46,"{""short_code"":""0qs4iO"",""original_url"":""https://seeded.app/clear/valley/1613""}"
1614,1614,72,created,2026-01-05 19:45:33,"{""short_code"":""ph9BQv"",""original_url"":""https://relay.cloud/young/pioneer/1614""}"
1615,1615,68,created,2025-02-09 21:54:18,"{""short_code"":""nYyghw"",""original_url"":""https://hackstack.io/lively/quartz/1615""}"
1616,1616,200,created,2025-04-06 06:00:00,"{""short_code"":""iaHfyk"",""original_url"":""https://relay.cloud/keen/trail/1616""}"
1617,1617,197,created,2025-05-01 12:17:44,"{""short_code"":""x9xbZr"",""original_url"":""https://example.com/young/journey/1617""}"
1618,1618,44,created,2025-12-24 07:19:41,"{""short_code"":""uvLD75"",""original_url"":""https://acme.dev/quiet/harvest/1618""}"
1619,1619,2,created,2025-07-22 02:07:46,"{""short_code"":""sO8NoQ"",""original_url"":""https://relay.cloud/jade/meadow/1619""}"
1620,1620,400,created,2025-07-21 13:02:29,"{""short_code"":""FYr4GM"",""original_url"":""https://example.com/opal/valley/1620""}"
1621,1621,191,created,2025-07-23 05:49:28,"{""short_code"":""U3yO57"",""original_url"":""https://opswise.net/quiet/valley/1621""}"
1622,1622,235,created,2025-09-08 20:30:55,"{""short_code"":""HeMZ9T"",""original_url"":""https://opswise.net/keen/valley/1622""}"
1623,1623,159,created,2025-08-10 08:52:05,"{""short_code"":""aehXCc"",""original_url"":""https://hackstack.io/mellow/zenith/1623""}"
1624,1624,126,created,2025-03-05 17:23:17,"{""short_code"":""CMXjne"",""original_url"":""https://relay.cloud/warm/engine/1624""}"
1625,1625,212,created,2025-11-21 22:00:45,"{""short_code"":""ZQ7Jnl"",""original_url"":""https://hackstack.io/jade/engine/1625""}"
1626,1626,165,created,2025-10-23 08:42:20,"{""short_code"":""xDM90d"",""original_url"":""https://relay.cloud/rapid/garden/1626""}"
1627,1627,314,created,2025-08-21 06:54:10,"{""short_code"":""0nUS0k"",""original_url"":""https://relay.cloud/quiet/harvest/1627""}"
1628,1628,338,created,2025-03-09 01:11:02,"{""short_code"":""TOWvcZ"",""original_url"":""https://acme.dev/gold/orbit/1628""}"
1629,1629,65,created,2025-08-28 01:33:49,"{""short_code"":""eFhORu"",""original_url"":""https://relay.cloud/tidy/orbit/1629""}"
1630,1630,374,created,2025-02-15 08:05:55,"{""short_code"":""Bloe3D"",""original_url"":""https://opswise.net/proud/field/1630""}"
1631,1631,61,created,2025-05-09 04:11:04,"{""short_code"":""klrrl5"",""original_url"":""https://acme.dev/opal/garden/1631""}"
1632,1632,377,created,2025-09-18 07:06:16,"{""short_code"":""pmzmxt"",""original_url"":""https://hackstack.io/ivory/valley/1632""}"
1633,1633,180,created,2025-02-14 15:24:23,"{""short_code"":""75aVWr"",""original_url"":""https://relay.cloud/forest/yard/1633""}"
1634,1634,371,created,2025-09-15 22:20:14,"{""short_code"":""QgnxFv"",""original_url"":""https://example.com/ember/beacon/1634""}"
1635,1635,182,created,2025-01-18 17:52:52,"{""short_code"":""1GzXLg"",""original_url"":""https://opswise.net/ivory/delta/1635""}"
1636,1636,242,created,2025-09-10 19:20:16,"{""short_code"":""2RqtBX"",""original_url"":""https://hackstack.io/brisk/meadow/1636""}"
1637,1637,105,created,2025-12-06 04:11:37,"{""short_code"":""E2CgtQ"",""original_url"":""https://hackstack.io/ember/zenith/1637""}"
1638,1638,369,created,2025-07-26 10:57:51,"{""short_code"":""VORLW2"",""original_url"":""https://hackstack.io/brisk/meadow/1638""}"
1639,1639,163,created,2025-05-06 08:21:24,"{""short_code"":""jkPH9R"",""original_url"":""https://hackstack.io/proud/river/1639""}"
1640,1640,349,created,2025-08-31 05:05:44,"{""short_code"":""IuZTGY"",""original_url"":""https://seeded.app/warm/signal/1640""}"
1641,1641,229,created,2025-09-30 10:27:40,"{""short_code"":""EZwGUF"",""original_url"":""https://seeded.app/amber/kernel/1641""}"
1642,1642,6,created,2025-08-25 11:49:04,"{""short_code"":""MmhU3E"",""original_url"":""https://opswise.net/brisk/journey/1642""}"
1643,1643,36,created,2025-01-10 19:34:18,"{""short_code"":""zwx0Yi"",""original_url"":""https://relay.cloud/urban/delta/1643""}"
1644,1644,338,created,2025-02-03 06:15:57,"{""short_code"":""xE851D"",""original_url"":""https://relay.cloud/gold/beacon/1644""}"
1645,1645,42,created,2025-05-22 10:42:48,"{""short_code"":""3zhXLk"",""original_url"":""https://seeded.app/quiet/lagoon/1645""}"
1646,1646,390,created,2025-02-04 10:45:29,"{""short_code"":""dYA3yD"",""original_url"":""https://example.com/harbor/kernel/1646""}"
1647,1647,302,created,2026-01-11 08:52:09,"{""short_code"":""Z9bF9f"",""original_url"":""https://example.com/gold/valley/1647""}"
1648,1648,4,created,2025-07-05 22:17:22,"{""short_code"":""cFHQCP"",""original_url"":""https://seeded.app/opal/canyon/1648""}"
1649,1649,143,created,2025-08-22 23:12:01,"{""short_code"":""iP8VB4"",""original_url"":""https://opswise.net/gold/uplink/1649""}"
1650,1650,288,created,2025-04-03 19:15:25,"{""short_code"":""ZwNQqE"",""original_url"":""https://example.com/quiet/harvest/1650""}"
1651,1651,43,created,2025-06-30 16:27:35,"{""short_code"":""gpptSy"",""original_url"":""https://opswise.net/forest/lagoon/1651""}"
1652,1652,218,created,2025-12-27 17:31:48,"{""short_code"":""dVGACX"",""original_url"":""https://acme.dev/dawn/river/1652""}"
1653,1653,237,created,2025-09-30 10:22:32,"{""short_code"":""Dq30a5"",""original_url"":""https://hackstack.io/keen/meadow/1653""}"
1654,1654,307,created,2025-11-23 04:45:07,"{""short_code"":""533JDm"",""original_url"":""https://seeded.app/tidy/kernel/1654""}"
1655,1655,381,created,2025-06-22 19:29:35,"{""short_code"":""YGBbeq"",""original_url"":""https://relay.cloud/forest/anchor/1655""}"
1656,1656,209,created,2025-12-17 00:39:55,"{""short_code"":""kBzcvL"",""original_url"":""https://opswise.net/proud/canyon/1656""}"
1657,1657,98,created,2025-04-07 00:44:28,"{""short_code"":""xrxaNf"",""original_url"":""https://seeded.app/brisk/anchor/1657""}"
1658,1658,328,created,2025-02-22 21:25:48,"{""short_code"":""69r3hP"",""original_url"":""https://hackstack.io/calm/trail/1658""}"
1659,1659,100,created,2026-01-28 21:49:44,"{""short_code"":""13NOTx"",""original_url"":""https://hackstack.io/dawn/kernel/1659""}"
1660,1660,160,created,2025-02-14 01:52:56,"{""short_code"":""lvZJlp"",""original_url"":""https://example.com/cobalt/field/1660""}"
1661,1661,135,created,2025-07-28 14:58:01,"{""short_code"":""UuSxHD"",""original_url"":""https://opswise.net/rapid/engine/1661""}"
1662,1662,102,created,2026-01-26 18:27:02,"{""short_code"":""UrebKk"",""original_url"":""https://opswise.net/brisk/orbit/1662""}"
1663,1663,182,created,2026-02-06 07:02:06,"{""short_code"":""ZrnFwd"",""original_url"":""https://acme.dev/lively/quartz/1663""}"
1664,1664,92,created,2025-11-18 23:26:51,"{""short_code"":""AJPlRt"",""original_url"":""https://example.com/opal/zenith/1664""}"
1665,1665,388,created,2025-12-17 17:59:22,"{""short_code"":""jD4T57"",""original_url"":""https://example.com/cobalt/lagoon/1665""}"
1666,1666,75,created,2025-04-02 14:51:37,"{""short_code"":""9ezebG"",""original_url"":""https://seeded.app/warm/trail/1666""}"
1667,1667,226,created,2025-07-22 19:25:04,"{""short_code"":""W8rPPB"",""original_url"":""https://hackstack.io/mellow/engine/1667""}"
1668,1668,127,created,2025-01-08 12:17:30,"{""short_code"":""ABzlS9"",""original_url"":""https://example.com/proud/trail/1668""}"
1669,1669,349,created,2025-06-22 02:25:30,"{""short_code"":""59bfzh"",""original_url"":""https://opswise.net/brisk/canyon/1669""}"
1670,1670,206,created,2025-01-12 15:03:00,"{""short_code"":""wbfnyp"",""original_url"":""https://seeded.app/proud/pioneer/1670""}"
1671,1671,23,created,2025-03-31 18:19:42,"{""short_code"":""3BOEBi"",""original_url"":""https://seeded.app/keen/lagoon/1671""}"
1672,1672,350,created,2025-06-24 18:01:38,"{""short_code"":""Y4MAcW"",""original_url"":""https://opswise.net/amber/network/1672""}"
1673,1673,358,created,2025-10-18 07:40:36,"{""short_code"":""TaAGlN"",""original_url"":""https://relay.cloud/clear/yard/1673""}"
1674,1674,50,created,2025-02-02 05:22:41,"{""short_code"":""GLIbva"",""original_url"":""https://seeded.app/clear/field/1674""}"
1675,1675,13,created,2025-06-24 12:29:46,"{""short_code"":""UXexOO"",""original_url"":""https://acme.dev/silver/yard/1675""}"
1676,1676,42,created,2025-03-24 02:11:39,"{""short_code"":""xj0NJC"",""original_url"":""https://hackstack.io/brisk/garden/1676""}"
1677,1677,25,created,2025-11-20 05:58:33,"{""short_code"":""Cw9quY"",""original_url"":""https://opswise.net/vivid/field/1677""}"
1678,1678,290,created,2025-07-12 12:38:43,"{""short_code"":""HdEuvy"",""original_url"":""https://hackstack.io/gold/island/1678""}"
1679,1679,5,created,2025-04-03 03:53:30,"{""short_code"":""A5x6Dh"",""original_url"":""https://opswise.net/keen/meadow/1679""}"
1680,1680,227,created,2026-01-17 11:23:27,"{""short_code"":""BEASEV"",""original_url"":""https://relay.cloud/tidy/canyon/1680""}"
1681,1681,166,created,2025-04-17 02:24:12,"{""short_code"":""z75cep"",""original_url"":""https://acme.dev/young/uplink/1681""}"
1682,1682,137,created,2026-01-20 09:44:14,"{""short_code"":""0q5Hpk"",""original_url"":""https://relay.cloud/calm/journey/1682""}"
1683,1683,352,created,2025-11-06 18:03:20,"{""short_code"":""ITkJ58"",""original_url"":""https://example.com/tidy/island/1683""}"
1684,1684,10,created,2025-03-15 20:03:46,"{""short_code"":""x40XeO"",""original_url"":""https://relay.cloud/vivid/island/1684""}"
1685,1685,374,created,2025-02-21 02:37:09,"{""short_code"":""L9IRLS"",""original_url"":""https://opswise.net/forest/yard/1685""}"
1686,1686,253,created,2025-12-25 12:36:28,"{""short_code"":""EJq2cB"",""original_url"":""https://acme.dev/amber/beacon/1686""}"
1687,1687,186,created,2025-08-01 23:08:42,"{""short_code"":""st4OC7"",""original_url"":""https://acme.dev/clear/island/1687""}"
1688,1688,309,created,2025-08-30 14:46:41,"{""short_code"":""620e7v"",""original_url"":""https://relay.cloud/amber/river/1688""}"
1689,1689,80,created,2025-03-09 12:52:29,"{""short_code"":""A29jz5"",""original_url"":""https://opswise.net/vivid/yard/1689""}"
1690,1690,21,created,2025-03-16 06:01:19,"{""short_code"":""mUJT7j"",""original_url"":""https://hackstack.io/cobalt/canyon/1690""}"
1691,1691,365,created,2025-02-22 01:06:51,"{""short_code"":""BCwz5L"",""original_url"":""https://relay.cloud/clear/river/1691""}"
1692,1692,321,created,2025-10-13 15:19:46,"{""short_code"":""Nsf8hE"",""original_url"":""https://example.com/ember/yard/1692""}"
1693,1693,151,created,2025-06-27 08:12:31,"{""short_code"":""yh1yWm"",""original_url"":""https://hackstack.io/tidy/journey/1693""}"
1694,1694,129,created,2025-08-25 04:59:28,"{""short_code"":""mSkqBq"",""original_url"":""https://seeded.app/opal/uplink/1694""}"
1695,1695,200,created,2025-11-28 08:04:47,"{""short_code"":""PmDbls"",""original_url"":""https://opswise.net/gold/delta/1695""}"
1696,1696,374,created,2025-03-29 21:06:05,"{""short_code"":""Fc9swQ"",""original_url"":""https://opswise.net/clear/network/1696""}"
1697,1697,90,created,2025-01-05 00:53:49,"{""short_code"":""YSe7uJ"",""original_url"":""https://seeded.app/lively/trail/1697""}"
1698,1698,369,created,2025-11-17 20:31:12,"{""short_code"":""lGRqLR"",""original_url"":""https://hackstack.io/lively/journey/1698""}"
1699,1699,14,created,2025-06-30 11:19:39,"{""short_code"":""6nKnRU"",""original_url"":""https://acme.dev/lively/island/1699""}"
1700,1700,254,created,2026-02-17 13:36:03,"{""short_code"":""ytvc6k"",""original_url"":""https://hackstack.io/vivid/signal/1700""}"
1701,1701,234,created,2025-12-14 08:26:37,"{""short_code"":""WmlyyR"",""original_url"":""https://example.com/young/harvest/1701""}"
1702,1702,262,created,2025-01-30 23:20:53,"{""short_code"":""doyBx5"",""original_url"":""https://example.com/clear/island/1702""}"
1703,1703,164,created,2025-06-01 11:23:45,"{""short_code"":""YJpZTl"",""original_url"":""https://hackstack.io/opal/garden/1703""}"
1704,1704,87,created,2025-05-28 02:09:12,"{""short_code"":""jzlemk"",""original_url"":""https://acme.dev/quiet/island/1704""}"
1705,1705,126,created,2025-05-18 00:35:32,"{""short_code"":""TGWhpV"",""original_url"":""https://acme.dev/dawn/zenith/1705""}"
1706,1706,218,created,2025-07-11 09:56:09,"{""short_code"":""wvIgP8"",""original_url"":""https://example.com/brisk/kernel/1706""}"
1707,1707,244,created,2025-10-13 00:22:04,"{""short_code"":""oawuIp"",""original_url"":""https://seeded.app/rapid/anchor/1707""}"
1708,1708,143,created,2025-01-09 02:40:58,"{""short_code"":""nwAkJp"",""original_url"":""https://relay.cloud/lively/canyon/1708""}"
1709,1709,302,created,2025-06-29 16:09:12,"{""short_code"":""YLoLt0"",""original_url"":""https://example.com/dawn/delta/1709""}"
1710,1710,317,created,2026-02-04 21:49:25,"{""short_code"":""D7VZ4S"",""original_url"":""https://example.com/harbor/river/1710""}"
1711,1711,357,created,2025-09-26 11:07:46,"{""short_code"":""6EMTZm"",""original_url"":""https://relay.cloud/quiet/engine/1711""}"
1712,1712,178,created,2026-01-19 12:11:10,"{""short_code"":""t0Sk5D"",""original_url"":""https://acme.dev/ivory/delta/1712""}"
1713,1713,253,created,2025-12-06 15:27:11,"{""short_code"":""fpzi5y"",""original_url"":""https://opswise.net/silver/journey/1713""}"
1714,1714,397,created,2025-07-11 08:33:34,"{""short_code"":""ON6net"",""original_url"":""https://hackstack.io/proud/harvest/1714""}"
1715,1715,140,created,2025-04-21 15:01:21,"{""short_code"":""DwyzPL"",""original_url"":""https://example.com/quiet/trail/1715""}"
1716,1716,64,created,2025-11-17 21:30:04,"{""short_code"":""4oQyfZ"",""original_url"":""https://seeded.app/mellow/field/1716""}"
1717,1717,156,created,2025-08-08 10:04:35,"{""short_code"":""KTCzAd"",""original_url"":""https://example.com/silver/zenith/1717""}"
1718,1718,124,created,2025-10-10 14:24:31,"{""short_code"":""h1Vt8C"",""original_url"":""https://relay.cloud/rapid/yard/1718""}"
1719,1719,22,created,2025-04-10 19:00:01,"{""short_code"":""PaGl3N"",""original_url"":""https://acme.dev/keen/beacon/1719""}"
1720,1720,77,created,2025-05-25 01:26:17,"{""short_code"":""XUFzpQ"",""original_url"":""https://relay.cloud/keen/island/1720""}"
1721,1721,17,created,2025-08-18 00:32:53,"{""short_code"":""fc7iGF"",""original_url"":""https://acme.dev/gold/kernel/1721""}"
1722,1722,294,created,2025-01-22 15:43:45,"{""short_code"":""mMxEp1"",""original_url"":""https://relay.cloud/lively/journey/1722""}"
1723,1723,158,created,2025-01-16 07:42:12,"{""short_code"":""yM36Qq"",""original_url"":""https://opswise.net/jade/meadow/1723""}"
1724,1724,32,created,2025-08-13 12:33:10,"{""short_code"":""Zh22jQ"",""original_url"":""https://opswise.net/silver/window/1724""}"
1725,1725,272,created,2025-04-15 13:37:18,"{""short_code"":""1GFdFb"",""original_url"":""https://opswise.net/gold/delta/1725""}"
1726,1726,222,created,2025-02-04 09:04:03,"{""short_code"":""euKVqe"",""original_url"":""https://seeded.app/brisk/anchor/1726""}"
1727,1727,309,created,2025-02-20 22:26:32,"{""short_code"":""7JJgo2"",""original_url"":""https://example.com/rapid/journey/1727""}"
1728,1728,385,created,2025-02-16 12:37:43,"{""short_code"":""IPjx1a"",""original_url"":""https://example.com/rapid/pioneer/1728""}"
1729,1729,278,created,2025-09-13 22:30:28,"{""short_code"":""wSj1ar"",""original_url"":""https://example.com/mellow/harvest/1729""}"
1730,1730,111,created,2025-08-01 02:22:15,"{""short_code"":""29kO3q"",""original_url"":""https://hackstack.io/proud/field/1730""}"
1731,1731,334,created,2025-08-17 11:02:19,"{""short_code"":""YG32dr"",""original_url"":""https://acme.dev/amber/river/1731""}"
1732,1732,149,created,2025-10-30 17:28:37,"{""short_code"":""y6K5SF"",""original_url"":""https://opswise.net/quiet/kernel/1732""}"
1733,1733,13,created,2025-07-15 02:47:13,"{""short_code"":""T0epxo"",""original_url"":""https://acme.dev/opal/engine/1733""}"
1734,1734,221,created,2025-04-29 17:14:58,"{""short_code"":""TjjBKK"",""original_url"":""https://example.com/forest/uplink/1734""}"
1735,1735,255,created,2025-11-28 02:58:18,"{""short_code"":""S4ugzk"",""original_url"":""https://seeded.app/lively/uplink/1735""}"
1736,1736,390,created,2025-09-15 05:28:45,"{""short_code"":""7irmzR"",""original_url"":""https://relay.cloud/keen/quartz/1736""}"
1737,1737,88,created,2025-05-23 04:19:04,"{""short_code"":""oZg5Q4"",""original_url"":""https://seeded.app/urban/canyon/1737""}"
1738,1738,126,created,2025-09-04 09:32:28,"{""short_code"":""5XTSaw"",""original_url"":""https://relay.cloud/gold/island/1738""}"
1739,1739,42,created,2026-02-15 19:04:09,"{""short_code"":""VU2DfH"",""original_url"":""https://opswise.net/harbor/zenith/1739""}"
1740,1740,101,created,2025-10-01 16:49:29,"{""short_code"":""Pa0zcu"",""original_url"":""https://seeded.app/warm/window/1740""}"
1741,1741,260,created,2025-06-21 16:42:03,"{""short_code"":""NhZUZW"",""original_url"":""https://opswise.net/calm/river/1741""}"
1742,1742,338,created,2025-09-15 01:20:52,"{""short_code"":""ky0odg"",""original_url"":""https://acme.dev/dawn/signal/1742""}"
1743,1743,309,created,2025-03-24 15:56:32,"{""short_code"":""uJpYTe"",""original_url"":""https://hackstack.io/ember/trail/1743""}"
1744,1744,203,created,2026-01-03 02:19:43,"{""short_code"":""bTbLzh"",""original_url"":""https://relay.cloud/silver/orbit/1744""}"
1745,1745,267,created,2025-03-16 02:02:30,"{""short_code"":""ZbcZqY"",""original_url"":""https://opswise.net/dawn/lagoon/1745""}"
1746,1746,191,created,2025-03-02 03:20:53,"{""short_code"":""PJ5fSp"",""original_url"":""https://acme.dev/dawn/field/1746""}"
1747,1747,208,created,2025-04-28 16:00:25,"{""short_code"":""p4YVYN"",""original_url"":""https://example.com/mellow/anchor/1747""}"
1748,1748,247,created,2025-11-16 15:57:23,"{""short_code"":""dNv8Y2"",""original_url"":""https://seeded.app/silver/harvest/1748""}"
1749,1749,303,created,2025-10-25 23:34:56,"{""short_code"":""DE8hI1"",""original_url"":""https://opswise.net/harbor/network/1749""}"
1750,1750,208,created,2025-05-21 07:30:29,"{""short_code"":""ZT7NQq"",""original_url"":""https://relay.cloud/opal/pioneer/1750""}"
1751,1751,66,created,2025-09-25 09:16:07,"{""short_code"":""ymboAe"",""original_url"":""https://hackstack.io/tidy/signal/1751""}"
1752,1752,117,created,2025-12-06 13:54:12,"{""short_code"":""7f6NJm"",""original_url"":""https://example.com/rapid/delta/1752""}"
1753,1753,270,created,2025-11-12 20:40:06,"{""short_code"":""U3VdSl"",""original_url"":""https://example.com/rapid/journey/1753""}"
1754,1754,222,created,2025-08-30 21:42:38,"{""short_code"":""RL9uIT"",""original_url"":""https://acme.dev/clear/field/1754""}"
1755,1755,167,created,2025-09-28 05:46:57,"{""short_code"":""So5box"",""original_url"":""https://seeded.app/mellow/zenith/1755""}"
1756,1756,263,created,2025-06-01 07:58:58,"{""short_code"":""nBgUs0"",""original_url"":""https://example.com/proud/network/1756""}"
1757,1757,222,created,2025-01-10 16:16:23,"{""short_code"":""OwtGE6"",""original_url"":""https://hackstack.io/young/meadow/1757""}"
1758,1758,47,created,2025-08-06 09:22:45,"{""short_code"":""puQSia"",""original_url"":""https://hackstack.io/tidy/beacon/1758""}"
1759,1759,295,created,2025-07-20 23:58:46,"{""short_code"":""bI5SyN"",""original_url"":""https://seeded.app/lively/uplink/1759""}"
1760,1760,280,created,2025-09-13 17:34:21,"{""short_code"":""SxGcpF"",""original_url"":""https://relay.cloud/ivory/meadow/1760""}"
1761,1761,24,created,2025-04-29 06:12:26,"{""short_code"":""IaTr04"",""original_url"":""https://relay.cloud/quiet/harvest/1761""}"
1762,1762,352,created,2025-09-20 16:35:48,"{""short_code"":""wFUiZw"",""original_url"":""https://seeded.app/young/orbit/1762""}"
1763,1763,2,created,2025-03-06 05:10:19,"{""short_code"":""SRJkij"",""original_url"":""https://seeded.app/forest/meadow/1763""}"
1764,1764,286,created,2025-01-18 21:17:27,"{""short_code"":""PmGWMI"",""original_url"":""https://opswise.net/ivory/pioneer/1764""}"
1765,1765,244,created,2025-01-04 19:04:30,"{""short_code"":""kIem2w"",""original_url"":""https://hackstack.io/cobalt/orbit/1765""}"
1766,1766,166,created,2025-04-16 15:21:45,"{""short_code"":""yo4Yur"",""original_url"":""https://seeded.app/rapid/harvest/1766""}"
1767,1767,212,created,2025-11-18 22:53:35,"{""short_code"":""9DwYAb"",""original_url"":""https://hackstack.io/amber/yard/1767""}"
1768,1768,110,created,2025-08-25 16:33:22,"{""short_code"":""pLSxkj"",""original_url"":""https://opswise.net/dawn/pioneer/1768""}"
1769,1769,42,created,2026-02-05 10:03:58,"{""short_code"":""1RmDUg"",""original_url"":""https://hackstack.io/gold/zenith/1769""}"
1770,1770,222,created,2025-11-10 20:07:32,"{""short_code"":""OZSEjK"",""original_url"":""https://relay.cloud/young/quartz/1770""}"
1771,1771,19,created,2025-11-22 10:58:51,"{""short_code"":""TJFUm6"",""original_url"":""https://acme.dev/ember/lagoon/1771""}"
1772,1772,284,created,2025-04-16 19:16:03,"{""short_code"":""4TdFip"",""original_url"":""https://example.com/tidy/trail/1772""}"
1773,1773,339,created,2025-02-23 06:51:35,"{""short_code"":""9Rud6S"",""original_url"":""https://seeded.app/jade/pioneer/1773""}"
1774,1774,106,created,2026-02-01 16:15:53,"{""short_code"":""VP4Bcf"",""original_url"":""https://opswise.net/amber/engine/1774""}"
1775,1775,250,created,2025-06-13 13:46:27,"{""short_code"":""BO5GLa"",""original_url"":""https://relay.cloud/rapid/window/1775""}"
1776,1776,162,created,2025-10-02 00:01:16,"{""short_code"":""zyjupw"",""original_url"":""https://example.com/quiet/trail/1776""}"
1777,1777,89,created,2025-03-31 12:08:03,"{""short_code"":""vbfzcL"",""original_url"":""https://relay.cloud/brisk/anchor/1777""}"
1778,1778,97,created,2025-08-07 08:02:02,"{""short_code"":""MTZIvB"",""original_url"":""https://acme.dev/rapid/window/1778""}"
1779,1779,244,created,2025-08-10 22:30:30,"{""short_code"":""qiqFyy"",""original_url"":""https://hackstack.io/jade/island/1779""}"
1780,1780,186,created,2025-08-10 00:24:55,"{""short_code"":""jfv0FF"",""original_url"":""https://relay.cloud/jade/yard/1780""}"
1781,1781,381,created,2025-11-07 21:51:31,"{""short_code"":""CS4WoJ"",""original_url"":""https://acme.dev/urban/island/1781""}"
1782,1782,197,created,2025-02-14 22:55:01,"{""short_code"":""7svPpj"",""original_url"":""https://relay.cloud/amber/signal/1782""}"
1783,1783,337,created,2025-01-11 23:59:20,"{""short_code"":""7UY8ZY"",""original_url"":""https://hackstack.io/silver/anchor/1783""}"
1784,1784,348,created,2025-05-25 10:12:07,"{""short_code"":""rhYi6o"",""original_url"":""https://example.com/harbor/engine/1784""}"
1785,1785,215,created,2025-12-29 15:55:49,"{""short_code"":""4rObtN"",""original_url"":""https://example.com/keen/engine/1785""}"
1786,1786,228,created,2025-05-29 18:41:20,"{""short_code"":""QVLbL0"",""original_url"":""https://example.com/rapid/river/1786""}"
1787,1787,1,created,2025-08-12 11:52:23,"{""short_code"":""hrxuvT"",""original_url"":""https://acme.dev/jade/river/1787""}"
1788,1788,340,created,2025-08-18 06:02:45,"{""short_code"":""ZGafUg"",""original_url"":""https://opswise.net/opal/meadow/1788""}"
1789,1789,212,created,2026-01-16 07:19:51,"{""short_code"":""JNdnmd"",""original_url"":""https://seeded.app/quiet/quartz/1789""}"
1790,1790,50,created,2025-11-01 08:51:59,"{""short_code"":""MkBXav"",""original_url"":""https://acme.dev/keen/harvest/1790""}"
1791,1791,355,created,2025-05-29 09:17:00,"{""short_code"":""wV9qXq"",""original_url"":""https://relay.cloud/opal/island/1791""}"
1792,1792,347,created,2025-02-12 08:10:05,"{""short_code"":""qem44Y"",""original_url"":""https://relay.cloud/quiet/field/1792""}"
1793,1793,21,created,2026-01-30 01:05:30,"{""short_code"":""kXC9Z0"",""original_url"":""https://relay.cloud/navy/valley/1793""}"
1794,1794,366,created,2025-01-31 02:41:49,"{""short_code"":""BXiypl"",""original_url"":""https://opswise.net/cobalt/yard/1794""}"
1795,1795,15,created,2025-08-16 22:59:55,"{""short_code"":""LsrZ6w"",""original_url"":""https://hackstack.io/young/kernel/1795""}"
1796,1796,27,created,2026-02-11 04:52:11,"{""short_code"":""5vpBlx"",""original_url"":""https://acme.dev/quiet/kernel/1796""}"
1797,1797,250,created,2025-06-24 18:41:32,"{""short_code"":""K2hLmM"",""original_url"":""https://opswise.net/gold/orbit/1797""}"
1798,1798,68,created,2025-01-30 23:14:07,"{""short_code"":""EvhNAZ"",""original_url"":""https://seeded.app/young/journey/1798""}"
1799,1799,333,created,2025-08-22 17:53:58,"{""short_code"":""7cPdeP"",""original_url"":""https://example.com/urban/island/1799""}"
1800,1800,41,created,2025-10-23 19:29:58,"{""short_code"":""YrvilU"",""original_url"":""https://acme.dev/warm/yard/1800""}"
1801,1801,185,created,2026-02-16 20:36:03,"{""short_code"":""ZSl8Gh"",""original_url"":""https://opswise.net/rapid/garden/1801""}"
1802,1802,371,created,2025-07-06 05:37:36,"{""short_code"":""KuJf0y"",""original_url"":""https://hackstack.io/warm/zenith/1802""}"
1803,1803,124,created,2025-02-25 05:10:26,"{""short_code"":""lRMJIz"",""original_url"":""https://seeded.app/clear/valley/1803""}"
1804,1804,393,created,2025-06-23 05:28:01,"{""short_code"":""Tcw6Ws"",""original_url"":""https://example.com/warm/canyon/1804""}"
1805,1805,245,created,2025-11-04 03:54:20,"{""short_code"":""28BijT"",""original_url"":""https://hackstack.io/navy/river/1805""}"
1806,1806,22,created,2025-07-08 01:01:05,"{""short_code"":""fcDi4y"",""original_url"":""https://opswise.net/rapid/kernel/1806""}"
1807,1807,110,created,2025-11-21 17:19:41,"{""short_code"":""J9X6cI"",""original_url"":""https://opswise.net/opal/orbit/1807""}"
1808,1808,353,created,2025-01-31 02:31:08,"{""short_code"":""pSEZqS"",""original_url"":""https://relay.cloud/opal/uplink/1808""}"
1809,1809,144,created,2025-09-29 00:21:44,"{""short_code"":""DgDZgY"",""original_url"":""https://opswise.net/warm/signal/1809""}"
1810,1810,175,created,2025-05-05 22:50:58,"{""short_code"":""2Fqv4c"",""original_url"":""https://acme.dev/quiet/garden/1810""}"
1811,1811,232,created,2025-10-17 08:55:29,"{""short_code"":""fnaP1W"",""original_url"":""https://opswise.net/urban/field/1811""}"
1812,1812,124,created,2025-02-14 10:06:56,"{""short_code"":""24t37G"",""original_url"":""https://example.com/dawn/canyon/1812""}"
1813,1813,106,created,2025-06-21 09:18:21,"{""short_code"":""NttPGQ"",""original_url"":""https://example.com/vivid/signal/1813""}"
1814,1814,348,created,2025-05-30 13:12:28,"{""short_code"":""qWJkII"",""original_url"":""https://seeded.app/navy/island/1814""}"
1815,1815,129,created,2025-06-04 09:22:36,"{""short_code"":""TRpzXN"",""original_url"":""https://seeded.app/silver/network/1815""}"
1816,1816,318,created,2025-04-11 00:09:16,"{""short_code"":""jOh2PK"",""original_url"":""https://hackstack.io/clear/kernel/1816""}"
1817,1817,156,created,2025-10-24 12:04:07,"{""short_code"":""tGa3PA"",""original_url"":""https://acme.dev/calm/delta/1817""}"
1818,1818,199,created,2025-05-31 07:12:40,"{""short_code"":""9FTK7h"",""original_url"":""https://acme.dev/warm/window/1818""}"
1819,1819,200,created,2025-05-27 06:12:01,"{""short_code"":""FlXkyl"",""original_url"":""https://opswise.net/rapid/harvest/1819""}"
1820,1820,350,created,2025-01-29 04:55:05,"{""short_code"":""bPl8g1"",""original_url"":""https://example.com/urban/network/1820""}"
1821,1821,48,created,2026-01-14 00:24:10,"{""short_code"":""CdZHAd"",""original_url"":""https://hackstack.io/proud/river/1821""}"
1822,1822,128,created,2025-05-17 04:12:25,"{""short_code"":""Yw64IH"",""original_url"":""https://example.com/keen/garden/1822""}"
1823,1823,104,created,2025-07-03 10:11:02,"{""short_code"":""CZxfHO"",""original_url"":""https://relay.cloud/silver/kernel/1823""}"
1824,1824,309,created,2025-07-04 07:58:24,"{""short_code"":""IK32DD"",""original_url"":""https://acme.dev/tidy/journey/1824""}"
1825,1825,131,created,2025-10-29 09:38:30,"{""short_code"":""QZ0Vdn"",""original_url"":""https://relay.cloud/quiet/island/1825""}"
1826,1826,242,created,2025-09-27 06:46:29,"{""short_code"":""czpXdx"",""original_url"":""https://relay.cloud/mellow/quartz/1826""}"
1827,1827,121,created,2025-01-02 00:02:31,"{""short_code"":""lgLh8F"",""original_url"":""https://opswise.net/ivory/river/1827""}"
1828,1828,315,created,2025-04-22 12:19:01,"{""short_code"":""FjmOR2"",""original_url"":""https://relay.cloud/keen/valley/1828""}"
1829,1829,203,created,2025-03-03 21:16:35,"{""short_code"":""TuTHhk"",""original_url"":""https://hackstack.io/amber/kernel/1829""}"
1830,1830,85,created,2025-08-14 23:26:09,"{""short_code"":""mp17BT"",""original_url"":""https://opswise.net/jade/signal/1830""}"
1831,1831,61,created,2025-05-25 08:43:05,"{""short_code"":""0cA2pf"",""original_url"":""https://hackstack.io/lively/engine/1831""}"
1832,1832,169,created,2025-05-22 22:18:48,"{""short_code"":""0W0isx"",""original_url"":""https://opswise.net/tidy/lagoon/1832""}"
1833,1833,46,created,2025-09-26 13:03:10,"{""short_code"":""xDOYyX"",""original_url"":""https://acme.dev/quiet/network/1833""}"
1834,1834,264,created,2025-10-04 18:03:21,"{""short_code"":""T0pAEx"",""original_url"":""https://relay.cloud/dawn/harvest/1834""}"
1835,1835,239,created,2025-02-13 20:58:14,"{""short_code"":""jqAoJR"",""original_url"":""https://opswise.net/young/anchor/1835""}"
1836,1836,391,created,2025-11-27 05:20:42,"{""short_code"":""K1YXb1"",""original_url"":""https://relay.cloud/opal/lagoon/1836""}"
1837,1837,286,created,2025-07-11 06:14:31,"{""short_code"":""EYl3v2"",""original_url"":""https://hackstack.io/warm/journey/1837""}"
1838,1838,36,created,2025-07-29 15:30:02,"{""short_code"":""cgX77R"",""original_url"":""https://example.com/silver/garden/1838""}"
1839,1839,142,created,2026-01-25 06:20:48,"{""short_code"":""kIgx5m"",""original_url"":""https://relay.cloud/gold/zenith/1839""}"
1840,1840,131,created,2025-04-26 08:03:34,"{""short_code"":""93rplN"",""original_url"":""https://acme.dev/cobalt/field/1840""}"
1841,1841,237,created,2025-09-21 12:09:40,"{""short_code"":""VyWKr5"",""original_url"":""https://relay.cloud/vivid/lagoon/1841""}"
1842,1842,302,created,2025-02-18 10:59:57,"{""short_code"":""hhjeYV"",""original_url"":""https://example.com/lively/harvest/1842""}"
1843,1843,286,created,2026-01-07 05:17:41,"{""short_code"":""qXsQIm"",""original_url"":""https://opswise.net/calm/river/1843""}"
1844,1844,136,created,2026-01-23 10:37:48,"{""short_code"":""pbkZjx"",""original_url"":""https://acme.dev/ivory/canyon/1844""}"
1845,1845,177,created,2025-12-13 06:05:17,"{""short_code"":""UpTlCd"",""original_url"":""https://opswise.net/clear/island/1845""}"
1846,1846,352,created,2025-06-27 07:13:53,"{""short_code"":""N8F6OC"",""original_url"":""https://acme.dev/lively/lagoon/1846""}"
1847,1847,363,created,2025-09-21 01:07:26,"{""short_code"":""jQMuo9"",""original_url"":""https://acme.dev/calm/engine/1847""}"
1848,1848,199,created,2025-08-29 19:56:12,"{""short_code"":""TclJiY"",""original_url"":""https://opswise.net/ember/signal/1848""}"
1849,1849,42,created,2025-03-22 21:48:41,"{""short_code"":""4CwyD7"",""original_url"":""https://opswise.net/vivid/quartz/1849""}"
1850,1850,246,created,2025-04-11 11:47:02,"{""short_code"":""OGGJRE"",""original_url"":""https://seeded.app/silver/journey/1850""}"
1851,1851,210,created,2026-02-15 05:45:23,"{""short_code"":""wiJBPr"",""original_url"":""https://relay.cloud/dawn/anchor/1851""}"
1852,1852,339,created,2025-01-03 17:00:26,"{""short_code"":""fEnO6c"",""original_url"":""https://relay.cloud/amber/quartz/1852""}"
1853,1853,36,created,2025-10-12 23:41:41,"{""short_code"":""hH6HgR"",""original_url"":""https://relay.cloud/clear/pioneer/1853""}"
1854,1854,326,created,2025-10-05 16:41:33,"{""short_code"":""PNfsn2"",""original_url"":""https://relay.cloud/warm/garden/1854""}"
1855,1855,238,created,2025-08-31 08:46:02,"{""short_code"":""9Jhwk8"",""original_url"":""https://seeded.app/keen/trail/1855""}"
1856,1856,364,created,2025-04-10 02:23:09,"{""short_code"":""EbcOmk"",""original_url"":""https://hackstack.io/clear/delta/1856""}"
1857,1857,122,created,2025-12-08 16:37:58,"{""short_code"":""Nx0zT0"",""original_url"":""https://seeded.app/young/kernel/1857""}"
1858,1858,157,created,2025-09-13 10:28:45,"{""short_code"":""f11iwA"",""original_url"":""https://relay.cloud/lively/delta/1858""}"
1859,1859,338,created,2025-03-30 03:04:28,"{""short_code"":""dAxuHj"",""original_url"":""https://relay.cloud/vivid/yard/1859""}"
1860,1860,2,created,2025-06-02 20:08:22,"{""short_code"":""aqJi4h"",""original_url"":""https://hackstack.io/jade/kernel/1860""}"
1861,1861,119,created,2026-01-26 03:20:33,"{""short_code"":""qh64Gz"",""original_url"":""https://acme.dev/calm/beacon/1861""}"
1862,1862,31,created,2025-02-27 18:09:36,"{""short_code"":""TzBD4h"",""original_url"":""https://opswise.net/rapid/meadow/1862""}"
1863,1863,101,created,2025-07-18 18:22:19,"{""short_code"":""WUp0Lx"",""original_url"":""https://seeded.app/young/window/1863""}"
1864,1864,45,created,2025-01-04 15:20:06,"{""short_code"":""Ivq6KT"",""original_url"":""https://seeded.app/warm/garden/1864""}"
1865,1865,38,created,2025-12-14 07:58:13,"{""short_code"":""ocJig4"",""original_url"":""https://seeded.app/harbor/beacon/1865""}"
1866,1866,34,created,2025-05-02 03:37:15,"{""short_code"":""fy005l"",""original_url"":""https://example.com/harbor/trail/1866""}"
1867,1867,19,created,2025-01-19 23:50:36,"{""short_code"":""aRlmJD"",""original_url"":""https://opswise.net/brisk/valley/1867""}"
1868,1868,43,created,2025-10-17 22:46:35,"{""short_code"":""gpF2xu"",""original_url"":""https://relay.cloud/navy/valley/1868""}"
1869,1869,74,created,2025-02-24 23:31:37,"{""short_code"":""4bPcCT"",""original_url"":""https://example.com/cobalt/uplink/1869""}"
1870,1870,334,created,2025-06-01 21:36:30,"{""short_code"":""nt8HTY"",""original_url"":""https://example.com/quiet/valley/1870""}"
1871,1871,278,created,2025-03-18 07:34:53,"{""short_code"":""iWO8M9"",""original_url"":""https://seeded.app/navy/meadow/1871""}"
1872,1872,66,created,2025-12-08 15:51:40,"{""short_code"":""AcQrac"",""original_url"":""https://relay.cloud/clear/island/1872""}"
1873,1873,15,created,2025-05-31 19:32:47,"{""short_code"":""IZGCQ6"",""original_url"":""https://seeded.app/navy/delta/1873""}"
1874,1874,281,created,2025-06-23 07:04:04,"{""short_code"":""Tcmcoq"",""original_url"":""https://seeded.app/cobalt/canyon/1874""}"
1875,1875,126,created,2025-05-25 19:53:01,"{""short_code"":""eLUtDk"",""original_url"":""https://example.com/keen/journey/1875""}"
1876,1876,14,created,2025-09-24 16:26:53,"{""short_code"":""qzqFE5"",""original_url"":""https://hackstack.io/keen/garden/1876""}"
1877,1877,225,created,2025-10-24 01:09:42,"{""short_code"":""1P4J6G"",""original_url"":""https://relay.cloud/ivory/pioneer/1877""}"
1878,1878,172,created,2025-11-29 07:56:37,"{""short_code"":""qJ3s5J"",""original_url"":""https://example.com/urban/window/1878""}"
1879,1879,203,created,2025-12-28 00:28:05,"{""short_code"":""W3g5tS"",""original_url"":""https://hackstack.io/forest/garden/1879""}"
1880,1880,99,created,2025-07-20 23:01:42,"{""short_code"":""oHEj4C"",""original_url"":""https://relay.cloud/rapid/orbit/1880""}"
1881,1881,344,created,2025-02-22 19:58:56,"{""short_code"":""N5C3Yq"",""original_url"":""https://hackstack.io/calm/beacon/1881""}"
1882,1882,306,created,2025-08-02 15:16:55,"{""short_code"":""00CMx3"",""original_url"":""https://relay.cloud/amber/engine/1882""}"
1883,1883,66,created,2025-12-10 11:15:53,"{""short_code"":""KCb41V"",""original_url"":""https://seeded.app/young/orbit/1883""}"
1884,1884,27,created,2025-04-06 13:42:15,"{""short_code"":""sTr8cl"",""original_url"":""https://relay.cloud/jade/uplink/1884""}"
1885,1885,178,created,2025-11-24 06:15:50,"{""short_code"":""IX0PaZ"",""original_url"":""https://relay.cloud/clear/garden/1885""}"
1886,1886,110,created,2025-02-23 12:05:00,"{""short_code"":""qw1llO"",""original_url"":""https://opswise.net/amber/field/1886""}"
1887,1887,237,created,2025-11-29 17:21:49,"{""short_code"":""H9pIuB"",""original_url"":""https://example.com/tidy/network/1887""}"
1888,1888,308,created,2025-04-16 23:59:07,"{""short_code"":""uew2JW"",""original_url"":""https://example.com/brisk/quartz/1888""}"
1889,1889,229,created,2025-01-19 13:58:40,"{""short_code"":""NcY5oQ"",""original_url"":""https://example.com/rapid/beacon/1889""}"
1890,1890,309,created,2025-10-12 19:19:34,"{""short_code"":""vvqmZZ"",""original_url"":""https://relay.cloud/jade/zenith/1890""}"
1891,1891,218,created,2026-01-12 13:37:57,"{""short_code"":""bIMZxS"",""original_url"":""https://seeded.app/forest/engine/1891""}"
1892,1892,75,created,2025-09-29 23:47:48,"{""short_code"":""kafNVq"",""original_url"":""https://hackstack.io/jade/meadow/1892""}"
1893,1893,313,created,2025-08-07 16:45:15,"{""short_code"":""h3k4D5"",""original_url"":""https://relay.cloud/tidy/beacon/1893""}"
1894,1894,127,created,2025-08-30 23:30:53,"{""short_code"":""J76KjJ"",""original_url"":""https://seeded.app/brisk/lagoon/1894""}"
1895,1895,199,created,2025-12-14 00:06:56,"{""short_code"":""Tp7tJC"",""original_url"":""https://acme.dev/amber/orbit/1895""}"
1896,1896,277,created,2025-06-27 00:27:09,"{""short_code"":""STukDY"",""original_url"":""https://acme.dev/quiet/quartz/1896""}"
1897,1897,32,created,2025-10-28 00:07:15,"{""short_code"":""5BgtxL"",""original_url"":""https://opswise.net/lively/journey/1897""}"
1898,1898,77,created,2025-09-09 08:18:43,"{""short_code"":""cmjDVA"",""original_url"":""https://seeded.app/navy/delta/1898""}"
1899,1899,81,created,2026-01-10 07:54:43,"{""short_code"":""SGijUz"",""original_url"":""https://seeded.app/gold/yard/1899""}"
1900,1900,13,created,2025-02-07 07:15:08,"{""short_code"":""934r4f"",""original_url"":""https://opswise.net/urban/journey/1900""}"
1901,1901,189,created,2025-08-08 04:27:13,"{""short_code"":""taQMLw"",""original_url"":""https://relay.cloud/ivory/island/1901""}"
1902,1902,394,created,2025-05-03 22:55:38,"{""short_code"":""lomFUc"",""original_url"":""https://hackstack.io/jade/delta/1902""}"
1903,1903,158,created,2025-04-18 03:52:45,"{""short_code"":""1zgEIo"",""original_url"":""https://hackstack.io/jade/uplink/1903""}"
1904,1904,160,created,2025-07-13 10:54:30,"{""short_code"":""suINsk"",""original_url"":""https://hackstack.io/calm/harvest/1904""}"
1905,1905,324,created,2025-09-17 15:29:44,"{""short_code"":""iMEfFA"",""original_url"":""https://opswise.net/opal/network/1905""}"
1906,1906,197,created,2025-01-06 02:35:55,"{""short_code"":""gtt3OM"",""original_url"":""https://hackstack.io/clear/engine/1906""}"
1907,1907,109,created,2025-09-24 23:53:39,"{""short_code"":""kxHiGA"",""original_url"":""https://acme.dev/clear/valley/1907""}"
1908,1908,19,created,2025-03-15 00:49:20,"{""short_code"":""WZLcOT"",""original_url"":""https://relay.cloud/lively/delta/1908""}"
1909,1909,313,created,2025-08-23 22:10:24,"{""short_code"":""vhvWa2"",""original_url"":""https://example.com/calm/meadow/1909""}"
1910,1910,199,created,2025-07-23 01:13:16,"{""short_code"":""PZTRNZ"",""original_url"":""https://hackstack.io/jade/network/1910""}"
1911,1911,358,created,2025-11-17 16:09:53,"{""short_code"":""00g3ix"",""original_url"":""https://hackstack.io/forest/delta/1911""}"
1912,1912,277,created,2025-01-31 00:02:42,"{""short_code"":""Prcjle"",""original_url"":""https://seeded.app/dawn/pioneer/1912""}"
1913,1913,158,created,2026-01-14 15:49:17,"{""short_code"":""4tqDkf"",""original_url"":""https://relay.cloud/mellow/kernel/1913""}"
1914,1914,311,created,2025-03-20 07:58:51,"{""short_code"":""D70GTY"",""original_url"":""https://opswise.net/young/garden/1914""}"
1915,1915,188,created,2025-10-02 02:46:09,"{""short_code"":""rAEBxn"",""original_url"":""https://seeded.app/mellow/harvest/1915""}"
1916,1916,101,created,2025-05-23 11:51:57,"{""short_code"":""G2JtB5"",""original_url"":""https://acme.dev/ivory/engine/1916""}"
1917,1917,329,created,2025-03-17 18:39:08,"{""short_code"":""QFQNds"",""original_url"":""https://acme.dev/cobalt/orbit/1917""}"
1918,1918,127,created,2025-10-16 11:30:44,"{""short_code"":""5LHPqw"",""original_url"":""https://relay.cloud/warm/kernel/1918""}"
1919,1919,324,created,2025-11-20 09:54:56,"{""short_code"":""9dJ0ZL"",""original_url"":""https://hackstack.io/proud/zenith/1919""}"
1920,1920,282,created,2025-03-11 07:05:58,"{""short_code"":""WLD06U"",""original_url"":""https://example.com/ivory/harvest/1920""}"
1921,1921,136,created,2025-12-13 05:25:36,"{""short_code"":""nweCeW"",""original_url"":""https://example.com/ivory/uplink/1921""}"
1922,1922,235,created,2025-03-07 09:13:49,"{""short_code"":""UHaX64"",""original_url"":""https://opswise.net/ember/canyon/1922""}"
1923,1923,217,created,2025-02-18 13:21:49,"{""short_code"":""Jorffa"",""original_url"":""https://seeded.app/harbor/kernel/1923""}"
1924,1924,380,created,2025-01-14 09:33:07,"{""short_code"":""d3zih7"",""original_url"":""https://opswise.net/rapid/lagoon/1924""}"
1925,1925,255,created,2025-03-15 15:41:46,"{""short_code"":""ANzbLr"",""original_url"":""https://seeded.app/young/canyon/1925""}"
1926,1926,243,created,2025-09-13 01:22:12,"{""short_code"":""No9bam"",""original_url"":""https://relay.cloud/vivid/yard/1926""}"
1927,1927,312,created,2025-01-08 18:31:41,"{""short_code"":""9xg94k"",""original_url"":""https://seeded.app/lively/window/1927""}"
1928,1928,218,created,2025-07-02 23:26:12,"{""short_code"":""fGMDSY"",""original_url"":""https://relay.cloud/proud/harvest/1928""}"
1929,1929,331,created,2025-12-22 11:25:51,"{""short_code"":""wD1RQX"",""original_url"":""https://acme.dev/gold/kernel/1929""}"
1930,1930,118,created,2025-07-24 11:23:40,"{""short_code"":""QN33uC"",""original_url"":""https://opswise.net/silver/field/1930""}"
1931,1931,284,created,2025-09-08 18:31:11,"{""short_code"":""wyfJCe"",""original_url"":""https://opswise.net/urban/zenith/1931""}"
1932,1932,54,created,2025-04-21 01:14:58,"{""short_code"":""K0boy7"",""original_url"":""https://hackstack.io/mellow/yard/1932""}"
1933,1933,226,created,2025-12-27 17:02:47,"{""short_code"":""LdrpDy"",""original_url"":""https://hackstack.io/forest/kernel/1933""}"
1934,1934,98,created,2025-06-29 17:31:03,"{""short_code"":""p2YU0r"",""original_url"":""https://seeded.app/urban/canyon/1934""}"
1935,1935,73,created,2025-05-10 12:34:12,"{""short_code"":""rNTbd1"",""original_url"":""https://opswise.net/calm/zenith/1935""}"
1936,1936,144,created,2025-12-10 10:59:05,"{""short_code"":""bZG7GX"",""original_url"":""https://example.com/gold/trail/1936""}"
1937,1937,247,created,2025-09-12 10:53:40,"{""short_code"":""qlV0pQ"",""original_url"":""https://acme.dev/ember/pioneer/1937""}"
1938,1938,178,created,2025-06-12 16:20:00,"{""short_code"":""Ce3kFC"",""original_url"":""https://acme.dev/silver/harvest/1938""}"
1939,1939,230,created,2025-03-29 05:58:36,"{""short_code"":""FKHpqe"",""original_url"":""https://relay.cloud/harbor/quartz/1939""}"
1940,1940,301,created,2025-10-30 04:49:30,"{""short_code"":""xOUFOK"",""original_url"":""https://seeded.app/navy/beacon/1940""}"
1941,1941,124,created,2025-12-08 04:50:33,"{""short_code"":""K2ICKQ"",""original_url"":""https://acme.dev/tidy/lagoon/1941""}"
1942,1942,260,created,2025-01-14 20:13:51,"{""short_code"":""dFMILa"",""original_url"":""https://hackstack.io/proud/orbit/1942""}"
1943,1943,356,created,2025-09-11 13:52:54,"{""short_code"":""2CDqmn"",""original_url"":""https://relay.cloud/navy/engine/1943""}"
1944,1944,144,created,2025-04-08 17:04:12,"{""short_code"":""Tnn0xU"",""original_url"":""https://relay.cloud/navy/island/1944""}"
1945,1945,136,created,2025-02-05 12:18:15,"{""short_code"":""i2eRmq"",""original_url"":""https://hackstack.io/jade/lagoon/1945""}"
1946,1946,177,created,2025-11-05 06:20:06,"{""short_code"":""JTOIU8"",""original_url"":""https://seeded.app/ember/delta/1946""}"
1947,1947,400,created,2025-07-20 10:53:00,"{""short_code"":""ctRLnv"",""original_url"":""https://opswise.net/brisk/harvest/1947""}"
1948,1948,80,created,2025-02-23 06:47:08,"{""short_code"":""dqJEQG"",""original_url"":""https://acme.dev/harbor/meadow/1948""}"
1949,1949,240,created,2025-08-01 16:38:05,"{""short_code"":""dEY7HE"",""original_url"":""https://seeded.app/gold/beacon/1949""}"
1950,1950,126,created,2025-06-08 16:28:25,"{""short_code"":""sApnkj"",""original_url"":""https://hackstack.io/forest/kernel/1950""}"
1951,1951,322,created,2025-10-04 06:41:35,"{""short_code"":""bsvuGG"",""original_url"":""https://example.com/quiet/yard/1951""}"
1952,1952,116,created,2025-10-21 18:02:00,"{""short_code"":""NpWiJ8"",""original_url"":""https://acme.dev/cobalt/field/1952""}"
1953,1953,75,created,2025-01-16 10:05:51,"{""short_code"":""9csALH"",""original_url"":""https://opswise.net/quiet/island/1953""}"
1954,1954,8,created,2025-02-16 22:52:45,"{""short_code"":""CvfHdR"",""original_url"":""https://opswise.net/vivid/canyon/1954""}"
1955,1955,116,created,2025-11-06 09:34:24,"{""short_code"":""6MZEmz"",""original_url"":""https://acme.dev/opal/journey/1955""}"
1956,1956,61,created,2025-05-30 02:43:00,"{""short_code"":""It2A5J"",""original_url"":""https://relay.cloud/navy/valley/1956""}"
1957,1957,364,created,2025-09-28 12:14:14,"{""short_code"":""A7U5wj"",""original_url"":""https://hackstack.io/young/uplink/1957""}"
1958,1958,269,created,2025-01-17 15:38:08,"{""short_code"":""EwjdTB"",""original_url"":""https://opswise.net/navy/journey/1958""}"
1959,1959,71,created,2025-01-16 00:16:50,"{""short_code"":""OoPlol"",""original_url"":""https://acme.dev/clear/kernel/1959""}"
1960,1960,163,created,2025-01-14 07:38:05,"{""short_code"":""aMjB7q"",""original_url"":""https://acme.dev/vivid/pioneer/1960""}"
1961,1961,50,created,2025-11-03 17:28:57,"{""short_code"":""BouLDU"",""original_url"":""https://acme.dev/calm/orbit/1961""}"
1962,1962,127,created,2025-12-16 02:11:52,"{""short_code"":""Zfg7gC"",""original_url"":""https://opswise.net/harbor/kernel/1962""}"
1963,1963,34,created,2025-09-10 08:34:08,"{""short_code"":""ogAPQz"",""original_url"":""https://seeded.app/calm/quartz/1963""}"
1964,1964,94,created,2025-11-08 00:57:59,"{""short_code"":""iVGyCI"",""original_url"":""https://seeded.app/harbor/pioneer/1964""}"
1965,1965,392,created,2025-12-15 17:40:48,"{""short_code"":""0qrWVt"",""original_url"":""https://acme.dev/calm/engine/1965""}"
1966,1966,358,created,2026-02-08 05:36:57,"{""short_code"":""NLcgZT"",""original_url"":""https://hackstack.io/navy/island/1966""}"
1967,1967,288,created,2025-12-28 17:27:14,"{""short_code"":""LMyWU0"",""original_url"":""https://relay.cloud/ivory/trail/1967""}"
1968,1968,196,created,2025-03-02 12:04:25,"{""short_code"":""CMS6IN"",""original_url"":""https://seeded.app/dawn/yard/1968""}"
1969,1969,322,created,2025-12-05 08:30:50,"{""short_code"":""Li8KSe"",""original_url"":""https://seeded.app/silver/zenith/1969""}"
1970,1970,335,created,2025-01-17 19:51:43,"{""short_code"":""uZQ6eb"",""original_url"":""https://relay.cloud/ember/canyon/1970""}"
1971,1971,195,created,2025-05-05 07:20:11,"{""short_code"":""r99nGL"",""original_url"":""https://acme.dev/calm/harvest/1971""}"
1972,1972,264,created,2025-08-27 17:30:24,"{""short_code"":""6dxPlp"",""original_url"":""https://hackstack.io/cobalt/delta/1972""}"
1973,1973,99,created,2025-02-07 23:07:03,"{""short_code"":""FZzUzE"",""original_url"":""https://relay.cloud/urban/garden/1973""}"
1974,1974,303,created,2025-06-17 16:45:18,"{""short_code"":""DCgdHA"",""original_url"":""https://acme.dev/urban/garden/1974""}"
1975,1975,177,created,2025-01-16 14:37:00,"{""short_code"":""rUxcGN"",""original_url"":""https://opswise.net/dawn/yard/1975""}"
1976,1976,37,created,2025-04-27 12:53:53,"{""short_code"":""zLzX9F"",""original_url"":""https://acme.dev/vivid/uplink/1976""}"
1977,1977,255,created,2025-06-20 08:53:53,"{""short_code"":""UPrpZn"",""original_url"":""https://hackstack.io/ivory/quartz/1977""}"
1978,1978,284,created,2026-01-03 10:38:42,"{""short_code"":""RilbOH"",""original_url"":""https://opswise.net/harbor/beacon/1978""}"
1979,1979,387,created,2025-02-08 20:37:04,"{""short_code"":""7L3Zgx"",""original_url"":""https://acme.dev/opal/quartz/1979""}"
1980,1980,267,created,2026-02-12 15:51:09,"{""short_code"":""iZgG1Z"",""original_url"":""https://opswise.net/warm/uplink/1980""}"
1981,1981,206,created,2025-02-27 01:38:18,"{""short_code"":""juuly0"",""original_url"":""https://seeded.app/lively/anchor/1981""}"
1982,1982,299,created,2025-11-21 19:33:23,"{""short_code"":""rgleSf"",""original_url"":""https://seeded.app/silver/network/1982""}"
1983,1983,391,created,2025-07-28 18:11:55,"{""short_code"":""wL1R4f"",""original_url"":""https://example.com/harbor/yard/1983""}"
1984,1984,352,created,2025-07-02 19:54:04,"{""short_code"":""iEdDbv"",""original_url"":""https://relay.cloud/ivory/kernel/1984""}"
1985,1985,102,created,2025-07-19 17:58:46,"{""short_code"":""4OsPWQ"",""original_url"":""https://opswise.net/navy/trail/1985""}"
1986,1986,91,created,2025-01-17 02:39:52,"{""short_code"":""HC5YEb"",""original_url"":""https://hackstack.io/forest/signal/1986""}"
1987,1987,99,created,2025-09-27 20:20:32,"{""short_code"":""Vfi0K2"",""original_url"":""https://acme.dev/rapid/anchor/1987""}"
1988,1988,49,created,2025-04-04 09:04:58,"{""short_code"":""rjlO8a"",""original_url"":""https://opswise.net/keen/pioneer/1988""}"
1989,1989,77,created,2025-01-25 07:21:12,"{""short_code"":""plGTOe"",""original_url"":""https://example.com/harbor/anchor/1989""}"
1990,1990,137,created,2025-08-10 10:55:55,"{""short_code"":""9MqjrQ"",""original_url"":""https://acme.dev/brisk/delta/1990""}"
1991,1991,39,created,2025-09-13 22:30:04,"{""short_code"":""yH4ng2"",""original_url"":""https://relay.cloud/forest/harvest/1991""}"
1992,1992,368,created,2025-05-02 19:34:28,"{""short_code"":""L4IhTN"",""original_url"":""https://example.com/calm/yard/1992""}"
1993,1993,65,created,2025-02-03 13:34:07,"{""short_code"":""WGxKKK"",""original_url"":""https://seeded.app/silver/network/1993""}"
1994,1994,318,created,2025-06-14 05:30:22,"{""short_code"":""rQOCxi"",""original_url"":""https://relay.cloud/young/trail/1994""}"
1995,1995,396,created,2025-01-03 16:16:53,"{""short_code"":""YRHfB3"",""original_url"":""https://example.com/tidy/field/1995""}"
1996,1996,309,created,2025-10-30 14:56:17,"{""short_code"":""QNCbkw"",""original_url"":""https://relay.cloud/gold/engine/1996""}"
1997,1997,257,created,2025-06-07 08:19:47,"{""short_code"":""IjINH3"",""original_url"":""https://acme.dev/brisk/network/1997""}"
1998,1998,223,created,2025-12-18 14:45:50,"{""short_code"":""3kxFkJ"",""original_url"":""https://acme.dev/gold/quartz/1998""}"
1999,1999,118,created,2025-10-01 16:58:59,"{""short_code"":""BTjK59"",""original_url"":""https://opswise.net/ivory/window/1999""}"
2000,2000,158,created,2026-02-03 13:20:34,"{""short_code"":""Nx6Dn8"",""original_url"":""https://seeded.app/clear/zenith/2000""}"
2001,1,1,updated,2025-08-16 06:50:40,"{""field"":""title"",""new_value"":""refined""}"
2002,865,370,updated,2025-09-06 01:41:03,"{""field"":""is_active"",""new_value"":""rerouted""}"
2003,949,83,updated,2025-09-03 02:32:17,"{""field"":""title"",""new_value"":""rotated""}"
2004,1001,154,updated,2025-06-29 17:11:00,"{""field"":""is_active"",""new_value"":""refined""}"
2005,1681,166,updated,2025-02-18 07:25:56,"{""field"":""is_active"",""new_value"":""rerouted""}"
2006,1453,372,updated,2025-04-17 08:34:38,"{""field"":""title"",""new_value"":""boosted""}"
2007,8,105,updated,2025-03-25 10:24:55,"{""field"":""is_active"",""new_value"":""promoted""}"
2008,1958,269,updated,2025-09-03 14:36:11,"{""field"":""original_url"",""new_value"":""https://opswise.net/lagoon/342""}"
2009,1257,364,updated,2026-01-15 11:55:27,"{""field"":""is_active"",""new_value"":""rotated""}"
2010,619,149,updated,2025-01-12 15:44:22,"{""field"":""is_active"",""new_value"":""rerouted""}"
2011,326,195,updated,2025-04-18 00:10:47,"{""field"":""is_active"",""new_value"":""archived""}"
2012,216,96,updated,2025-11-29 04:42:15,"{""field"":""is_active"",""new_value"":""quieted""}"
2013,1664,92,updated,2025-11-17 14:02:34,"{""field"":""is_active"",""new_value"":""patched""}"
2014,1632,377,updated,2025-10-31 06:04:58,"{""field"":""is_active"",""new_value"":""promoted""}"
2015,112,161,updated,2026-02-05 10:16:15,"{""field"":""is_active"",""new_value"":""rotated""}"
2016,552,170,updated,2025-06-17 06:06:18,"{""field"":""is_active"",""new_value"":""boosted""}"
2017,1450,123,updated,2025-02-03 11:12:09,"{""field"":""original_url"",""new_value"":""https://seeded.app/valley/8355""}"
2018,195,368,updated,2025-12-13 12:43:06,"{""field"":""is_active"",""new_value"":""rotated""}"
2019,346,247,updated,2025-11-02 13:15:44,"{""field"":""title"",""new_value"":""quieted""}"
2020,1981,206,updated,2025-03-21 22:06:08,"{""field"":""original_url"",""new_value"":""https://relay.cloud/canyon/5221""}"
2021,1200,156,updated,2025-12-06 07:59:31,"{""field"":""title"",""new_value"":""archived""}"
2022,426,229,updated,2025-01-23 22:50:19,"{""field"":""original_url"",""new_value"":""https://hackstack.io/meadow/7960""}"
2023,1911,358,updated,2026-01-04 11:05:41,"{""field"":""original_url"",""new_value"":""https://seeded.app/quartz/6989""}"
2024,815,50,updated,2026-02-19 21:57:26,"{""field"":""title"",""new_value"":""quieted""}"
2025,505,156,updated,2025-09-04 19:47:42,"{""field"":""original_url"",""new_value"":""https://opswise.net/beacon/8270""}"
2026,860,268,updated,2025-07-25 03:17:19,"{""field"":""is_active"",""new_value"":""archived""}"
2027,1345,332,updated,2026-02-13 16:49:26,"{""field"":""is_active"",""new_value"":""rotated""}"
2028,746,205,updated,2025-10-12 01:31:55,"{""field"":""is_active"",""new_value"":""rerouted""}"
2029,1670,206,updated,2025-04-28 20:52:59,"{""field"":""is_active"",""new_value"":""patched""}"
2030,600,164,updated,2025-09-27 18:41:04,"{""field"":""title"",""new_value"":""boosted""}"
2031,1368,33,updated,2025-04-06 19:11:03,"{""field"":""original_url"",""new_value"":""https://example.com/beacon/5260""}"
2032,428,229,updated,2025-11-13 10:00:36,"{""field"":""original_url"",""new_value"":""https://acme.dev/zenith/5728""}"
2033,1161,286,updated,2025-10-18 15:09:02,"{""field"":""is_active"",""new_value"":""rotated""}"
2034,1786,228,updated,2025-10-26 12:22:18,"{""field"":""original_url"",""new_value"":""https://seeded.app/orbit/2197""}"
2035,284,290,updated,2025-04-11 16:44:55,"{""field"":""original_url"",""new_value"":""https://seeded.app/island/6895""}"
2036,398,187,updated,2025-08-13 05:15:25,"{""field"":""title"",""new_value"":""quieted""}"
2037,1438,18,updated,2025-05-26 13:58:46,"{""field"":""is_active"",""new_value"":""patched""}"
2038,1804,393,updated,2025-02-13 05:31:20,"{""field"":""title"",""new_value"":""promoted""}"
2039,867,142,updated,2025-03-12 17:14:32,"{""field"":""title"",""new_value"":""archived""}"
2040,891,338,updated,2025-03-05 19:26:26,"{""field"":""original_url"",""new_value"":""https://relay.cloud/pioneer/4240""}"
2041,1323,369,updated,2025-05-29 06:20:15,"{""field"":""original_url"",""new_value"":""https://hackstack.io/beacon/362""}"
2042,520,350,updated,2025-10-21 10:16:16,"{""field"":""title"",""new_value"":""promoted""}"
2043,1850,246,updated,2025-06-23 08:34:25,"{""field"":""is_active"",""new_value"":""boosted""}"
2044,1814,348,updated,2025-11-08 06:33:54,"{""field"":""is_active"",""new_value"":""rotated""}"
2045,1870,334,updated,2026-02-05 07:14:37,"{""field"":""original_url"",""new_value"":""https://hackstack.io/field/916""}"
2046,12,363,updated,2026-01-05 09:15:14,"{""field"":""title"",""new_value"":""boosted""}"
2047,777,93,updated,2025-10-06 05:59:31,"{""field"":""original_url"",""new_value"":""https://acme.dev/zenith/812""}"
2048,1051,43,updated,2026-02-24 09:44:06,"{""field"":""is_active"",""new_value"":""rerouted""}"
2049,1187,388,updated,2025-03-21 06:58:44,"{""field"":""title"",""new_value"":""rotated""}"
2050,1033,61,updated,2025-12-09 12:19:01,"{""field"":""is_active"",""new_value"":""promoted""}"
2051,1532,131,updated,2025-08-07 00:24:05,"{""field"":""original_url"",""new_value"":""https://relay.cloud/river/1187""}"
2052,1756,263,updated,2025-04-17 12:40:35,"{""field"":""original_url"",""new_value"":""https://hackstack.io/journey/5269""}"
2053,271,318,updated,2025-11-26 16:43:42,"{""field"":""original_url"",""new_value"":""https://seeded.app/valley/6054""}"
2054,442,104,updated,2025-05-22 23:42:10,"{""field"":""title"",""new_value"":""archived""}"
2055,316,283,updated,2025-01-07 12:12:29,"{""field"":""title"",""new_value"":""promoted""}"
2056,887,264,updated,2025-04-05 04:06:52,"{""field"":""title"",""new_value"":""archived""}"
2057,34,103,updated,2025-05-05 00:30:23,"{""field"":""original_url"",""new_value"":""https://example.com/anchor/5544""}"
2058,1546,36,updated,2025-11-14 21:57:00,"{""field"":""original_url"",""new_value"":""https://example.com/kernel/2592""}"
2059,1703,164,updated,2025-03-27 06:48:31,"{""field"":""original_url"",""new_value"":""https://acme.dev/delta/5779""}"
2060,170,388,updated,2025-11-17 20:40:08,"{""field"":""is_active"",""new_value"":""rotated""}"
2061,232,220,updated,2025-02-03 20:34:44,"{""field"":""is_active"",""new_value"":""quieted""}"
2062,911,203,updated,2025-08-10 11:52:09,"{""field"":""title"",""new_value"":""refined""}"
2063,1729,278,updated,2025-12-26 21:45:05,"{""field"":""original_url"",""new_value"":""https://seeded.app/quartz/8875""}"
2064,274,33,updated,2025-06-20 15:30:54,"{""field"":""title"",""new_value"":""rerouted""}"
2065,1510,4,updated,2025-03-04 07:50:24,"{""field"":""is_active"",""new_value"":""refined""}"
2066,729,346,updated,2025-01-17 23:09:18,"{""field"":""original_url"",""new_value"":""https://acme.dev/trail/1766""}"
2067,862,201,updated,2025-05-25 12:07:00,"{""field"":""title"",""new_value"":""archived""}"
2068,306,233,updated,2025-03-31 10:36:31,"{""field"":""is_active"",""new_value"":""quieted""}"
2069,855,17,updated,2025-05-01 08:51:41,"{""field"":""title"",""new_value"":""rerouted""}"
2070,1472,382,updated,2025-09-16 19:47:30,"{""field"":""title"",""new_value"":""promoted""}"
2071,146,135,updated,2025-05-13 02:14:50,"{""field"":""is_active"",""new_value"":""patched""}"
2072,629,228,updated,2025-03-16 09:35:49,"{""field"":""is_active"",""new_value"":""refined""}"
2073,1245,1,updated,2025-03-17 13:17:39,"{""field"":""original_url"",""new_value"":""https://relay.cloud/lagoon/9404""}"
2074,1608,268,updated,2025-11-29 19:05:38,"{""field"":""is_active"",""new_value"":""rerouted""}"
2075,1261,258,updated,2026-02-01 23:25:33,"{""field"":""is_active"",""new_value"":""refined""}"
2076,1241,312,updated,2025-10-05 14:56:28,"{""field"":""original_url"",""new_value"":""https://hackstack.io/lagoon/4398""}"
2077,1483,194,updated,2025-03-21 00:59:50,"{""field"":""title"",""new_value"":""patched""}"
2078,139,349,updated,2025-11-08 18:22:05,"{""field"":""is_active"",""new_value"":""archived""}"
2079,733,322,updated,2025-08-05 20:48:40,"{""field"":""title"",""new_value"":""patched""}"
2080,477,61,updated,2025-12-09 16:19:57,"{""field"":""is_active"",""new_value"":""promoted""}"
2081,701,95,updated,2025-06-03 14:21:33,"{""field"":""is_active"",""new_value"":""rotated""}"
2082,248,97,updated,2026-01-29 20:41:15,"{""field"":""original_url"",""new_value"":""https://acme.dev/beacon/8864""}"
2083,1061,304,updated,2026-01-29 12:57:00,"{""field"":""original_url"",""new_value"":""https://acme.dev/trail/3037""}"
2084,1732,149,updated,2025-11-08 04:18:40,"{""field"":""title"",""new_value"":""rotated""}"
2085,1377,85,updated,2025-08-14 10:39:40,"{""field"":""is_active"",""new_value"":""boosted""}"
2086,1790,50,updated,2025-02-06 14:04:57,"{""field"":""title"",""new_value"":""boosted""}"
2087,484,2,updated,2025-11-22 07:18:32,"{""field"":""title"",""new_value"":""archived""}"
2088,765,116,updated,2025-01-27 16:11:45,"{""field"":""is_active"",""new_value"":""rerouted""}"
2089,385,23,updated,2025-02-06 21:42:02,"{""field"":""original_url"",""new_value"":""https://opswise.net/valley/9024""}"
2090,1370,325,updated,2025-01-17 10:57:50,"{""field"":""title"",""new_value"":""boosted""}"
2091,1796,27,updated,2025-02-11 04:49:57,"{""field"":""original_url"",""new_value"":""https://relay.cloud/kernel/8545""}"
2092,360,10,updated,2025-09-29 02:00:33,"{""field"":""is_active"",""new_value"":""refined""}"
2093,676,122,updated,2025-03-13 22:49:33,"{""field"":""title"",""new_value"":""refined""}"
2094,414,87,updated,2025-01-14 05:49:11,"{""field"":""title"",""new_value"":""boosted""}"
2095,1110,133,updated,2025-03-14 13:40:05,"{""field"":""is_active"",""new_value"":""refined""}"
2096,356,347,updated,2025-06-06 10:41:38,"{""field"":""original_url"",""new_value"":""https://seeded.app/harvest/2833""}"
2097,1297,219,updated,2026-01-16 01:28:03,"{""field"":""is_active"",""new_value"":""rotated""}"
2098,845,137,updated,2025-10-05 10:29:53,"{""field"":""is_active"",""new_value"":""patched""}"
2099,1225,243,updated,2025-03-31 13:59:20,"{""field"":""is_active"",""new_value"":""archived""}"
2100,768,75,updated,2025-11-18 07:14:19,"{""field"":""original_url"",""new_value"":""https://hackstack.io/uplink/7648""}"
2101,164,207,updated,2026-02-07 14:03:43,"{""field"":""original_url"",""new_value"":""https://opswise.net/signal/6935""}"
2102,310,250,updated,2025-10-20 08:09:49,"{""field"":""title"",""new_value"":""rotated""}"
2103,532,246,updated,2025-06-04 06:02:41,"{""field"":""original_url"",""new_value"":""https://example.com/quartz/771""}"
2104,1371,200,updated,2025-08-22 04:32:04,"{""field"":""is_active"",""new_value"":""refined""}"
2105,373,81,updated,2025-10-27 18:55:00,"{""field"":""is_active"",""new_value"":""boosted""}"
2106,1471,351,updated,2025-08-22 19:51:15,"{""field"":""title"",""new_value"":""archived""}"
2107,1491,113,updated,2025-04-02 11:04:38,"{""field"":""title"",""new_value"":""promoted""}"
2108,1124,379,updated,2026-01-30 03:17:03,"{""field"":""original_url"",""new_value"":""https://acme.dev/trail/2165""}"
2109,431,124,updated,2025-03-10 04:09:58,"{""field"":""title"",""new_value"":""promoted""}"
2110,166,264,updated,2026-01-01 19:11:50,"{""field"":""is_active"",""new_value"":""refined""}"
2111,1623,159,updated,2025-07-15 04:03:29,"{""field"":""original_url"",""new_value"":""https://relay.cloud/lagoon/1225""}"
2112,1415,340,updated,2025-04-24 01:22:13,"{""field"":""is_active"",""new_value"":""rotated""}"
2113,226,242,updated,2025-06-16 10:31:18,"{""field"":""title"",""new_value"":""rotated""}"
2114,1070,100,updated,2025-03-10 08:40:29,"{""field"":""is_active"",""new_value"":""refined""}"
2115,1456,320,updated,2025-10-31 06:53:06,"{""field"":""title"",""new_value"":""boosted""}"
2116,246,340,updated,2025-07-30 21:09:02,"{""field"":""original_url"",""new_value"":""https://acme.dev/uplink/8251""}"
2117,1321,148,updated,2025-01-13 16:11:00,"{""field"":""original_url"",""new_value"":""https://hackstack.io/field/5841""}"
2118,786,374,updated,2025-02-04 01:58:14,"{""field"":""title"",""new_value"":""promoted""}"
2119,1054,230,updated,2025-09-18 15:49:12,"{""field"":""is_active"",""new_value"":""promoted""}"
2120,608,161,updated,2025-09-01 14:44:04,"{""field"":""original_url"",""new_value"":""https://hackstack.io/delta/6206""}"
2121,1023,201,updated,2026-01-10 03:24:44,"{""field"":""is_active"",""new_value"":""rerouted""}"
2122,102,65,updated,2025-03-01 14:29:06,"{""field"":""title"",""new_value"":""patched""}"
2123,588,370,updated,2026-02-13 20:15:14,"{""field"":""title"",""new_value"":""rerouted""}"
2124,381,224,updated,2025-09-20 14:48:30,"{""field"":""original_url"",""new_value"":""https://relay.cloud/canyon/1092""}"
2125,1961,50,updated,2025-12-23 21:06:53,"{""field"":""is_active"",""new_value"":""archived""}"
2126,1758,47,updated,2025-11-13 04:40:32,"{""field"":""original_url"",""new_value"":""https://seeded.app/valley/6802""}"
2127,180,342,updated,2025-09-30 03:44:16,"{""field"":""title"",""new_value"":""patched""}"
2128,374,132,updated,2025-11-17 02:22:20,"{""field"":""title"",""new_value"":""rotated""}"
2129,730,152,updated,2025-07-24 02:02:16,"{""field"":""title"",""new_value"":""archived""}"
2130,1183,165,updated,2025-12-18 13:58:09,"{""field"":""original_url"",""new_value"":""https://seeded.app/yard/2730""}"
2131,559,176,updated,2025-09-01 23:28:01,"{""field"":""is_active"",""new_value"":""patched""}"
2132,1111,207,updated,2025-02-14 14:40:30,"{""field"":""title"",""new_value"":""boosted""}"
2133,313,92,updated,2025-07-23 22:33:46,"{""field"":""title"",""new_value"":""boosted""}"
2134,1166,150,updated,2025-09-19 13:17:02,"{""field"":""is_active"",""new_value"":""refined""}"
2135,868,279,updated,2025-02-02 10:31:37,"{""field"":""title"",""new_value"":""quieted""}"
2136,948,247,updated,2025-06-17 18:55:47,"{""field"":""is_active"",""new_value"":""refined""}"
2137,290,152,updated,2026-01-11 00:14:26,"{""field"":""title"",""new_value"":""rotated""}"
2138,371,379,updated,2025-01-14 11:56:10,"{""field"":""original_url"",""new_value"":""https://opswise.net/delta/3601""}"
2139,331,71,updated,2025-02-26 08:44:03,"{""field"":""is_active"",""new_value"":""patched""}"
2140,1374,174,updated,2025-11-22 21:20:14,"{""field"":""title"",""new_value"":""rerouted""}"
2141,697,372,updated,2025-03-03 01:01:45,"{""field"":""original_url"",""new_value"":""https://example.com/kernel/8104""}"
2142,1215,217,updated,2025-04-04 17:26:47,"{""field"":""title"",""new_value"":""archived""}"
2143,705,382,updated,2025-07-01 06:42:19,"{""field"":""original_url"",""new_value"":""https://example.com/meadow/6177""}"
2144,225,137,updated,2025-06-21 21:49:19,"{""field"":""original_url"",""new_value"":""https://seeded.app/canyon/5504""}"
2145,1525,50,updated,2025-05-10 10:40:37,"{""field"":""title"",""new_value"":""boosted""}"
2146,46,76,updated,2025-12-07 06:14:55,"{""field"":""is_active"",""new_value"":""refined""}"
2147,579,192,updated,2026-01-11 09:21:41,"{""field"":""is_active"",""new_value"":""archived""}"
2148,1960,163,updated,2025-01-20 04:24:26,"{""field"":""original_url"",""new_value"":""https://relay.cloud/journey/950""}"
2149,167,133,updated,2025-10-11 07:32:33,"{""field"":""is_active"",""new_value"":""archived""}"
2150,1855,238,updated,2025-10-20 06:15:13,"{""field"":""title"",""new_value"":""patched""}"
2151,1784,348,updated,2025-10-29 01:59:53,"{""field"":""title"",""new_value"":""boosted""}"
2152,1877,225,updated,2026-02-10 11:18:30,"{""field"":""original_url"",""new_value"":""https://opswise.net/engine/8032""}"
2153,77,122,updated,2025-09-05 22:26:34,"{""field"":""original_url"",""new_value"":""https://relay.cloud/uplink/894""}"
2154,924,288,updated,2025-11-20 23:19:28,"{""field"":""is_active"",""new_value"":""patched""}"
2155,39,9,updated,2025-12-28 17:42:45,"{""field"":""title"",""new_value"":""quieted""}"
2156,1923,217,updated,2025-02-14 03:43:19,"{""field"":""title"",""new_value"":""patched""}"
2157,363,139,updated,2025-10-28 15:57:07,"{""field"":""original_url"",""new_value"":""https://seeded.app/delta/1884""}"
2158,1141,81,updated,2025-12-04 06:26:25,"{""field"":""original_url"",""new_value"":""https://relay.cloud/journey/9068""}"
2159,1148,54,updated,2025-06-15 21:36:47,"{""field"":""original_url"",""new_value"":""https://hackstack.io/island/7123""}"
2160,1819,200,updated,2025-08-01 11:31:36,"{""field"":""is_active"",""new_value"":""quieted""}"
2161,142,303,updated,2025-05-19 17:26:24,"{""field"":""title"",""new_value"":""archived""}"
2162,441,262,updated,2025-07-11 10:55:33,"{""field"":""title"",""new_value"":""rerouted""}"
2163,965,150,updated,2026-01-31 02:35:38,"{""field"":""is_active"",""new_value"":""patched""}"
2164,1793,21,updated,2025-12-22 04:53:21,"{""field"":""title"",""new_value"":""rotated""}"
2165,1351,250,updated,2025-05-02 22:19:40,"{""field"":""title"",""new_value"":""refined""}"
2166,481,104,updated,2025-01-08 02:05:51,"{""field"":""original_url"",""new_value"":""https://example.com/meadow/1007""}"
2167,1435,178,updated,2026-02-23 17:09:52,"{""field"":""title"",""new_value"":""refined""}"
2168,1687,186,updated,2025-06-03 14:03:18,"{""field"":""is_active"",""new_value"":""quieted""}"
2169,1692,321,updated,2025-03-05 20:37:41,"{""field"":""title"",""new_value"":""rerouted""}"
2170,951,102,updated,2025-01-17 06:24:50,"{""field"":""original_url"",""new_value"":""https://relay.cloud/uplink/4071""}"
2171,1833,46,updated,2025-02-03 00:24:10,"{""field"":""original_url"",""new_value"":""https://example.com/yard/4109""}"
2172,24,127,updated,2025-04-19 03:14:19,"{""field"":""original_url"",""new_value"":""https://acme.dev/beacon/8661""}"
2173,454,143,updated,2026-02-03 12:21:37,"{""field"":""title"",""new_value"":""patched""}"
2174,813,233,updated,2025-02-01 23:22:50,"{""field"":""is_active"",""new_value"":""rerouted""}"
2175,1156,115,updated,2025-04-22 06:30:41,"{""field"":""title"",""new_value"":""patched""}"
2176,27,169,updated,2025-06-05 23:34:14,"{""field"":""is_active"",""new_value"":""rotated""}"
2177,140,8,updated,2025-04-12 13:06:25,"{""field"":""is_active"",""new_value"":""patched""}"
2178,187,232,updated,2025-02-27 14:24:21,"{""field"":""original_url"",""new_value"":""https://opswise.net/anchor/4129""}"
2179,1597,296,updated,2025-08-31 08:07:44,"{""field"":""is_active"",""new_value"":""promoted""}"
2180,1620,400,updated,2025-09-10 16:00:24,"{""field"":""is_active"",""new_value"":""refined""}"
2181,1970,335,updated,2025-03-16 07:49:56,"{""field"":""title"",""new_value"":""patched""}"
2182,741,359,updated,2025-09-11 00:59:39,"{""field"":""is_active"",""new_value"":""rerouted""}"
2183,1984,352,updated,2025-11-16 16:50:39,"{""field"":""original_url"",""new_value"":""https://hackstack.io/meadow/3205""}"
2184,461,213,updated,2025-11-22 05:00:01,"{""field"":""title"",""new_value"":""quieted""}"
2185,1717,156,updated,2026-01-25 06:48:48,"{""field"":""original_url"",""new_value"":""https://seeded.app/kernel/3550""}"
2186,57,362,updated,2025-07-21 23:23:17,"{""field"":""title"",""new_value"":""refined""}"
2187,435,185,updated,2025-10-30 02:18:16,"{""field"":""original_url"",""new_value"":""https://opswise.net/valley/5878""}"
2188,1330,334,updated,2025-07-01 20:07:23,"{""field"":""original_url"",""new_value"":""https://hackstack.io/river/9326""}"
2189,153,379,updated,2025-08-11 10:37:54,"{""field"":""title"",""new_value"":""archived""}"
2190,1048,67,updated,2025-03-26 03:12:49,"{""field"":""original_url"",""new_value"":""https://seeded.app/lagoon/2154""}"
2191,739,103,updated,2025-04-30 15:31:18,"{""field"":""is_active"",""new_value"":""rerouted""}"
2192,1424,44,updated,2025-06-16 18:34:36,"{""field"":""title"",""new_value"":""refined""}"
2193,893,281,updated,2025-01-13 19:42:18,"{""field"":""is_active"",""new_value"":""promoted""}"
2194,653,63,updated,2025-04-24 15:38:39,"{""field"":""title"",""new_value"":""rotated""}"
2195,1708,143,updated,2025-02-25 22:50:45,"{""field"":""is_active"",""new_value"":""boosted""}"
2196,1853,36,updated,2025-07-24 23:02:39,"{""field"":""is_active"",""new_value"":""refined""}"
2197,567,387,updated,2026-02-13 14:12:38,"{""field"":""is_active"",""new_value"":""archived""}"
2198,1400,216,updated,2025-11-20 06:57:32,"{""field"":""original_url"",""new_value"":""https://relay.cloud/meadow/5288""}"
2199,529,301,updated,2025-06-08 00:07:23,"{""field"":""title"",""new_value"":""patched""}"
2200,835,79,updated,2025-08-19 14:19:17,"{""field"":""original_url"",""new_value"":""https://relay.cloud/trail/1098""}"
2201,335,279,updated,2025-10-15 12:59:33,"{""field"":""is_active"",""new_value"":""promoted""}"
2202,695,56,updated,2025-01-06 03:45:53,"{""field"":""is_active"",""new_value"":""refined""}"
2203,1767,212,updated,2026-01-03 11:23:59,"{""field"":""title"",""new_value"":""archived""}"
2204,1266,79,updated,2026-01-12 11:52:16,"{""field"":""title"",""new_value"":""rerouted""}"
2205,79,387,updated,2026-02-20 08:21:17,"{""field"":""title"",""new_value"":""rotated""}"
2206,1098,218,updated,2025-06-05 02:59:46,"{""field"":""title"",""new_value"":""rerouted""}"
2207,323,20,updated,2025-09-30 13:36:54,"{""field"":""title"",""new_value"":""archived""}"
2208,590,140,updated,2025-05-18 18:40:32,"{""field"":""title"",""new_value"":""boosted""}"
2209,1577,214,updated,2025-09-01 13:39:13,"{""field"":""original_url"",""new_value"":""https://relay.cloud/network/6877""}"
2210,126,336,updated,2025-07-16 16:50:03,"{""field"":""title"",""new_value"":""promoted""}"
2211,445,201,updated,2025-01-29 16:05:51,"{""field"":""title"",""new_value"":""rerouted""}"
2212,1408,20,updated,2026-01-28 03:26:36,"{""field"":""is_active"",""new_value"":""archived""}"
2213,1716,64,updated,2025-01-05 19:53:40,"{""field"":""is_active"",""new_value"":""boosted""}"
2214,1405,322,updated,2025-10-02 22:02:13,"{""field"":""is_active"",""new_value"":""patched""}"
2215,1411,245,updated,2025-10-19 00:55:23,"{""field"":""title"",""new_value"":""boosted""}"
2216,348,357,updated,2025-07-20 14:11:17,"{""field"":""original_url"",""new_value"":""https://hackstack.io/garden/5825""}"
2217,1045,67,updated,2025-01-11 15:28:59,"{""field"":""title"",""new_value"":""rerouted""}"
2218,1673,358,updated,2025-09-14 18:47:12,"{""field"":""original_url"",""new_value"":""https://seeded.app/field/9183""}"
2219,185,222,updated,2025-07-03 02:10:23,"{""field"":""title"",""new_value"":""promoted""}"
2220,279,395,updated,2025-04-13 21:59:03,"{""field"":""is_active"",""new_value"":""rotated""}"
2221,9,271,updated,2026-01-04 10:44:09,"{""field"":""is_active"",""new_value"":""promoted""}"
2222,1292,158,updated,2025-05-09 00:55:49,"{""field"":""is_active"",""new_value"":""refined""}"
2223,1188,357,updated,2025-12-06 19:29:56,"{""field"":""is_active"",""new_value"":""patched""}"
2224,1248,72,updated,2025-03-12 04:13:14,"{""field"":""title"",""new_value"":""rerouted""}"
2225,707,288,updated,2025-03-24 15:28:36,"{""field"":""original_url"",""new_value"":""https://acme.dev/window/638""}"
2226,364,66,updated,2026-01-18 18:29:38,"{""field"":""title"",""new_value"":""rerouted""}"
2227,1890,309,updated,2025-06-27 11:54:06,"{""field"":""title"",""new_value"":""rotated""}"
2228,1843,286,updated,2025-07-24 20:15:18,"{""field"":""original_url"",""new_value"":""https://relay.cloud/yard/4499""}"
2229,338,315,updated,2025-07-26 11:52:34,"{""field"":""is_active"",""new_value"":""boosted""}"
2230,622,187,updated,2025-08-03 09:57:09,"{""field"":""title"",""new_value"":""quieted""}"
2231,1125,77,updated,2025-09-07 18:26:41,"{""field"":""is_active"",""new_value"":""promoted""}"
2232,1988,49,updated,2025-03-09 20:22:30,"{""field"":""original_url"",""new_value"":""https://opswise.net/zenith/2832""}"
2233,1314,154,updated,2025-02-17 18:04:18,"{""field"":""is_active"",""new_value"":""promoted""}"
2234,506,289,updated,2025-05-17 07:57:08,"{""field"":""is_active"",""new_value"":""rotated""}"
2235,1416,305,updated,2026-01-09 03:57:05,"{""field"":""is_active"",""new_value"":""boosted""}"
2236,174,90,updated,2025-02-04 19:49:57,"{""field"":""is_active"",""new_value"":""rerouted""}"
2237,1921,136,updated,2025-09-22 04:33:59,"{""field"":""is_active"",""new_value"":""promoted""}"
2238,737,157,updated,2025-07-26 17:39:59,"{""field"":""title"",""new_value"":""rerouted""}"
2239,224,391,updated,2025-08-22 02:42:34,"{""field"":""original_url"",""new_value"":""https://opswise.net/lagoon/984""}"
2240,92,12,updated,2025-11-15 04:43:12,"{""field"":""is_active"",""new_value"":""refined""}"
2241,1993,65,updated,2025-02-27 22:30:04,"{""field"":""original_url"",""new_value"":""https://seeded.app/journey/5131""}"
2242,1081,89,updated,2025-06-11 11:16:28,"{""field"":""original_url"",""new_value"":""https://acme.dev/river/1795""}"
2243,1250,232,updated,2025-03-25 16:30:54,"{""field"":""is_active"",""new_value"":""archived""}"
2244,1365,272,updated,2025-04-14 00:58:58,"{""field"":""original_url"",""new_value"":""https://relay.cloud/harvest/9581""}"
2245,321,147,updated,2025-11-04 19:02:33,"{""field"":""is_active"",""new_value"":""refined""}"
2246,62,315,updated,2025-09-04 23:04:27,"{""field"":""is_active"",""new_value"":""rotated""}"
2247,470,171,updated,2025-03-31 13:05:32,"{""field"":""is_active"",""new_value"":""rotated""}"
2248,599,261,updated,2025-08-31 22:31:39,"{""field"":""original_url"",""new_value"":""https://acme.dev/signal/1437""}"
2249,1025,109,updated,2026-01-27 09:40:54,"{""field"":""title"",""new_value"":""rotated""}"
2250,82,41,updated,2025-07-08 09:40:25,"{""field"":""title"",""new_value"":""quieted""}"
2251,455,376,updated,2025-07-19 21:13:59,"{""field"":""title"",""new_value"":""quieted""}"
2252,725,351,updated,2026-01-03 20:20:03,"{""field"":""is_active"",""new_value"":""archived""}"
2253,1668,127,updated,2025-07-29 22:57:44,"{""field"":""is_active"",""new_value"":""boosted""}"
2254,319,93,updated,2025-07-29 06:11:53,"{""field"":""title"",""new_value"":""archived""}"
2255,1420,20,updated,2025-11-27 18:53:28,"{""field"":""title"",""new_value"":""quieted""}"
2256,1092,332,updated,2025-04-24 10:00:55,"{""field"":""original_url"",""new_value"":""https://opswise.net/pioneer/4549""}"
2257,1174,60,updated,2025-03-27 22:34:55,"{""field"":""title"",""new_value"":""patched""}"
2258,68,326,updated,2025-07-01 21:06:25,"{""field"":""original_url"",""new_value"":""https://seeded.app/meadow/9971""}"
2259,1270,285,updated,2025-07-02 18:21:12,"{""field"":""is_active"",""new_value"":""patched""}"
2260,625,218,updated,2025-04-09 03:17:21,"{""field"":""original_url"",""new_value"":""https://seeded.app/network/8840""}"
2261,525,245,updated,2026-01-06 05:16:20,"{""field"":""is_active"",""new_value"":""boosted""}"
2262,74,191,updated,2025-09-07 12:37:49,"{""field"":""title"",""new_value"":""patched""}"
2263,1431,207,updated,2025-12-08 11:01:24,"{""field"":""is_active"",""new_value"":""quieted""}"
2264,495,250,updated,2025-08-09 01:59:15,"{""field"":""title"",""new_value"":""boosted""}"
2265,832,223,updated,2025-06-11 04:06:54,"{""field"":""is_active"",""new_value"":""refined""}"
2266,983,361,updated,2025-10-07 00:51:50,"{""field"":""title"",""new_value"":""patched""}"
2267,145,16,updated,2025-02-24 20:51:02,"{""field"":""is_active"",""new_value"":""patched""}"
2268,379,222,updated,2026-02-17 14:18:31,"{""field"":""is_active"",""new_value"":""boosted""}"
2269,968,149,updated,2026-02-22 07:53:09,"{""field"":""original_url"",""new_value"":""https://hackstack.io/canyon/3501""}"
2270,412,85,updated,2025-06-17 06:44:12,"{""field"":""original_url"",""new_value"":""https://hackstack.io/field/934""}"
2271,1849,42,updated,2025-03-16 14:40:53,"{""field"":""is_active"",""new_value"":""rotated""}"
2272,668,285,updated,2025-05-06 16:26:35,"{""field"":""original_url"",""new_value"":""https://hackstack.io/meadow/7588""}"
2273,1253,105,updated,2026-02-06 16:18:25,"{""field"":""title"",""new_value"":""refined""}"
2274,1766,166,updated,2025-08-11 04:32:39,"{""field"":""is_active"",""new_value"":""rotated""}"
2275,260,132,updated,2025-02-16 23:07:31,"{""field"":""original_url"",""new_value"":""https://example.com/pioneer/6318""}"
2276,636,376,updated,2025-08-04 21:08:39,"{""field"":""original_url"",""new_value"":""https://opswise.net/harvest/7796""}"
2277,1222,365,updated,2025-09-24 13:14:44,"{""field"":""is_active"",""new_value"":""rerouted""}"
2278,904,326,updated,2025-05-25 07:05:47,"{""field"":""original_url"",""new_value"":""https://example.com/field/6907""}"
2279,1063,147,updated,2025-05-20 23:15:21,"{""field"":""title"",""new_value"":""boosted""}"
2280,451,271,updated,2026-02-03 18:52:43,"{""field"":""is_active"",""new_value"":""patched""}"
2281,1484,372,updated,2025-01-02 18:13:56,"{""field"":""is_active"",""new_value"":""rerouted""}"
2282,465,386,updated,2025-02-11 04:27:02,"{""field"":""original_url"",""new_value"":""https://opswise.net/meadow/1667""}"
2283,1226,136,updated,2025-06-13 13:56:31,"{""field"":""original_url"",""new_value"":""https://acme.dev/journey/6593""}"
2284,1439,293,updated,2025-01-21 08:28:40,"{""field"":""title"",""new_value"":""boosted""}"
2285,998,358,updated,2025-07-30 02:24:57,"{""field"":""is_active"",""new_value"":""refined""}"
2286,1372,289,updated,2026-02-12 18:15:06,"{""field"":""original_url"",""new_value"":""https://relay.cloud/meadow/3052""}"
2287,1335,4,updated,2026-01-09 20:37:56,"{""field"":""title"",""new_value"":""boosted""}"
2288,687,88,updated,2025-08-22 01:54:09,"{""field"":""original_url"",""new_value"":""https://example.com/journey/1323""}"
2289,669,381,updated,2025-12-12 16:22:25,"{""field"":""title"",""new_value"":""patched""}"
2290,1238,385,updated,2025-02-22 13:05:14,"{""field"":""is_active"",""new_value"":""archived""}"
2291,114,103,updated,2026-02-27 14:55:57,"{""field"":""original_url"",""new_value"":""https://opswise.net/journey/6490""}"
2292,182,50,updated,2025-08-03 09:40:13,"{""field"":""title"",""new_value"":""archived""}"
2293,1745,267,updated,2025-09-12 20:11:21,"{""field"":""is_active"",""new_value"":""patched""}"
2294,1306,140,updated,2026-01-05 13:29:21,"{""field"":""is_active"",""new_value"":""boosted""}"
2295,401,66,updated,2025-10-30 19:29:06,"{""field"":""title"",""new_value"":""refined""}"
2296,355,99,updated,2025-01-18 11:24:07,"{""field"":""title"",""new_value"":""patched""}"
2297,1549,124,updated,2025-09-27 12:12:25,"{""field"":""title"",""new_value"":""patched""}"
2298,754,262,updated,2025-02-07 16:38:12,"{""field"":""title"",""new_value"":""rerouted""}"
2299,1507,237,updated,2025-11-21 18:33:51,"{""field"":""title"",""new_value"":""archived""}"
2300,1701,234,updated,2025-04-23 19:17:55,"{""field"":""original_url"",""new_value"":""https://example.com/window/7938""}"
2301,1129,291,updated,2025-05-14 21:35:06,"{""field"":""title"",""new_value"":""rerouted""}"
2302,50,19,updated,2025-07-30 07:58:05,"{""field"":""original_url"",""new_value"":""https://opswise.net/lagoon/449""}"
2303,1112,237,updated,2025-09-03 18:40:42,"{""field"":""title"",""new_value"":""rerouted""}"
2304,1667,226,updated,2025-02-02 13:00:06,"{""field"":""original_url"",""new_value"":""https://example.com/meadow/4585""}"
2305,293,258,updated,2025-06-03 21:27:51,"{""field"":""title"",""new_value"":""archived""}"
2306,1290,124,updated,2025-11-23 03:33:51,"{""field"":""title"",""new_value"":""promoted""}"
2307,456,339,updated,2025-10-31 07:23:09,"{""field"":""original_url"",""new_value"":""https://acme.dev/valley/9109""}"
2308,941,20,updated,2025-11-19 12:20:36,"{""field"":""original_url"",""new_value"":""https://example.com/trail/4571""}"
2309,69,249,updated,2026-01-22 19:28:32,"{""field"":""original_url"",""new_value"":""https://example.com/uplink/114""}"
2310,1076,45,updated,2025-06-03 14:01:14,"{""field"":""original_url"",""new_value"":""https://relay.cloud/network/1329""}"
2311,834,200,updated,2025-02-09 22:54:53,"{""field"":""title"",""new_value"":""archived""}"
2312,1802,371,updated,2025-03-21 11:08:49,"{""field"":""is_active"",""new_value"":""quieted""}"
2313,1709,302,updated,2025-02-15 12:30:08,"{""field"":""original_url"",""new_value"":""https://relay.cloud/canyon/7964""}"
2314,1773,339,updated,2025-04-29 15:45:05,"{""field"":""title"",""new_value"":""archived""}"
2315,1876,14,updated,2025-02-15 20:02:06,"{""field"":""is_active"",""new_value"":""refined""}"
2316,4,241,updated,2025-06-29 22:57:14,"{""field"":""title"",""new_value"":""rotated""}"
2317,1894,127,updated,2025-12-18 07:22:18,"{""field"":""title"",""new_value"":""rerouted""}"
2318,1320,250,updated,2025-09-02 17:44:10,"{""field"":""is_active"",""new_value"":""rerouted""}"
2319,1744,203,updated,2025-12-14 00:15:12,"{""field"":""is_active"",""new_value"":""rotated""}"
2320,558,392,updated,2025-05-28 18:37:26,"{""field"":""title"",""new_value"":""promoted""}"
2321,769,210,updated,2025-10-13 01:57:36,"{""field"":""is_active"",""new_value"":""promoted""}"
2322,22,356,updated,2025-10-19 09:17:05,"{""field"":""title"",""new_value"":""quieted""}"
2323,1177,245,updated,2025-10-11 16:46:16,"{""field"":""original_url"",""new_value"":""https://hackstack.io/pioneer/2321""}"
2324,1696,374,updated,2026-02-09 02:31:43,"{""field"":""original_url"",""new_value"":""https://hackstack.io/kernel/2419""}"
2325,201,26,updated,2025-08-08 01:45:52,"{""field"":""title"",""new_value"":""patched""}"
2326,522,261,updated,2025-06-27 02:46:10,"{""field"":""is_active"",""new_value"":""rotated""}"
2327,1012,187,updated,2025-11-27 23:46:47,"{""field"":""is_active"",""new_value"":""quieted""}"
2328,989,199,updated,2025-04-30 07:08:41,"{""field"":""is_active"",""new_value"":""rotated""}"
2329,872,356,updated,2026-02-10 00:09:21,"{""field"":""is_active"",""new_value"":""boosted""}"
2330,1596,115,updated,2025-02-22 06:43:23,"{""field"":""is_active"",""new_value"":""rerouted""}"
2331,850,95,updated,2026-02-28 04:29:18,"{""field"":""title"",""new_value"":""archived""}"
2332,988,225,updated,2025-09-25 13:12:04,"{""field"":""original_url"",""new_value"":""https://example.com/yard/455""}"
2333,587,282,updated,2025-03-04 04:20:15,"{""field"":""original_url"",""new_value"":""https://example.com/kernel/6239""}"
2334,424,89,updated,2025-11-03 19:12:40,"{""field"":""original_url"",""new_value"":""https://seeded.app/trail/9405""}"
2335,1145,336,updated,2025-11-20 21:50:18,"{""field"":""original_url"",""new_value"":""https://opswise.net/journey/3878""}"
2336,317,295,updated,2025-02-13 15:06:31,"{""field"":""is_active"",""new_value"":""rerouted""}"
2337,1006,135,updated,2025-04-12 11:37:29,"{""field"":""is_active"",""new_value"":""boosted""}"
2338,1407,31,updated,2026-02-17 21:51:33,"{""field"":""is_active"",""new_value"":""archived""}"
2339,1815,129,updated,2025-06-21 01:18:24,"{""field"":""original_url"",""new_value"":""https://example.com/canyon/3523""}"
2340,281,390,updated,2025-11-02 09:42:39,"{""field"":""original_url"",""new_value"":""https://example.com/island/9338""}"
2341,928,272,updated,2026-02-07 13:02:00,"{""field"":""original_url"",""new_value"":""https://example.com/engine/4180""}"
2342,936,20,updated,2026-01-03 22:55:27,"{""field"":""is_active"",""new_value"":""archived""}"
2343,1403,89,updated,2025-10-31 09:42:02,"{""field"":""is_active"",""new_value"":""boosted""}"
2344,1116,182,updated,2025-10-21 10:32:41,"{""field"":""title"",""new_value"":""patched""}"
2345,1862,31,updated,2025-06-18 15:37:18,"{""field"":""is_active"",""new_value"":""rerouted""}"
2346,1974,303,updated,2025-06-08 23:36:44,"{""field"":""title"",""new_value"":""boosted""}"
2347,1353,363,updated,2025-03-13 04:57:16,"{""field"":""is_active"",""new_value"":""boosted""}"
2348,176,10,updated,2025-04-15 11:35:32,"{""field"":""is_active"",""new_value"":""archived""}"
2349,1086,266,updated,2025-06-28 16:07:38,"{""field"":""title"",""new_value"":""rerouted""}"
2350,314,24,updated,2025-08-05 15:23:59,"{""field"":""is_active"",""new_value"":""patched""}"
2351,877,380,updated,2025-11-30 08:27:56,"{""field"":""title"",""new_value"":""patched""}"
2352,1354,184,updated,2025-08-26 01:36:49,"{""field"":""original_url"",""new_value"":""https://opswise.net/river/9634""}"
2353,1584,306,updated,2025-10-21 02:55:16,"{""field"":""is_active"",""new_value"":""quieted""}"
2354,1769,42,updated,2025-11-15 07:24:19,"{""field"":""title"",""new_value"":""refined""}"
2355,1704,87,updated,2025-04-16 19:25:20,"{""field"":""title"",""new_value"":""refined""}"
2356,211,208,updated,2025-03-29 01:56:24,"{""field"":""is_active"",""new_value"":""quieted""}"
2357,1959,71,updated,2025-09-04 09:56:04,"{""field"":""title"",""new_value"":""quieted""}"
2358,875,357,updated,2025-04-17 21:42:24,"{""field"":""is_active"",""new_value"":""rotated""}"
2359,1618,44,updated,2026-02-24 02:37:39,"{""field"":""title"",""new_value"":""archived""}"
2360,1088,151,updated,2025-01-01 05:17:32,"{""field"":""is_active"",""new_value"":""boosted""}"
2361,1205,228,updated,2025-07-16 00:25:47,"{""field"":""original_url"",""new_value"":""https://relay.cloud/kernel/1682""}"
2362,550,256,updated,2025-12-13 12:57:46,"{""field"":""original_url"",""new_value"":""https://acme.dev/field/7573""}"
2363,1381,277,updated,2025-08-06 17:38:05,"{""field"":""title"",""new_value"":""rerouted""}"
2364,163,149,updated,2025-10-22 16:40:10,"{""field"":""original_url"",""new_value"":""https://hackstack.io/river/9054""}"
2365,1755,167,updated,2025-07-17 17:30:13,"{""field"":""original_url"",""new_value"":""https://example.com/uplink/5078""}"
2366,183,68,updated,2025-05-17 18:15:54,"{""field"":""original_url"",""new_value"":""https://example.com/delta/2758""}"
2367,905,79,updated,2025-12-11 03:00:40,"{""field"":""original_url"",""new_value"":""https://relay.cloud/valley/3972""}"
2368,489,18,updated,2025-10-18 03:03:06,"{""field"":""original_url"",""new_value"":""https://example.com/anchor/1826""}"
2369,1182,390,updated,2025-05-31 04:03:07,"{""field"":""original_url"",""new_value"":""https://acme.dev/kernel/3219""}"
2370,874,174,updated,2025-12-29 12:16:39,"{""field"":""original_url"",""new_value"":""https://acme.dev/river/1246""}"
2371,843,125,updated,2026-02-03 13:28:10,"{""field"":""original_url"",""new_value"":""https://relay.cloud/signal/7423""}"
2372,1307,345,updated,2026-02-22 04:46:12,"{""field"":""original_url"",""new_value"":""https://seeded.app/zenith/6103""}"
2373,1346,311,updated,2025-02-27 19:46:20,"{""field"":""original_url"",""new_value"":""https://hackstack.io/signal/3486""}"
2374,1454,139,updated,2025-08-25 07:57:50,"{""field"":""title"",""new_value"":""archived""}"
2375,1567,309,updated,2026-02-06 20:47:20,"{""field"":""is_active"",""new_value"":""rerouted""}"
2376,1748,247,updated,2026-02-16 14:31:04,"{""field"":""title"",""new_value"":""rerouted""}"
2377,1715,140,updated,2025-09-18 16:03:10,"{""field"":""original_url"",""new_value"":""https://opswise.net/uplink/4974""}"
2378,720,207,updated,2025-07-29 11:53:41,"{""field"":""title"",""new_value"":""boosted""}"
2379,1168,303,updated,2025-11-21 06:05:48,"{""field"":""title"",""new_value"":""rerouted""}"
2380,560,153,updated,2025-03-01 21:27:29,"{""field"":""is_active"",""new_value"":""rotated""}"
2381,413,332,updated,2025-08-22 13:16:03,"{""field"":""original_url"",""new_value"":""https://hackstack.io/engine/6955""}"
2382,1863,101,updated,2025-06-28 07:57:39,"{""field"":""is_active"",""new_value"":""rerouted""}"
2383,784,335,updated,2025-02-21 15:59:54,"{""field"":""title"",""new_value"":""archived""}"
2384,610,341,updated,2025-11-07 05:04:31,"{""field"":""is_active"",""new_value"":""patched""}"
2385,54,200,updated,2025-10-05 12:06:14,"{""field"":""is_active"",""new_value"":""patched""}"
2386,1008,344,updated,2025-01-04 09:42:06,"{""field"":""title"",""new_value"":""refined""}"
2387,334,119,updated,2025-03-12 17:39:05,"{""field"":""title"",""new_value"":""refined""}"
2388,357,174,updated,2025-05-11 15:39:54,"{""field"":""title"",""new_value"":""patched""}"
2389,1207,220,updated,2025-02-01 06:14:16,"{""field"":""title"",""new_value"":""rotated""}"
2390,1803,124,updated,2025-05-17 13:24:51,"{""field"":""title"",""new_value"":""refined""}"
2391,427,41,updated,2025-11-18 03:14:45,"{""field"":""title"",""new_value"":""rotated""}"
2392,844,201,updated,2026-02-02 23:26:13,"{""field"":""title"",""new_value"":""boosted""}"
2393,1822,128,updated,2025-12-06 02:20:12,"{""field"":""original_url"",""new_value"":""https://acme.dev/harvest/9341""}"
2394,1770,222,updated,2025-09-18 23:00:48,"{""field"":""original_url"",""new_value"":""https://hackstack.io/island/6973""}"
2395,1418,283,updated,2026-02-13 14:46:31,"{""field"":""is_active"",""new_value"":""quieted""}"
2396,1196,76,updated,2025-06-19 20:59:30,"{""field"":""title"",""new_value"":""archived""}"
2397,836,385,updated,2025-10-24 14:35:05,"{""field"":""original_url"",""new_value"":""https://opswise.net/kernel/2128""}"
2398,742,363,updated,2025-05-06 08:29:21,"{""field"":""original_url"",""new_value"":""https://example.com/island/8084""}"
2399,1115,213,updated,2025-08-08 06:26:07,"{""field"":""original_url"",""new_value"":""https://opswise.net/garden/6875""}"
2400,723,156,updated,2025-11-21 17:13:57,"{""field"":""is_active"",""new_value"":""boosted""}"
2401,1635,182,updated,2025-06-12 09:56:51,"{""field"":""original_url"",""new_value"":""https://acme.dev/window/5561""}"
2402,1934,98,updated,2025-03-14 19:28:51,"{""field"":""title"",""new_value"":""patched""}"
2403,1203,13,updated,2025-12-17 15:39:33,"{""field"":""title"",""new_value"":""promoted""}"
2404,1873,15,updated,2025-04-05 06:11:53,"{""field"":""is_active"",""new_value"":""refined""}"
2405,1581,311,updated,2025-05-29 21:15:32,"{""field"":""original_url"",""new_value"":""https://example.com/field/6804""}"
2406,674,92,updated,2025-12-12 05:44:53,"{""field"":""title"",""new_value"":""patched""}"
2407,673,254,updated,2025-12-28 04:54:14,"{""field"":""title"",""new_value"":""rotated""}"
2408,352,320,updated,2025-10-26 03:07:52,"{""field"":""title"",""new_value"":""quieted""}"
2409,1578,313,updated,2025-11-10 06:31:28,"{""field"":""original_url"",""new_value"":""https://hackstack.io/journey/1154""}"
2410,702,147,updated,2025-10-27 03:55:15,"{""field"":""title"",""new_value"":""refined""}"
2411,1601,159,updated,2025-06-14 18:32:23,"{""field"":""title"",""new_value"":""refined""}"
2412,1099,102,updated,2025-08-19 03:55:10,"{""field"":""title"",""new_value"":""archived""}"
2413,611,32,updated,2025-03-23 19:25:51,"{""field"":""original_url"",""new_value"":""https://opswise.net/river/2073""}"
2414,585,113,updated,2025-09-02 00:41:30,"{""field"":""original_url"",""new_value"":""https://example.com/pioneer/1239""}"
2415,137,167,updated,2025-11-12 17:00:25,"{""field"":""is_active"",""new_value"":""rerouted""}"
2416,1832,169,updated,2026-01-22 05:12:04,"{""field"":""title"",""new_value"":""rerouted""}"
2417,367,158,updated,2025-08-03 04:37:12,"{""field"":""is_active"",""new_value"":""boosted""}"
2418,1443,252,updated,2025-07-03 00:00:55,"{""field"":""title"",""new_value"":""archived""}"
2419,916,266,updated,2025-09-03 03:36:15,"{""field"":""title"",""new_value"":""rerouted""}"
2420,643,61,updated,2025-07-11 10:29:01,"{""field"":""original_url"",""new_value"":""https://relay.cloud/pioneer/2113""}"
2421,19,322,updated,2025-08-17 03:51:51,"{""field"":""original_url"",""new_value"":""https://relay.cloud/engine/9417""}"
2422,1461,162,updated,2025-04-26 14:50:49,"{""field"":""original_url"",""new_value"":""https://hackstack.io/quartz/918""}"
2423,710,94,updated,2025-09-12 18:25:04,"{""field"":""title"",""new_value"":""promoted""}"
2424,199,391,updated,2026-01-04 21:33:44,"{""field"":""title"",""new_value"":""patched""}"
2425,721,145,updated,2025-03-08 17:19:26,"{""field"":""original_url"",""new_value"":""https://relay.cloud/garden/9271""}"
2426,1800,41,updated,2025-06-14 08:27:37,"{""field"":""original_url"",""new_value"":""https://example.com/river/2774""}"
2427,801,95,updated,2025-03-21 01:40:09,"{""field"":""title"",""new_value"":""refined""}"
2428,1607,396,updated,2025-02-27 19:02:07,"{""field"":""title"",""new_value"":""archived""}"
2429,947,260,updated,2025-03-11 10:26:42,"{""field"":""title"",""new_value"":""archived""}"
2430,1829,203,updated,2025-03-14 23:01:26,"{""field"":""title"",""new_value"":""archived""}"
2431,537,174,updated,2025-05-23 13:33:54,"{""field"":""title"",""new_value"":""archived""}"
2432,842,38,updated,2026-01-11 01:02:15,"{""field"":""original_url"",""new_value"":""https://example.com/network/8138""}"
2433,446,236,updated,2025-09-23 11:18:50,"{""field"":""title"",""new_value"":""rotated""}"
2434,1737,88,updated,2025-03-14 17:47:14,"{""field"":""title"",""new_value"":""archived""}"
2435,1740,101,updated,2025-08-28 06:18:12,"{""field"":""is_active"",""new_value"":""quieted""}"
2436,1451,374,updated,2025-09-20 08:14:28,"{""field"":""is_active"",""new_value"":""quieted""}"
2437,308,344,updated,2025-06-12 00:59:49,"{""field"":""title"",""new_value"":""quieted""}"
2438,1939,230,updated,2026-01-18 14:17:28,"{""field"":""title"",""new_value"":""patched""}"
2439,1120,135,updated,2025-04-24 07:44:26,"{""field"":""is_active"",""new_value"":""rerouted""}"
2440,1908,19,updated,2026-01-05 21:30:27,"{""field"":""title"",""new_value"":""archived""}"
2441,1499,299,updated,2026-01-19 10:01:10,"{""field"":""original_url"",""new_value"":""https://hackstack.io/network/2761""}"
2442,751,46,updated,2025-04-24 16:36:57,"{""field"":""title"",""new_value"":""archived""}"
2443,1072,179,updated,2025-05-04 22:09:05,"{""field"":""original_url"",""new_value"":""https://example.com/network/9959""}"
2444,1916,101,updated,2025-07-07 02:03:02,"{""field"":""original_url"",""new_value"":""https://seeded.app/harvest/5542""}"
2445,1305,132,updated,2025-12-15 23:11:50,"{""field"":""original_url"",""new_value"":""https://hackstack.io/delta/4038""}"
2446,1232,367,updated,2025-03-27 23:50:48,"{""field"":""original_url"",""new_value"":""https://seeded.app/orbit/7482""}"
2447,1848,199,updated,2025-08-04 09:40:53,"{""field"":""original_url"",""new_value"":""https://hackstack.io/valley/4762""}"
2448,1164,5,updated,2025-03-05 05:04:48,"{""field"":""is_active"",""new_value"":""patched""}"
2449,178,214,updated,2025-07-10 21:07:39,"{""field"":""title"",""new_value"":""refined""}"
2450,370,149,updated,2025-02-21 22:12:03,"{""field"":""original_url"",""new_value"":""https://seeded.app/network/8336""}"
2451,1659,100,updated,2025-02-28 13:55:52,"{""field"":""original_url"",""new_value"":""https://acme.dev/quartz/83""}"
2452,1103,174,updated,2025-04-27 22:13:45,"{""field"":""title"",""new_value"":""quieted""}"
2453,1004,335,updated,2025-11-26 16:37:43,"{""field"":""original_url"",""new_value"":""https://opswise.net/engine/7421""}"
2454,902,200,updated,2025-07-20 14:27:03,"{""field"":""original_url"",""new_value"":""https://relay.cloud/valley/9168""}"
2455,1260,302,updated,2025-07-16 09:27:22,"{""field"":""original_url"",""new_value"":""https://example.com/quartz/2347""}"
2456,1252,2,updated,2025-01-27 05:36:54,"{""field"":""is_active"",""new_value"":""boosted""}"
2457,213,194,updated,2025-05-29 23:56:13,"{""field"":""is_active"",""new_value"":""archived""}"
2458,1024,98,updated,2025-02-15 11:53:44,"{""field"":""is_active"",""new_value"":""archived""}"
2459,1000,286,updated,2026-01-15 12:50:12,"{""field"":""title"",""new_value"":""rerouted""}"
2460,744,119,updated,2025-11-24 11:17:50,"{""field"":""is_active"",""new_value"":""patched""}"
2461,43,380,updated,2025-02-26 18:18:33,"{""field"":""is_active"",""new_value"":""refined""}"
2462,1624,126,updated,2026-02-16 07:52:29,"{""field"":""is_active"",""new_value"":""rerouted""}"
2463,1957,364,updated,2025-06-29 23:17:51,"{""field"":""is_active"",""new_value"":""boosted""}"
2464,1,1,updated,2025-11-18 07:55:24,"{""field"":""is_active"",""new_value"":""archived""}"
2465,1500,168,updated,2025-12-24 16:11:20,"{""field"":""is_active"",""new_value"":""quieted""}"
2466,486,79,updated,2025-04-04 01:20:31,"{""field"":""original_url"",""new_value"":""https://seeded.app/network/3168""}"
2467,1979,387,updated,2025-05-12 22:23:13,"{""field"":""original_url"",""new_value"":""https://acme.dev/river/8458""}"
2468,1764,286,updated,2025-08-27 20:15:41,"{""field"":""is_active"",""new_value"":""rotated""}"
2469,1279,394,updated,2025-02-07 06:56:33,"{""field"":""is_active"",""new_value"":""patched""}"
2470,301,373,updated,2025-07-07 11:32:38,"{""field"":""title"",""new_value"":""patched""}"
2471,1117,74,updated,2025-02-14 13:45:04,"{""field"":""original_url"",""new_value"":""https://seeded.app/window/9187""}"
2472,1392,351,updated,2025-11-30 03:58:48,"{""field"":""title"",""new_value"":""promoted""}"
2473,1741,260,updated,2025-02-06 15:10:50,"{""field"":""title"",""new_value"":""archived""}"
2474,1263,26,updated,2025-01-29 18:43:32,"{""field"":""original_url"",""new_value"":""https://hackstack.io/network/5026""}"
2475,429,77,updated,2025-01-14 19:36:28,"{""field"":""title"",""new_value"":""patched""}"
2476,415,127,updated,2026-02-13 17:20:13,"{""field"":""is_active"",""new_value"":""quieted""}"
2477,678,361,updated,2026-02-23 15:40:28,"{""field"":""title"",""new_value"":""promoted""}"
2478,1082,365,updated,2025-12-23 08:34:34,"{""field"":""is_active"",""new_value"":""promoted""}"
2479,1825,131,updated,2025-04-13 13:57:01,"{""field"":""title"",""new_value"":""refined""}"
2480,1296,96,updated,2025-04-07 20:42:01,"{""field"":""original_url"",""new_value"":""https://opswise.net/canyon/5946""}"
2481,1044,302,updated,2025-07-08 03:52:27,"{""field"":""original_url"",""new_value"":""https://opswise.net/valley/3012""}"
2482,241,138,updated,2025-10-14 07:04:47,"{""field"":""title"",""new_value"":""archived""}"
2483,995,200,updated,2025-04-05 19:40:42,"{""field"":""original_url"",""new_value"":""https://hackstack.io/river/4220""}"
2484,549,323,updated,2026-01-02 11:19:46,"{""field"":""original_url"",""new_value"":""https://hackstack.io/engine/7809""}"
2485,1236,120,updated,2025-08-14 18:05:19,"{""field"":""is_active"",""new_value"":""rotated""}"
2486,1779,244,updated,2026-01-31 09:03:38,"{""field"":""is_active"",""new_value"":""quieted""}"
2487,507,122,updated,2025-09-22 11:40:13,"{""field"":""original_url"",""new_value"":""https://acme.dev/signal/4722""}"
2488,1077,344,updated,2025-07-12 03:27:34,"{""field"":""is_active"",""new_value"":""archived""}"
2489,1030,23,updated,2025-04-01 18:03:48,"{""field"":""title"",""new_value"":""refined""}"
2490,1585,8,updated,2025-12-11 08:52:59,"{""field"":""title"",""new_value"":""refined""}"
2491,1569,291,updated,2025-06-26 16:00:39,"{""field"":""is_active"",""new_value"":""boosted""}"
2492,581,265,updated,2025-06-28 00:54:59,"{""field"":""original_url"",""new_value"":""https://seeded.app/network/6281""}"
2493,1360,289,updated,2025-05-29 06:23:20,"{""field"":""original_url"",""new_value"":""https://hackstack.io/field/2248""}"
2494,1423,95,updated,2025-05-16 18:14:22,"{""field"":""title"",""new_value"":""boosted""}"
2495,543,398,updated,2026-02-04 06:48:13,"{""field"":""title"",""new_value"":""archived""}"
2496,542,22,updated,2026-01-13 03:11:54,"{""field"":""title"",""new_value"":""boosted""}"
2497,502,187,updated,2025-05-08 18:50:27,"{""field"":""original_url"",""new_value"":""https://example.com/kernel/1518""}"
2498,1035,174,updated,2025-06-09 20:36:20,"{""field"":""original_url"",""new_value"":""https://hackstack.io/island/9226""}"
2499,237,339,updated,2025-09-22 09:11:22,"{""field"":""is_active"",""new_value"":""boosted""}"
2500,1545,57,updated,2025-06-18 03:15:10,"{""field"":""is_active"",""new_value"":""archived""}"
2501,1285,88,updated,2025-06-19 00:09:42,"{""field"":""original_url"",""new_value"":""https://hackstack.io/network/301""}"
2502,1293,232,updated,2025-04-04 14:36:53,"{""field"":""is_active"",""new_value"":""promoted""}"
2503,295,270,updated,2025-12-01 21:35:30,"{""field"":""original_url"",""new_value"":""https://seeded.app/river/6892""}"
2504,1753,270,updated,2025-02-04 23:18:20,"{""field"":""is_active"",""new_value"":""quieted""}"
2505,628,235,updated,2025-10-10 10:30:09,"{""field"":""title"",""new_value"":""quieted""}"
2506,100,303,updated,2025-10-16 14:07:58,"{""field"":""is_active"",""new_value"":""refined""}"
2507,377,180,updated,2025-03-01 13:04:25,"{""field"":""original_url"",""new_value"":""https://hackstack.io/zenith/6971""}"
2508,1955,116,updated,2025-11-08 07:52:54,"{""field"":""original_url"",""new_value"":""https://example.com/kernel/8049""}"
2509,32,299,updated,2025-05-30 19:28:49,"{""field"":""title"",""new_value"":""refined""}"
2510,609,53,updated,2025-09-13 20:19:45,"{""field"":""title"",""new_value"":""rerouted""}"
2511,1505,29,updated,2025-12-28 18:05:02,"{""field"":""original_url"",""new_value"":""https://seeded.app/field/8232""}"
2512,1473,75,updated,2025-10-14 15:49:45,"{""field"":""is_active"",""new_value"":""patched""}"
2513,493,105,updated,2025-10-12 03:03:09,"{""field"":""original_url"",""new_value"":""https://acme.dev/delta/3830""}"
2514,1564,325,updated,2025-04-09 10:01:14,"{""field"":""original_url"",""new_value"":""https://example.com/island/7960""}"
2515,1637,105,updated,2025-04-23 11:34:31,"{""field"":""title"",""new_value"":""quieted""}"
2516,664,31,updated,2025-08-21 13:27:45,"{""field"":""title"",""new_value"":""rotated""}"
2517,871,177,updated,2025-11-06 02:23:43,"{""field"":""is_active"",""new_value"":""rerouted""}"
2518,1283,384,updated,2025-09-09 04:10:49,"{""field"":""original_url"",""new_value"":""https://relay.cloud/pioneer/8185""}"
2519,927,204,updated,2025-10-05 03:27:31,"{""field"":""is_active"",""new_value"":""promoted""}"
2520,1738,126,updated,2025-10-15 02:27:12,"{""field"":""original_url"",""new_value"":""https://relay.cloud/window/8657""}"
2521,120,1,updated,2025-10-15 19:39:18,"{""field"":""original_url"",""new_value"":""https://seeded.app/yard/9612""}"
2522,1700,254,updated,2025-09-28 22:57:08,"{""field"":""is_active"",""new_value"":""refined""}"
2523,1791,355,updated,2025-01-30 18:16:00,"{""field"":""is_active"",""new_value"":""refined""}"
2524,217,325,updated,2025-12-31 01:08:33,"{""field"":""is_active"",""new_value"":""promoted""}"
2525,719,81,updated,2025-09-30 12:21:23,"{""field"":""is_active"",""new_value"":""rerouted""}"
2526,1198,36,updated,2025-10-31 02:56:32,"{""field"":""title"",""new_value"":""rerouted""}"
2527,508,2,updated,2025-06-11 14:51:58,"{""field"":""is_active"",""new_value"":""rerouted""}"
2528,327,71,updated,2025-03-15 18:51:45,"{""field"":""is_active"",""new_value"":""refined""}"
2529,1056,156,updated,2025-03-29 06:36:56,"{""field"":""title"",""new_value"":""refined""}"
2530,1590,219,updated,2025-06-10 19:15:33,"{""field"":""original_url"",""new_value"":""https://hackstack.io/garden/3443""}"
2531,1331,291,updated,2025-08-03 13:11:04,"{""field"":""title"",""new_value"":""rerouted""}"
2532,1905,324,updated,2025-04-12 06:44:46,"{""field"":""original_url"",""new_value"":""https://example.com/meadow/5397""}"
2533,1891,218,updated,2025-08-01 14:28:43,"{""field"":""title"",""new_value"":""promoted""}"
2534,1318,214,updated,2026-02-27 11:04:59,"{""field"":""is_active"",""new_value"":""promoted""}"
2535,839,371,updated,2025-03-20 18:01:24,"{""field"":""original_url"",""new_value"":""https://example.com/orbit/615""}"
2536,1396,111,updated,2025-10-16 01:09:39,"{""field"":""original_url"",""new_value"":""https://relay.cloud/trail/8174""}"
2537,978,174,updated,2025-11-21 05:54:25,"{""field"":""is_active"",""new_value"":""quieted""}"
2538,890,266,updated,2026-02-20 20:03:36,"{""field"":""is_active"",""new_value"":""rerouted""}"
2539,1487,384,updated,2025-03-21 20:10:32,"{""field"":""is_active"",""new_value"":""rerouted""}"
2540,361,340,updated,2025-07-25 11:49:47,"{""field"":""title"",""new_value"":""refined""}"
2541,111,231,updated,2025-03-04 07:21:57,"{""field"":""original_url"",""new_value"":""https://acme.dev/orbit/1616""}"
2542,840,114,updated,2025-07-15 17:27:08,"{""field"":""title"",""new_value"":""rotated""}"
2543,1265,94,updated,2025-07-30 11:13:55,"{""field"":""title"",""new_value"":""rotated""}"
2544,1983,391,updated,2025-10-30 20:34:21,"{""field"":""title"",""new_value"":""patched""}"
2545,1930,118,updated,2025-01-17 01:35:25,"{""field"":""is_active"",""new_value"":""rotated""}"
2546,616,131,updated,2025-07-09 00:52:54,"{""field"":""title"",""new_value"":""promoted""}"
2547,1542,184,updated,2025-11-16 12:03:29,"{""field"":""title"",""new_value"":""refined""}"
2548,1864,45,updated,2025-11-02 07:29:29,"{""field"":""title"",""new_value"":""patched""}"
2549,1497,391,updated,2026-01-06 09:18:28,"{""field"":""title"",""new_value"":""promoted""}"
2550,827,334,updated,2025-03-25 06:01:46,"{""field"":""title"",""new_value"":""boosted""}"
2551,1243,25,updated,2025-05-18 06:37:18,"{""field"":""title"",""new_value"":""rotated""}"
2552,1218,379,updated,2025-08-29 09:32:05,"{""field"":""original_url"",""new_value"":""https://seeded.app/delta/7897""}"
2553,1095,90,updated,2025-01-30 23:50:41,"{""field"":""is_active"",""new_value"":""rerouted""}"
2554,1437,21,updated,2025-04-07 19:28:26,"{""field"":""original_url"",""new_value"":""https://relay.cloud/lagoon/9569""}"
2555,1311,69,updated,2025-08-20 06:43:46,"{""field"":""original_url"",""new_value"":""https://relay.cloud/pioneer/3201""}"
2556,1281,157,updated,2025-05-19 08:53:08,"{""field"":""title"",""new_value"":""refined""}"
2557,503,291,updated,2025-10-04 12:22:44,"{""field"":""is_active"",""new_value"":""rotated""}"
2558,1094,323,updated,2025-02-24 05:43:25,"{""field"":""is_active"",""new_value"":""promoted""}"
2559,1854,326,updated,2025-05-18 04:52:32,"{""field"":""is_active"",""new_value"":""patched""}"
2560,604,347,updated,2025-10-11 23:23:27,"{""field"":""is_active"",""new_value"":""quieted""}"
2561,294,354,updated,2025-04-28 20:26:46,"{""field"":""title"",""new_value"":""patched""}"
2562,573,308,updated,2025-08-11 01:51:58,"{""field"":""title"",""new_value"":""patched""}"
2563,1289,356,updated,2025-06-09 00:24:36,"{""field"":""is_active"",""new_value"":""rerouted""}"
2564,1614,72,updated,2025-03-08 19:22:09,"{""field"":""title"",""new_value"":""rerouted""}"
2565,1448,305,updated,2025-06-13 06:43:01,"{""field"":""title"",""new_value"":""patched""}"
2566,1310,184,updated,2025-02-12 00:04:54,"{""field"":""original_url"",""new_value"":""https://hackstack.io/beacon/592""}"
2567,1936,144,updated,2025-08-07 04:02:04,"{""field"":""title"",""new_value"":""refined""}"
2568,1860,2,updated,2025-05-18 02:15:33,"{""field"":""original_url"",""new_value"":""https://example.com/island/4861""}"
2569,1429,85,updated,2025-06-02 03:33:55,"{""field"":""original_url"",""new_value"":""https://relay.cloud/harvest/33""}"
2570,961,325,updated,2025-11-30 06:07:18,"{""field"":""title"",""new_value"":""refined""}"
2571,780,260,updated,2025-06-22 23:51:36,"{""field"":""is_active"",""new_value"":""quieted""}"
2572,568,73,updated,2026-02-15 13:05:53,"{""field"":""original_url"",""new_value"":""https://opswise.net/orbit/9547""}"
2573,1580,22,updated,2025-08-21 06:41:28,"{""field"":""title"",""new_value"":""boosted""}"
2574,1646,390,updated,2025-08-10 08:18:27,"{""field"":""is_active"",""new_value"":""refined""}"
2575,1342,374,updated,2025-03-15 06:31:56,"{""field"":""title"",""new_value"":""patched""}"
2576,1382,23,updated,2025-01-26 01:06:02,"{""field"":""is_active"",""new_value"":""refined""}"
2577,86,231,updated,2025-10-16 08:10:35,"{""field"":""is_active"",""new_value"":""rerouted""}"
2578,531,81,updated,2025-02-25 09:17:27,"{""field"":""original_url"",""new_value"":""https://relay.cloud/island/3223""}"
2579,1722,294,updated,2026-02-14 18:02:37,"{""field"":""title"",""new_value"":""rotated""}"
2580,436,21,updated,2025-08-13 00:58:19,"{""field"":""original_url"",""new_value"":""https://opswise.net/engine/8455""}"
2581,1964,94,updated,2025-06-24 23:29:08,"{""field"":""title"",""new_value"":""quieted""}"
2582,1539,291,updated,2025-10-11 01:58:19,"{""field"":""title"",""new_value"":""archived""}"
2583,572,306,updated,2025-12-20 12:28:41,"{""field"":""title"",""new_value"":""rerouted""}"
2584,811,89,updated,2025-01-31 03:21:47,"{""field"":""original_url"",""new_value"":""https://seeded.app/window/6386""}"
2585,384,316,updated,2025-06-12 21:59:42,"{""field"":""is_active"",""new_value"":""refined""}"
2586,1816,318,updated,2025-08-31 00:57:54,"{""field"":""original_url"",""new_value"":""https://example.com/engine/5414""}"
2587,942,188,updated,2025-03-30 20:54:20,"{""field"":""title"",""new_value"":""patched""}"
2588,1869,74,updated,2025-06-08 09:26:37,"{""field"":""original_url"",""new_value"":""https://hackstack.io/field/9379""}"
2589,829,112,updated,2025-07-14 21:26:19,"{""field"":""is_active"",""new_value"":""rotated""}"
2590,1406,97,updated,2025-08-05 10:37:55,"{""field"":""is_active"",""new_value"":""archived""}"
2591,165,155,updated,2026-02-10 11:04:11,"{""field"":""is_active"",""new_value"":""boosted""}"
2592,773,114,updated,2025-02-11 03:48:41,"{""field"":""is_active"",""new_value"":""rotated""}"
2593,207,101,updated,2025-04-12 19:52:43,"{""field"":""original_url"",""new_value"":""https://acme.dev/beacon/1001""}"
2594,944,181,updated,2025-04-13 10:43:18,"{""field"":""is_active"",""new_value"":""patched""}"
2595,56,223,updated,2025-10-08 00:14:21,"{""field"":""title"",""new_value"":""rerouted""}"
2596,45,312,updated,2025-07-10 09:45:26,"{""field"":""is_active"",""new_value"":""refined""}"
2597,349,2,updated,2025-03-03 12:14:29,"{""field"":""title"",""new_value"":""rotated""}"
2598,333,126,updated,2025-02-09 00:32:31,"{""field"":""title"",""new_value"":""boosted""}"
2599,994,381,updated,2026-02-10 18:42:32,"{""field"":""title"",""new_value"":""refined""}"
2600,1191,134,updated,2026-02-16 08:50:15,"{""field"":""original_url"",""new_value"":""https://relay.cloud/quartz/5964""}"
2601,1831,61,updated,2025-04-02 05:10:49,"{""field"":""original_url"",""new_value"":""https://relay.cloud/orbit/59""}"
2602,1913,158,updated,2025-08-20 17:13:21,"{""field"":""title"",""new_value"":""rotated""}"
2603,699,213,updated,2025-11-02 16:31:53,"{""field"":""title"",""new_value"":""patched""}"
2604,444,121,updated,2025-10-14 18:44:18,"{""field"":""title"",""new_value"":""patched""}"
2605,1837,286,updated,2025-01-07 08:13:52,"{""field"":""title"",""new_value"":""promoted""}"
2606,1037,234,updated,2025-06-17 22:48:41,"{""field"":""is_active"",""new_value"":""archived""}"
2607,785,240,updated,2025-05-29 02:11:27,"{""field"":""original_url"",""new_value"":""https://seeded.app/orbit/5442""}"
2608,681,66,updated,2025-05-04 00:03:38,"{""field"":""title"",""new_value"":""boosted""}"
2609,1144,220,updated,2025-02-10 08:38:44,"{""field"":""is_active"",""new_value"":""patched""}"
2610,339,40,updated,2025-09-27 06:57:36,"{""field"":""title"",""new_value"":""rerouted""}"
2611,799,393,updated,2025-04-14 18:43:36,"{""field"":""title"",""new_value"":""patched""}"
2612,1206,137,updated,2025-05-06 10:37:06,"{""field"":""is_active"",""new_value"":""refined""}"
2613,179,181,updated,2025-09-12 02:07:07,"{""field"":""original_url"",""new_value"":""https://opswise.net/pioneer/1256""}"
2614,1554,190,updated,2025-02-09 06:33:27,"{""field"":""original_url"",""new_value"":""https://relay.cloud/quartz/7607""}"
2615,1912,277,updated,2025-11-29 09:17:13,"{""field"":""is_active"",""new_value"":""promoted""}"
2616,1573,291,updated,2025-05-09 09:09:04,"{""field"":""is_active"",""new_value"":""quieted""}"
2617,245,155,updated,2025-07-23 00:02:56,"{""field"":""is_active"",""new_value"":""rotated""}"
2618,1655,381,updated,2025-11-14 01:43:53,"{""field"":""original_url"",""new_value"":""https://acme.dev/anchor/5071""}"
2619,1787,1,updated,2025-10-21 13:43:40,"{""field"":""is_active"",""new_value"":""promoted""}"
2620,1885,178,updated,2025-08-17 16:29:51,"{""field"":""title"",""new_value"":""archived""}"
2621,148,73,updated,2025-09-29 07:48:37,"{""field"":""is_active"",""new_value"":""refined""}"
2622,17,21,updated,2025-01-01 18:19:18,"{""field"":""original_url"",""new_value"":""https://acme.dev/pioneer/2295""}"
2623,1106,176,updated,2025-01-17 22:26:59,"{""field"":""is_active"",""new_value"":""refined""}"
2624,1147,351,updated,2025-04-07 11:00:18,"{""field"":""original_url"",""new_value"":""https://hackstack.io/trail/1431""}"
2625,937,333,updated,2025-12-19 02:43:24,"{""field"":""is_active"",""new_value"":""rerouted""}"
2626,161,14,updated,2026-01-13 04:18:21,"{""field"":""original_url"",""new_value"":""https://opswise.net/quartz/3761""}"
2627,1575,49,updated,2025-08-25 21:09:07,"{""field"":""is_active"",""new_value"":""boosted""}"
2628,1506,9,updated,2025-11-20 18:02:20,"{""field"":""is_active"",""new_value"":""refined""}"
2629,168,71,updated,2025-09-23 19:32:03,"{""field"":""is_active"",""new_value"":""archived""}"
2630,1114,1,updated,2025-02-18 10:21:40,"{""field"":""is_active"",""new_value"":""boosted""}"
2631,500,133,updated,2025-12-16 18:35:33,"{""field"":""title"",""new_value"":""rerouted""}"
2632,848,375,updated,2025-03-12 03:10:46,"{""field"":""title"",""new_value"":""boosted""}"
2633,1153,86,updated,2025-01-15 03:17:14,"{""field"":""original_url"",""new_value"":""https://acme.dev/garden/6854""}"
2634,527,107,updated,2025-02-02 00:41:06,"{""field"":""title"",""new_value"":""archived""}"
2635,1652,218,updated,2025-11-05 17:18:19,"{""field"":""is_active"",""new_value"":""rerouted""}"
2636,1149,258,updated,2026-02-05 09:00:31,"{""field"":""is_active"",""new_value"":""quieted""}"
2637,1521,96,updated,2025-01-20 05:10:41,"{""field"":""original_url"",""new_value"":""https://hackstack.io/meadow/1715""}"
2638,1492,315,updated,2026-01-17 22:07:19,"{""field"":""title"",""new_value"":""promoted""}"
2639,672,271,updated,2026-01-05 09:23:52,"{""field"":""title"",""new_value"":""patched""}"
2640,1598,152,updated,2025-11-19 16:11:06,"{""field"":""original_url"",""new_value"":""https://seeded.app/anchor/8870""}"
2641,282,221,updated,2026-02-16 14:14:41,"{""field"":""original_url"",""new_value"":""https://example.com/harvest/3200""}"
2642,1813,106,updated,2025-09-18 20:16:02,"{""field"":""original_url"",""new_value"":""https://example.com/anchor/1792""}"
2643,383,135,updated,2025-08-17 15:06:02,"{""field"":""title"",""new_value"":""quieted""}"
2644,722,171,updated,2025-03-28 17:02:41,"{""field"":""title"",""new_value"":""refined""}"
2645,1895,199,updated,2025-01-28 12:32:11,"{""field"":""title"",""new_value"":""quieted""}"
2646,221,66,updated,2025-07-19 17:58:07,"{""field"":""original_url"",""new_value"":""https://opswise.net/canyon/4885""}"
2647,1170,285,updated,2026-01-12 04:19:59,"{""field"":""is_active"",""new_value"":""quieted""}"
2648,825,332,updated,2025-10-15 21:45:04,"{""field"":""title"",""new_value"":""archived""}"
2649,1752,117,updated,2025-06-18 17:56:20,"{""field"":""original_url"",""new_value"":""https://opswise.net/uplink/7841""}"
2650,548,26,updated,2025-07-18 15:21:56,"{""field"":""original_url"",""new_value"":""https://hackstack.io/pioneer/4479""}"
2651,782,213,updated,2025-07-08 08:01:46,"{""field"":""original_url"",""new_value"":""https://acme.dev/harvest/2046""}"
2652,337,327,updated,2026-01-18 07:28:07,"{""field"":""original_url"",""new_value"":""https://example.com/island/5323""}"
2653,1897,32,updated,2025-06-15 04:07:34,"{""field"":""original_url"",""new_value"":""https://opswise.net/yard/6495""}"
2654,766,43,updated,2025-06-18 14:02:05,"{""field"":""original_url"",""new_value"":""https://example.com/harvest/3711""}"
2655,515,213,updated,2025-07-27 17:08:34,"{""field"":""is_active"",""new_value"":""rerouted""}"
2656,1612,39,updated,2026-02-07 17:25:48,"{""field"":""original_url"",""new_value"":""https://opswise.net/anchor/807""}"
2657,724,350,updated,2026-02-14 03:25:50,"{""field"":""is_active"",""new_value"":""rotated""}"
2658,1210,274,updated,2026-02-10 01:28:32,"{""field"":""title"",""new_value"":""promoted""}"
2659,806,301,updated,2025-01-30 08:42:39,"{""field"":""original_url"",""new_value"":""https://example.com/valley/741""}"
2660,932,367,updated,2025-10-04 12:24:54,"{""field"":""title"",""new_value"":""rotated""}"
2661,618,169,updated,2025-06-02 18:03:09,"{""field"":""is_active"",""new_value"":""quieted""}"
2662,169,101,updated,2025-01-10 02:20:00,"{""field"":""is_active"",""new_value"":""patched""}"
2663,1666,75,updated,2025-05-08 05:09:21,"{""field"":""is_active"",""new_value"":""refined""}"
2664,394,158,updated,2025-08-13 04:17:15,"{""field"":""title"",""new_value"":""refined""}"
2665,51,261,updated,2026-01-17 01:51:16,"{""field"":""original_url"",""new_value"":""https://example.com/meadow/7186""}"
2666,1782,197,updated,2025-07-30 09:37:33,"{""field"":""original_url"",""new_value"":""https://acme.dev/kernel/6601""}"
2667,1349,89,updated,2025-10-10 18:36:05,"{""field"":""is_active"",""new_value"":""rotated""}"
2668,1493,145,updated,2025-03-09 21:33:55,"{""field"":""original_url"",""new_value"":""https://example.com/harvest/321""}"
2669,671,32,updated,2025-03-19 20:20:46,"{""field"":""original_url"",""new_value"":""https://example.com/river/1423""}"
2670,236,393,updated,2025-01-02 23:58:59,"{""field"":""is_active"",""new_value"":""rerouted""}"
2671,796,203,updated,2025-11-15 14:43:59,"{""field"":""is_active"",""new_value"":""promoted""}"
2672,617,306,updated,2025-07-17 04:41:51,"{""field"":""original_url"",""new_value"":""https://opswise.net/harvest/4574""}"
2673,1268,354,updated,2025-03-02 07:29:09,"{""field"":""original_url"",""new_value"":""https://acme.dev/network/417""}"
2674,268,70,updated,2026-02-17 01:03:17,"{""field"":""is_active"",""new_value"":""promoted""}"
2675,1458,308,updated,2025-02-15 20:44:55,"{""field"":""original_url"",""new_value"":""https://acme.dev/yard/6451""}"
2676,449,220,updated,2025-08-14 19:22:56,"{""field"":""original_url"",""new_value"":""https://acme.dev/beacon/3135""}"
2677,344,47,updated,2025-01-06 21:20:53,"{""field"":""original_url"",""new_value"":""https://example.com/zenith/3688""}"
2678,26,202,updated,2025-08-03 22:27:11,"{""field"":""title"",""new_value"":""quieted""}"
2679,1586,164,updated,2025-02-26 08:08:45,"{""field"":""is_active"",""new_value"":""promoted""}"
2680,131,309,updated,2025-12-13 14:11:30,"{""field"":""is_active"",""new_value"":""patched""}"
2681,1444,17,updated,2025-10-07 23:06:09,"{""field"":""is_active"",""new_value"":""rotated""}"
2682,193,230,updated,2025-09-03 14:48:50,"{""field"":""is_active"",""new_value"":""promoted""}"
2683,716,241,updated,2025-10-30 10:43:50,"{""field"":""title"",""new_value"":""promoted""}"
2684,1322,153,updated,2025-03-02 03:10:58,"{""field"":""original_url"",""new_value"":""https://relay.cloud/delta/630""}"
2685,1219,136,updated,2026-02-13 08:04:50,"{""field"":""title"",""new_value"":""promoted""}"
2686,1867,19,updated,2025-06-01 22:57:38,"{""field"":""original_url"",""new_value"":""https://opswise.net/garden/5753""}"
2687,219,164,updated,2025-03-26 20:16:45,"{""field"":""is_active"",""new_value"":""quieted""}"
2688,1132,156,updated,2025-11-16 06:15:46,"{""field"":""original_url"",""new_value"":""https://relay.cloud/canyon/3763""}"
2689,1294,236,updated,2025-09-14 08:30:27,"{""field"":""title"",""new_value"":""rotated""}"
2690,347,364,updated,2025-10-08 16:28:05,"{""field"":""title"",""new_value"":""promoted""}"
2691,1996,309,updated,2026-01-30 03:06:32,"{""field"":""original_url"",""new_value"":""https://acme.dev/journey/7907""}"
2692,1291,237,updated,2026-01-09 13:26:24,"{""field"":""title"",""new_value"":""rotated""}"
2693,491,65,updated,2025-01-14 02:59:37,"{""field"":""original_url"",""new_value"":""https://acme.dev/harvest/2705""}"
2694,910,391,updated,2025-07-08 06:02:34,"{""field"":""is_active"",""new_value"":""promoted""}"
2695,1880,99,updated,2025-05-24 15:15:27,"{""field"":""original_url"",""new_value"":""https://opswise.net/kernel/8746""}"
2696,933,142,updated,2025-04-23 05:14:41,"{""field"":""original_url"",""new_value"":""https://opswise.net/trail/6878""}"
2697,846,41,updated,2025-11-11 12:48:17,"{""field"":""title"",""new_value"":""patched""}"
2698,1938,178,updated,2025-05-13 18:42:00,"{""field"":""title"",""new_value"":""promoted""}"
2699,60,222,updated,2025-06-26 01:31:04,"{""field"":""original_url"",""new_value"":""https://acme.dev/garden/2048""}"
2700,594,105,updated,2025-01-24 06:00:11,"{""field"":""title"",""new_value"":""archived""}"
2701,1951,322,updated,2025-11-07 19:09:23,"{""field"":""is_active"",""new_value"":""rerouted""}"
2702,929,3,updated,2025-08-26 07:06:13,"{""field"":""title"",""new_value"":""boosted""}"
2703,837,250,updated,2025-12-30 03:38:34,"{""field"":""is_active"",""new_value"":""refined""}"
2704,494,119,updated,2025-11-04 00:42:36,"{""field"":""is_active"",""new_value"":""boosted""}"
2705,1388,371,updated,2025-09-17 13:56:56,"{""field"":""original_url"",""new_value"":""https://hackstack.io/pioneer/6952""}"
2706,1038,235,updated,2025-03-08 00:48:54,"{""field"":""title"",""new_value"":""promoted""}"
2707,1725,272,updated,2025-01-03 14:19:27,"{""field"":""title"",""new_value"":""promoted""}"
2708,1909,313,updated,2025-05-27 18:19:15,"{""field"":""is_active"",""new_value"":""refined""}"
2709,190,56,updated,2025-09-12 20:36:17,"{""field"":""title"",""new_value"":""rerouted""}"
2710,144,273,updated,2026-02-10 11:04:56,"{""field"":""title"",""new_value"":""patched""}"
2711,551,200,updated,2025-12-14 14:14:16,"{""field"":""original_url"",""new_value"":""https://hackstack.io/anchor/8161""}"
2712,783,180,updated,2025-04-08 16:31:38,"{""field"":""is_active"",""new_value"":""promoted""}"
2713,1516,228,updated,2025-06-17 07:21:55,"{""field"":""is_active"",""new_value"":""rerouted""}"
2714,661,292,updated,2025-07-27 13:21:51,"{""field"":""title"",""new_value"":""patched""}"
2715,395,336,updated,2025-05-28 03:20:44,"{""field"":""is_active"",""new_value"":""refined""}"
2716,1799,333,updated,2025-02-18 01:15:26,"{""field"":""is_active"",""new_value"":""archived""}"
2717,472,217,updated,2025-05-16 00:56:25,"{""field"":""original_url"",""new_value"":""https://seeded.app/harvest/7376""}"
2718,479,279,updated,2025-12-05 07:20:26,"{""field"":""title"",""new_value"":""rotated""}"
2719,1040,112,updated,2025-08-21 17:54:05,"{""field"":""is_active"",""new_value"":""boosted""}"
2720,536,98,updated,2025-06-04 08:36:39,"{""field"":""original_url"",""new_value"":""https://hackstack.io/uplink/8633""}"
2721,1083,398,updated,2025-10-11 13:03:52,"{""field"":""original_url"",""new_value"":""https://acme.dev/field/3578""}"
2722,1047,348,updated,2025-10-11 16:29:04,"{""field"":""is_active"",""new_value"":""rotated""}"
2723,5,338,updated,2025-08-05 17:47:53,"{""field"":""original_url"",""new_value"":""https://opswise.net/lagoon/7609""}"
2724,1513,283,updated,2025-11-08 03:43:04,"{""field"":""is_active"",""new_value"":""patched""}"
2725,545,63,updated,2025-04-13 01:31:43,"{""field"":""title"",""new_value"":""rerouted""}"
2726,94,157,updated,2025-11-03 17:32:28,"{""field"":""title"",""new_value"":""archived""}"
2727,89,180,updated,2026-01-24 12:08:14,"{""field"":""original_url"",""new_value"":""https://relay.cloud/uplink/377""}"
2728,1467,345,updated,2025-07-23 16:29:10,"{""field"":""title"",""new_value"":""boosted""}"
2729,244,172,updated,2025-03-22 18:59:41,"{""field"":""title"",""new_value"":""boosted""}"
2730,985,29,updated,2025-09-18 11:59:07,"{""field"":""original_url"",""new_value"":""https://opswise.net/yard/225""}"
2731,563,6,updated,2025-06-18 11:10:49,"{""field"":""original_url"",""new_value"":""https://relay.cloud/signal/7055""}"
2732,1190,145,updated,2025-05-20 03:01:08,"{""field"":""title"",""new_value"":""promoted""}"
2733,1173,25,updated,2025-05-24 09:08:15,"{""field"":""original_url"",""new_value"":""https://acme.dev/signal/2958""}"
2734,320,392,updated,2025-07-30 04:16:40,"{""field"":""title"",""new_value"":""quieted""}"
2735,1327,198,updated,2025-10-08 04:44:14,"{""field"":""original_url"",""new_value"":""https://relay.cloud/anchor/4289""}"
2736,956,325,updated,2025-02-18 19:32:42,"{""field"":""original_url"",""new_value"":""https://hackstack.io/anchor/1874""}"
2737,158,141,updated,2025-12-11 18:53:36,"{""field"":""is_active"",""new_value"":""quieted""}"
2738,753,91,updated,2025-12-21 10:22:28,"{""field"":""original_url"",""new_value"":""https://opswise.net/delta/6979""}"
2739,362,298,updated,2025-11-03 07:34:10,"{""field"":""original_url"",""new_value"":""https://opswise.net/delta/9257""}"
2740,480,349,updated,2025-12-12 17:52:39,"{""field"":""is_active"",""new_value"":""quieted""}"
2741,1366,262,updated,2025-12-19 20:26:41,"{""field"":""title"",""new_value"":""boosted""}"
2742,1887,237,updated,2026-01-01 13:28:54,"{""field"":""is_active"",""new_value"":""patched""}"
2743,116,281,updated,2025-07-16 04:11:00,"{""field"":""title"",""new_value"":""promoted""}"
2744,977,222,updated,2025-12-15 00:55:16,"{""field"":""is_active"",""new_value"":""quieted""}"
2745,1512,140,updated,2025-05-26 08:50:45,"{""field"":""original_url"",""new_value"":""https://seeded.app/river/5542""}"
2746,1108,373,updated,2025-10-25 06:49:05,"{""field"":""title"",""new_value"":""rotated""}"
2747,1663,182,updated,2025-04-17 05:38:58,"{""field"":""title"",""new_value"":""archived""}"
2748,1135,17,updated,2025-03-26 15:24:35,"{""field"":""original_url"",""new_value"":""https://seeded.app/meadow/4888""}"
2749,509,104,updated,2025-10-26 14:33:58,"{""field"":""is_active"",""new_value"":""patched""}"
2750,135,377,updated,2025-09-12 02:44:00,"{""field"":""title"",""new_value"":""rotated""}"
2751,1944,144,updated,2026-01-05 06:53:19,"{""field"":""original_url"",""new_value"":""https://opswise.net/meadow/5934""}"
2752,162,167,updated,2025-03-20 21:27:48,"{""field"":""is_active"",""new_value"":""quieted""}"
2753,931,103,updated,2025-01-03 10:30:07,"{""field"":""original_url"",""new_value"":""https://opswise.net/yard/6131""}"
2754,393,236,updated,2025-07-20 12:58:15,"{""field"":""title"",""new_value"":""rerouted""}"
2755,869,235,updated,2025-10-31 05:00:12,"{""field"":""original_url"",""new_value"":""https://relay.cloud/meadow/6635""}"
2756,1480,393,updated,2026-02-20 12:06:48,"{""field"":""original_url"",""new_value"":""https://hackstack.io/field/7909""}"
2757,925,203,updated,2025-08-31 05:10:26,"{""field"":""title"",""new_value"":""patched""}"
2758,1133,134,updated,2026-01-27 08:09:35,"{""field"":""original_url"",""new_value"":""https://acme.dev/lagoon/2169""}"
2759,1830,85,updated,2025-03-25 04:58:33,"{""field"":""is_active"",""new_value"":""promoted""}"
2760,1946,177,updated,2025-10-18 03:00:23,"{""field"":""title"",""new_value"":""boosted""}"
2761,194,150,updated,2026-02-26 13:25:12,"{""field"":""original_url"",""new_value"":""https://seeded.app/zenith/3940""}"
2762,13,191,updated,2025-10-03 02:24:56,"{""field"":""original_url"",""new_value"":""https://seeded.app/valley/5105""}"
2763,818,183,updated,2025-03-09 21:52:44,"{""field"":""original_url"",""new_value"":""https://acme.dev/uplink/1516""}"
2764,1090,135,updated,2025-08-24 03:29:20,"{""field"":""is_active"",""new_value"":""rotated""}"
2765,1986,91,updated,2025-06-14 11:35:57,"{""field"":""is_active"",""new_value"":""quieted""}"
2766,803,107,updated,2025-10-11 10:09:47,"{""field"":""is_active"",""new_value"":""patched""}"
2767,939,73,updated,2026-01-15 00:16:26,"{""field"":""is_active"",""new_value"":""rotated""}"
2768,1599,22,updated,2025-07-14 04:55:38,"{""field"":""title"",""new_value"":""rerouted""}"
2769,795,125,updated,2025-06-13 05:41:00,"{""field"":""original_url"",""new_value"":""https://opswise.net/meadow/8333""}"
2770,1470,166,updated,2025-05-06 20:42:46,"{""field"":""title"",""new_value"":""boosted""}"
2771,1528,8,updated,2026-01-07 12:13:48,"{""field"":""title"",""new_value"":""boosted""}"
2772,1925,255,updated,2025-07-10 16:19:48,"{""field"":""is_active"",""new_value"":""refined""}"
2773,1730,111,updated,2025-05-08 22:00:58,"{""field"":""original_url"",""new_value"":""https://example.com/kernel/445""}"
2774,1208,133,updated,2025-08-14 07:27:24,"{""field"":""is_active"",""new_value"":""quieted""}"
2775,540,299,updated,2025-01-05 23:09:48,"{""field"":""title"",""new_value"":""promoted""}"
2776,1610,158,updated,2025-01-12 03:58:24,"{""field"":""original_url"",""new_value"":""https://acme.dev/uplink/3278""}"
2777,1502,328,updated,2025-04-24 02:16:40,"{""field"":""is_active"",""new_value"":""rotated""}"
2778,1719,22,updated,2025-04-22 18:42:52,"{""field"":""is_active"",""new_value"":""patched""}"
2779,1746,191,updated,2025-03-27 04:12:14,"{""field"":""is_active"",""new_value"":""refined""}"
2780,58,213,updated,2025-09-17 18:18:23,"{""field"":""is_active"",""new_value"":""refined""}"
2781,1277,277,updated,2025-05-18 18:27:56,"{""field"":""title"",""new_value"":""quieted""}"
2782,1300,333,updated,2026-01-10 02:56:03,"{""field"":""is_active"",""new_value"":""archived""}"
2783,1186,151,updated,2025-05-04 06:54:13,"{""field"":""is_active"",""new_value"":""patched""}"
2784,554,291,updated,2025-04-14 12:50:32,"{""field"":""is_active"",""new_value"":""archived""}"
2785,48,196,updated,2025-03-21 19:51:09,"{""field"":""is_active"",""new_value"":""archived""}"
2786,1841,237,updated,2025-12-07 17:06:20,"{""field"":""original_url"",""new_value"":""https://hackstack.io/quartz/7674""}"
2787,1175,125,updated,2025-03-23 14:05:46,"{""field"":""title"",""new_value"":""boosted""}"
2788,1329,194,updated,2025-11-05 18:58:19,"{""field"":""title"",""new_value"":""patched""}"
2789,1697,90,updated,2025-04-10 03:45:47,"{""field"":""title"",""new_value"":""quieted""}"
2790,621,75,updated,2025-07-05 20:31:23,"{""field"":""title"",""new_value"":""rerouted""}"
2791,497,296,updated,2025-09-25 11:01:23,"{""field"":""is_active"",""new_value"":""rerouted""}"
2792,762,376,updated,2026-02-07 15:54:23,"{""field"":""original_url"",""new_value"":""https://example.com/delta/9194""}"
2793,1102,117,updated,2025-09-06 00:06:50,"{""field"":""is_active"",""new_value"":""patched""}"
2794,528,174,updated,2025-03-12 21:33:31,"{""field"":""title"",""new_value"":""patched""}"
2795,1643,36,updated,2025-01-13 17:03:52,"{""field"":""is_active"",""new_value"":""patched""}"
2796,1212,191,updated,2025-12-23 15:00:38,"{""field"":""is_active"",""new_value"":""patched""}"
2797,1553,392,updated,2025-12-02 06:08:25,"{""field"":""is_active"",""new_value"":""boosted""}"
2798,580,23,updated,2025-04-03 17:38:09,"{""field"":""original_url"",""new_value"":""https://hackstack.io/kernel/1429""}"
2799,1881,344,updated,2025-05-19 17:31:59,"{""field"":""is_active"",""new_value"":""rotated""}"
2800,512,64,updated,2026-02-18 15:01:25,"{""field"":""title"",""new_value"":""refined""}"
2801,907,12,updated,2025-09-25 22:39:55,"{""field"":""title"",""new_value"":""promoted""}"
2802,1019,178,updated,2025-04-17 19:05:23,"{""field"":""is_active"",""new_value"":""patched""}"
2803,1380,364,updated,2025-06-30 13:12:29,"{""field"":""is_active"",""new_value"":""rotated""}"
2804,1560,136,updated,2025-06-08 10:29:52,"{""field"":""original_url"",""new_value"":""https://example.com/beacon/1686""}"
2805,206,97,updated,2026-01-30 05:46:43,"{""field"":""title"",""new_value"":""archived""}"
2806,212,140,updated,2026-01-04 05:03:39,"{""field"":""is_active"",""new_value"":""promoted""}"
2807,1589,196,updated,2025-10-30 12:56:30,"{""field"":""original_url"",""new_value"":""https://relay.cloud/network/2575""}"
2808,523,65,updated,2025-09-07 00:12:04,"{""field"":""is_active"",""new_value"":""promoted""}"
2809,1223,353,updated,2025-07-15 11:33:44,"{""field"":""is_active"",""new_value"":""refined""}"
2810,1826,242,updated,2025-09-15 14:02:15,"{""field"":""is_active"",""new_value"":""rotated""}"
2811,688,310,updated,2026-02-26 10:54:46,"{""field"":""is_active"",""new_value"":""quieted""}"
2812,582,114,updated,2025-12-25 12:55:13,"{""field"":""title"",""new_value"":""rerouted""}"
2813,341,189,updated,2025-06-27 08:51:47,"{""field"":""title"",""new_value"":""rotated""}"
2814,1181,134,updated,2025-02-18 11:40:55,"{""field"":""original_url"",""new_value"":""https://hackstack.io/kernel/6986""}"
2815,1917,329,updated,2025-11-19 03:54:26,"{""field"":""title"",""new_value"":""refined""}"
2816,682,259,updated,2025-07-09 06:44:39,"{""field"":""original_url"",""new_value"":""https://opswise.net/journey/1094""}"
2817,1276,59,updated,2025-03-23 12:26:39,"{""field"":""title"",""new_value"":""rotated""}"
2818,864,250,updated,2025-06-03 04:05:22,"{""field"":""original_url"",""new_value"":""https://acme.dev/pioneer/9676""}"
2819,411,196,updated,2025-04-23 01:52:49,"{""field"":""is_active"",""new_value"":""rerouted""}"
2820,1395,144,updated,2025-01-11 02:40:22,"{""field"":""original_url"",""new_value"":""https://relay.cloud/lagoon/7873""}"
2821,1337,312,updated,2025-04-08 07:54:38,"{""field"":""original_url"",""new_value"":""https://example.com/river/5708""}"
2822,1490,298,updated,2025-05-15 12:09:48,"{""field"":""title"",""new_value"":""promoted""}"
2823,372,363,updated,2025-11-22 01:07:59,"{""field"":""title"",""new_value"":""quieted""}"
2824,1857,122,updated,2025-11-20 08:39:10,"{""field"":""original_url"",""new_value"":""https://hackstack.io/journey/3354""}"
2825,478,23,updated,2025-07-20 04:58:06,"{""field"":""is_active"",""new_value"":""quieted""}"
2826,1465,238,updated,2025-08-18 15:03:30,"{""field"":""title"",""new_value"":""promoted""}"
2827,654,300,updated,2025-08-23 14:46:23,"{""field"":""original_url"",""new_value"":""https://acme.dev/field/8588""}"
2828,287,162,updated,2025-03-25 14:54:29,"{""field"":""original_url"",""new_value"":""https://opswise.net/window/6950""}"
2829,196,220,updated,2025-11-09 06:33:28,"{""field"":""title"",""new_value"":""quieted""}"
2830,886,391,updated,2025-12-19 12:40:47,"{""field"":""is_active"",""new_value"":""archived""}"
2831,1242,248,updated,2025-11-20 21:10:11,"{""field"":""title"",""new_value"":""rotated""}"
2832,1711,357,updated,2025-01-11 02:04:26,"{""field"":""original_url"",""new_value"":""https://acme.dev/window/9792""}"
2833,788,167,updated,2025-06-27 11:17:06,"{""field"":""original_url"",""new_value"":""https://relay.cloud/signal/2034""}"
2834,1591,400,updated,2025-03-10 22:37:33,"{""field"":""title"",""new_value"":""boosted""}"
2835,1344,129,updated,2025-05-10 15:31:16,"{""field"":""title"",""new_value"":""refined""}"
2836,1216,130,updated,2025-09-30 11:17:18,"{""field"":""title"",""new_value"":""quieted""}"
2837,1272,252,updated,2025-03-16 02:26:32,"{""field"":""title"",""new_value"":""promoted""}"
2838,565,63,updated,2025-02-11 14:37:30,"{""field"":""original_url"",""new_value"":""https://relay.cloud/engine/9659""}"
2839,1427,252,updated,2025-10-11 15:07:19,"{""field"":""is_active"",""new_value"":""promoted""}"
2840,883,157,updated,2025-07-17 15:29:43,"{""field"":""is_active"",""new_value"":""refined""}"
2841,71,20,updated,2025-03-04 06:02:56,"{""field"":""is_active"",""new_value"":""quieted""}"
2842,1235,319,updated,2025-03-23 07:30:40,"{""field"":""title"",""new_value"":""promoted""}"
2843,499,211,updated,2025-07-30 07:46:46,"{""field"":""original_url"",""new_value"":""https://hackstack.io/field/5618""}"
2844,59,222,updated,2025-08-27 12:51:57,"{""field"":""original_url"",""new_value"":""https://relay.cloud/meadow/6948""}"
2845,1460,150,updated,2025-07-04 19:48:17,"{""field"":""original_url"",""new_value"":""https://example.com/field/9641""}"
2846,1352,253,updated,2026-01-14 07:37:17,"{""field"":""original_url"",""new_value"":""https://example.com/harvest/2112""}"
2847,553,240,updated,2025-10-02 03:59:56,"{""field"":""is_active"",""new_value"":""rotated""}"
2848,132,321,updated,2025-06-18 01:30:07,"{""field"":""title"",""new_value"":""boosted""}"
2849,1020,235,updated,2025-11-08 20:58:29,"{""field"":""title"",""new_value"":""rotated""}"
2850,1244,374,updated,2026-01-05 22:33:43,"{""field"":""is_active"",""new_value"":""boosted""}"
2851,535,262,updated,2025-07-19 02:10:17,"{""field"":""original_url"",""new_value"":""https://hackstack.io/window/6627""}"
2852,747,340,updated,2025-10-05 17:13:33,"{""field"":""is_active"",""new_value"":""quieted""}"
2853,463,59,updated,2025-06-02 03:04:14,"{""field"":""is_active"",""new_value"":""rerouted""}"
2854,1523,157,updated,2025-07-12 20:24:25,"{""field"":""title"",""new_value"":""promoted""}"
2855,759,292,updated,2026-01-01 01:40:25,"{""field"":""title"",""new_value"":""refined""}"
2856,342,392,updated,2025-06-09 16:03:31,"{""field"":""title"",""new_value"":""rotated""}"
2857,575,243,updated,2025-09-13 18:43:17,"{""field"":""is_active"",""new_value"":""patched""}"
2858,982,328,updated,2026-01-19 03:20:34,"{""field"":""is_active"",""new_value"":""boosted""}"
2859,247,111,updated,2026-01-03 11:15:43,"{""field"":""title"",""new_value"":""rerouted""}"
2860,1547,11,updated,2025-01-20 15:35:35,"{""field"":""title"",""new_value"":""archived""}"
2861,312,41,updated,2025-04-20 06:35:06,"{""field"":""title"",""new_value"":""promoted""}"
2862,570,182,updated,2025-08-14 15:37:47,"{""field"":""title"",""new_value"":""promoted""}"
2863,409,162,updated,2025-04-11 10:53:06,"{""field"":""original_url"",""new_value"":""https://acme.dev/lagoon/7182""}"
2864,1956,61,updated,2025-07-15 13:35:41,"{""field"":""original_url"",""new_value"":""https://example.com/trail/6530""}"
2865,175,262,updated,2025-11-22 21:59:52,"{""field"":""is_active"",""new_value"":""refined""}"
2866,993,303,updated,2025-02-11 12:12:46,"{""field"":""title"",""new_value"":""boosted""}"
2867,340,14,updated,2025-07-07 07:52:08,"{""field"":""is_active"",""new_value"":""quieted""}"
2868,90,399,updated,2026-02-24 03:00:43,"{""field"":""original_url"",""new_value"":""https://example.com/orbit/3151""}"
2869,1426,389,updated,2025-08-08 06:04:04,"{""field"":""original_url"",""new_value"":""https://acme.dev/yard/4950""}"
2870,1338,166,updated,2025-11-21 12:55:39,"{""field"":""original_url"",""new_value"":""https://hackstack.io/island/432""}"
2871,555,399,updated,2025-07-14 10:53:56,"{""field"":""original_url"",""new_value"":""https://acme.dev/pioneer/635""}"
2872,973,105,updated,2025-11-04 08:22:12,"{""field"":""original_url"",""new_value"":""https://example.com/network/6509""}"
2873,518,311,updated,2025-03-28 04:23:43,"{""field"":""original_url"",""new_value"":""https://hackstack.io/zenith/7156""}"
2874,692,266,updated,2025-06-13 11:31:01,"{""field"":""original_url"",""new_value"":""https://opswise.net/valley/9902""}"
2875,3,62,updated,2025-06-06 14:50:13,"{""field"":""title"",""new_value"":""rotated""}"
2876,2000,158,updated,2025-06-11 14:17:35,"{""field"":""original_url"",""new_value"":""https://acme.dev/trail/5928""}"
2877,358,64,updated,2025-08-07 11:38:11,"{""field"":""original_url"",""new_value"":""https://opswise.net/kernel/1854""}"
2878,606,321,updated,2025-09-04 20:35:38,"{""field"":""is_active"",""new_value"":""refined""}"
2879,1658,328,updated,2025-03-04 17:10:39,"{""field"":""title"",""new_value"":""rerouted""}"
2880,1228,181,updated,2025-09-23 15:57:42,"{""field"":""is_active"",""new_value"":""rerouted""}"
2881,88,304,updated,2025-02-11 02:03:16,"{""field"":""is_active"",""new_value"":""boosted""}"
2882,1555,209,updated,2025-06-03 18:55:01,"{""field"":""title"",""new_value"":""archived""}"
2883,1267,8,updated,2025-02-11 18:02:39,"{""field"":""is_active"",""new_value"":""patched""}"
2884,526,364,updated,2025-02-06 10:44:31,"{""field"":""title"",""new_value"":""quieted""}"
2885,1616,200,updated,2025-04-21 15:49:41,"{""field"":""is_active"",""new_value"":""patched""}"
2886,1057,102,updated,2025-10-15 05:12:01,"{""field"":""original_url"",""new_value"":""https://example.com/signal/2706""}"
2887,1828,315,updated,2025-01-13 09:27:08,"{""field"":""title"",""new_value"":""patched""}"
2888,1073,140,updated,2025-08-20 19:15:29,"{""field"":""is_active"",""new_value"":""rerouted""}"
2889,1455,290,updated,2025-03-07 05:19:25,"{""field"":""title"",""new_value"":""quieted""}"
2890,1588,101,updated,2025-06-25 04:24:37,"{""field"":""original_url"",""new_value"":""https://example.com/beacon/8419""}"
2891,1269,323,updated,2025-08-25 04:15:13,"{""field"":""is_active"",""new_value"":""refined""}"
2892,1940,301,updated,2025-02-18 18:18:40,"{""field"":""original_url"",""new_value"":""https://opswise.net/yard/4374""}"
2893,177,227,updated,2025-03-18 12:36:23,"{""field"":""is_active"",""new_value"":""rerouted""}"
2894,1865,38,updated,2025-07-02 22:23:28,"{""field"":""is_active"",""new_value"":""rerouted""}"
2895,1189,29,updated,2025-09-25 00:33:54,"{""field"":""is_active"",""new_value"":""quieted""}"
2896,1948,80,updated,2025-08-03 19:23:30,"{""field"":""original_url"",""new_value"":""https://hackstack.io/pioneer/1241""}"
2897,1220,242,updated,2025-05-16 00:19:16,"{""field"":""is_active"",""new_value"":""quieted""}"
2898,1463,201,updated,2026-01-19 04:41:02,"{""field"":""original_url"",""new_value"":""https://example.com/anchor/2737""}"
2899,646,251,updated,2025-04-01 13:11:49,"{""field"":""title"",""new_value"":""promoted""}"
2900,389,139,updated,2025-08-05 20:26:55,"{""field"":""is_active"",""new_value"":""archived""}"
2901,1651,43,updated,2025-08-03 10:32:17,"{""field"":""title"",""new_value"":""boosted""}"
2902,895,65,updated,2025-12-26 03:13:40,"{""field"":""original_url"",""new_value"":""https://opswise.net/meadow/1676""}"
2903,407,369,updated,2025-05-25 03:18:39,"{""field"":""title"",""new_value"":""archived""}"
2904,1128,235,updated,2025-06-01 04:33:40,"{""field"":""original_url"",""new_value"":""https://example.com/yard/7471""}"
2905,475,380,updated,2025-07-20 04:01:02,"{""field"":""is_active"",""new_value"":""promoted""}"
2906,1357,304,updated,2025-02-03 04:13:27,"{""field"":""title"",""new_value"":""patched""}"
2907,1066,195,updated,2025-04-21 12:47:01,"{""field"":""is_active"",""new_value"":""promoted""}"
2908,354,47,updated,2025-02-15 06:58:30,"{""field"":""original_url"",""new_value"":""https://example.com/pioneer/8965""}"
2909,921,303,updated,2025-08-16 18:14:40,"{""field"":""is_active"",""new_value"":""quieted""}"
2910,65,35,updated,2025-03-15 21:03:25,"{""field"":""original_url"",""new_value"":""https://acme.dev/journey/8232""}"
2911,1893,313,updated,2025-05-12 05:18:27,"{""field"":""title"",""new_value"":""refined""}"
2912,1067,163,updated,2025-08-06 02:37:10,"{""field"":""title"",""new_value"":""patched""}"
2913,1386,104,updated,2025-08-06 18:33:10,"{""field"":""title"",""new_value"":""rotated""}"
2914,1780,186,updated,2026-02-22 17:09:42,"{""field"":""title"",""new_value"":""boosted""}"
2915,1325,25,updated,2025-06-01 15:06:20,"{""field"":""title"",""new_value"":""rotated""}"
2916,1874,281,updated,2025-05-13 08:55:16,"{""field"":""title"",""new_value"":""patched""}"
2917,857,373,updated,2025-10-21 14:09:18,"{""field"":""is_active"",""new_value"":""refined""}"
2918,1628,338,updated,2025-11-06 00:54:17,"{""field"":""is_active"",""new_value"":""boosted""}"
2919,648,285,updated,2025-02-12 16:58:21,"{""field"":""is_active"",""new_value"":""rotated""}"
2920,1496,147,updated,2026-01-04 09:22:57,"{""field"":""is_active"",""new_value"":""rerouted""}"
2921,1583,31,updated,2025-10-02 15:11:16,"{""field"":""is_active"",""new_value"":""refined""}"
2922,863,39,updated,2025-03-01 15:37:18,"{""field"":""original_url"",""new_value"":""https://relay.cloud/kernel/744""}"
2923,1341,293,updated,2025-08-29 10:09:35,"{""field"":""original_url"",""new_value"":""https://opswise.net/beacon/4118""}"
2924,115,150,updated,2025-09-30 05:28:12,"{""field"":""title"",""new_value"":""refined""}"
2925,909,334,updated,2025-02-02 06:00:05,"{""field"":""original_url"",""new_value"":""https://seeded.app/zenith/127""}"
2926,1935,73,updated,2025-10-22 12:50:53,"{""field"":""original_url"",""new_value"":""https://example.com/canyon/8950""}"
2927,1594,267,updated,2025-12-24 14:37:40,"{""field"":""title"",""new_value"":""rotated""}"
2928,1007,260,updated,2026-02-10 10:38:16,"{""field"":""original_url"",""new_value"":""https://opswise.net/pioneer/3709""}"
2929,1781,381,updated,2025-10-01 20:21:55,"{""field"":""title"",""new_value"":""promoted""}"
2930,1529,93,updated,2025-08-25 18:29:21,"{""field"":""original_url"",""new_value"":""https://example.com/quartz/5243""}"
2931,679,358,updated,2026-01-31 05:44:49,"{""field"":""title"",""new_value"":""quieted""}"
2932,647,284,updated,2025-07-05 16:58:11,"{""field"":""original_url"",""new_value"":""https://hackstack.io/field/7693""}"
2933,257,68,updated,2025-04-03 20:11:39,"{""field"":""title"",""new_value"":""promoted""}"
2934,1316,205,updated,2025-08-25 20:11:49,"{""field"":""title"",""new_value"":""rerouted""}"
2935,325,230,updated,2025-06-26 19:57:13,"{""field"":""original_url"",""new_value"":""https://acme.dev/signal/4457""}"
2936,345,337,updated,2025-07-03 04:28:01,"{""field"":""original_url"",""new_value"":""https://acme.dev/window/5859""}"
2937,1671,23,updated,2025-09-10 05:44:13,"{""field"":""is_active"",""new_value"":""rerouted""}"
2938,1085,322,updated,2025-08-18 05:09:29,"{""field"":""title"",""new_value"":""rerouted""}"
2939,1613,277,updated,2025-09-23 22:24:39,"{""field"":""original_url"",""new_value"":""https://opswise.net/engine/356""}"
2940,715,291,updated,2025-06-18 06:12:34,"{""field"":""original_url"",""new_value"":""https://acme.dev/network/4400""}"
2941,1204,334,updated,2025-11-03 01:03:26,"{""field"":""is_active"",""new_value"":""quieted""}"
2942,557,14,updated,2025-10-19 10:12:04,"{""field"":""title"",""new_value"":""rotated""}"
2943,1978,284,updated,2026-02-05 03:42:28,"{""field"":""original_url"",""new_value"":""https://relay.cloud/uplink/7852""}"
2944,566,202,updated,2025-04-26 21:14:30,"{""field"":""original_url"",""new_value"":""https://relay.cloud/network/1527""}"
2945,975,163,updated,2025-03-03 20:03:32,"{""field"":""is_active"",""new_value"":""refined""}"
2946,634,338,updated,2025-04-17 12:27:00,"{""field"":""is_active"",""new_value"":""boosted""}"
2947,1482,248,updated,2025-05-26 08:25:48,"{""field"":""original_url"",""new_value"":""https://example.com/valley/4146""}"
2948,1397,110,updated,2025-02-21 06:17:45,"{""field"":""original_url"",""new_value"":""https://seeded.app/island/5106""}"
2949,156,79,updated,2025-02-10 18:58:31,"{""field"":""title"",""new_value"":""boosted""}"
2950,1736,390,updated,2025-06-17 15:00:59,"{""field"":""is_active"",""new_value"":""quieted""}"
2951,209,258,updated,2025-01-17 01:31:51,"{""field"":""title"",""new_value"":""quieted""}"
2952,920,135,updated,2025-05-10 03:12:05,"{""field"":""title"",""new_value"":""quieted""}"
2953,447,85,updated,2025-02-24 02:14:58,"{""field"":""original_url"",""new_value"":""https://relay.cloud/yard/7679""}"
2954,1122,241,updated,2025-09-29 11:35:25,"{""field"":""title"",""new_value"":""rotated""}"
2955,63,148,updated,2025-05-15 04:18:19,"{""field"":""title"",""new_value"":""archived""}"
2956,359,175,updated,2025-09-12 04:42:50,"{""field"":""original_url"",""new_value"":""https://hackstack.io/quartz/6435""}"
2957,457,288,updated,2025-09-08 03:08:53,"{""field"":""original_url"",""new_value"":""https://hackstack.io/network/9792""}"
2958,1976,37,updated,2025-06-23 16:54:02,"{""field"":""title"",""new_value"":""archived""}"
2959,1950,126,updated,2026-01-17 03:55:53,"{""field"":""is_active"",""new_value"":""promoted""}"
2960,143,53,updated,2025-10-07 15:59:42,"{""field"":""is_active"",""new_value"":""patched""}"
2961,1209,230,updated,2026-02-21 10:58:13,"{""field"":""is_active"",""new_value"":""rerouted""}"
2962,390,240,updated,2025-03-23 16:26:36,"{""field"":""original_url"",""new_value"":""https://opswise.net/signal/6472""}"
2963,307,80,updated,2025-03-27 15:37:12,"{""field"":""title"",""new_value"":""rerouted""}"
2964,686,166,updated,2025-09-03 17:37:55,"{""field"":""original_url"",""new_value"":""https://relay.cloud/island/7761""}"
2965,1807,110,updated,2025-04-20 22:57:34,"{""field"":""title"",""new_value"":""promoted""}"
2966,945,230,updated,2025-11-11 23:42:58,"{""field"":""title"",""new_value"":""refined""}"
2967,423,345,updated,2025-12-15 17:46:16,"{""field"":""original_url"",""new_value"":""https://opswise.net/canyon/6882""}"
2968,1184,226,updated,2025-07-09 11:43:34,"{""field"":""is_active"",""new_value"":""refined""}"
2969,80,266,updated,2025-05-21 02:03:06,"{""field"":""is_active"",""new_value"":""quieted""}"
2970,1712,178,updated,2025-09-28 12:29:07,"{""field"":""original_url"",""new_value"":""https://seeded.app/beacon/2264""}"
2971,897,355,updated,2025-07-07 10:21:09,"{""field"":""is_active"",""new_value"":""promoted""}"
2972,854,78,updated,2025-11-19 04:57:05,"{""field"":""is_active"",""new_value"":""rotated""}"
2973,732,11,updated,2025-10-14 19:16:43,"{""field"":""original_url"",""new_value"":""https://opswise.net/canyon/9278""}"
2974,134,199,updated,2026-02-08 03:28:39,"{""field"":""is_active"",""new_value"":""patched""}"
2975,365,51,updated,2025-03-28 03:41:09,"{""field"":""title"",""new_value"":""refined""}"
2976,1065,184,updated,2025-03-20 09:00:42,"{""field"":""original_url"",""new_value"":""https://acme.dev/quartz/6267""}"
2977,1003,36,updated,2025-02-22 11:45:45,"{""field"":""original_url"",""new_value"":""https://seeded.app/journey/5869""}"
2978,1136,97,updated,2025-11-08 04:04:55,"{""field"":""original_url"",""new_value"":""https://relay.cloud/beacon/3647""}"
2979,1973,99,updated,2025-09-05 03:25:37,"{""field"":""title"",""new_value"":""patched""}"
2980,792,315,updated,2025-09-03 16:19:22,"{""field"":""title"",""new_value"":""boosted""}"
2981,1582,139,updated,2025-02-02 20:55:37,"{""field"":""original_url"",""new_value"":""https://opswise.net/trail/5978""}"
2982,866,267,updated,2025-01-21 16:23:03,"{""field"":""title"",""new_value"":""boosted""}"
2983,350,347,updated,2026-02-22 21:01:47,"{""field"":""is_active"",""new_value"":""rotated""}"
2984,1852,339,updated,2025-10-16 12:07:41,"{""field"":""title"",""new_value"":""refined""}"
2985,881,345,updated,2025-05-19 04:54:34,"{""field"":""title"",""new_value"":""rerouted""}"
2986,662,320,updated,2025-07-25 07:58:48,"{""field"":""title"",""new_value"":""quieted""}"
2987,1022,191,updated,2026-02-16 18:21:48,"{""field"":""is_active"",""new_value"":""quieted""}"
2988,644,265,updated,2025-07-14 14:00:37,"{""field"":""original_url"",""new_value"":""https://acme.dev/valley/2789""}"
2989,820,91,updated,2025-08-26 09:00:28,"{""field"":""original_url"",""new_value"":""https://hackstack.io/meadow/2745""}"
2990,1904,160,updated,2025-11-09 20:29:36,"{""field"":""original_url"",""new_value"":""https://seeded.app/yard/1742""}"
2991,84,249,updated,2025-04-23 02:44:45,"{""field"":""is_active"",""new_value"":""promoted""}"
2992,691,18,updated,2025-08-17 09:09:41,"{""field"":""is_active"",""new_value"":""rotated""}"
2993,261,300,updated,2025-06-25 08:51:59,"{""field"":""is_active"",""new_value"":""refined""}"
2994,1356,102,updated,2025-06-05 15:52:18,"{""field"":""original_url"",""new_value"":""https://acme.dev/canyon/9617""}"
2995,633,171,updated,2025-01-04 17:23:26,"{""field"":""is_active"",""new_value"":""rerouted""}"
2996,980,147,updated,2025-02-21 19:05:09,"{""field"":""is_active"",""new_value"":""quieted""}"
2997,1619,2,updated,2025-02-20 23:36:16,"{""field"":""title"",""new_value"":""rotated""}"
2998,1105,245,updated,2025-05-03 05:33:09,"{""field"":""is_active"",""new_value"":""promoted""}"
2999,1762,352,updated,2025-03-30 19:57:49,"{""field"":""original_url"",""new_value"":""https://seeded.app/trail/8362""}"
3000,368,110,updated,2025-07-08 15:06:27,"{""field"":""original_url"",""new_value"":""https://relay.cloud/lagoon/1733""}"
3001,265,145,updated,2026-02-05 23:17:16,"{""field"":""title"",""new_value"":""quieted""}"
3002,425,149,updated,2025-09-29 20:11:16,"{""field"":""is_active"",""new_value"":""rotated""}"
3003,603,321,updated,2025-06-22 09:20:42,"{""field"":""original_url"",""new_value"":""https://seeded.app/canyon/5169""}"
3004,1240,262,updated,2025-05-03 07:36:35,"{""field"":""title"",""new_value"":""patched""}"
3005,1058,315,updated,2025-05-15 02:58:25,"{""field"":""is_active"",""new_value"":""promoted""}"
3006,826,206,updated,2025-04-05 09:28:50,"{""field"":""original_url"",""new_value"":""https://example.com/anchor/2022""}"
3007,851,247,updated,2025-11-26 17:53:54,"{""field"":""title"",""new_value"":""rotated""}"
3008,438,147,updated,2026-01-22 11:16:29,"{""field"":""title"",""new_value"":""quieted""}"
3009,15,29,updated,2026-02-28 22:00:31,"{""field"":""original_url"",""new_value"":""https://opswise.net/anchor/9054""}"
3010,297,397,updated,2025-01-16 21:08:49,"{""field"":""original_url"",""new_value"":""https://example.com/delta/7703""}"
3011,1919,324,updated,2026-01-17 14:40:30,"{""field"":""original_url"",""new_value"":""https://relay.cloud/river/3152""}"
3012,1626,165,updated,2025-10-20 21:24:27,"{""field"":""title"",""new_value"":""promoted""}"
3013,615,277,updated,2025-08-15 00:07:37,"{""field"":""title"",""new_value"":""patched""}"
3014,1165,319,updated,2025-08-25 05:00:37,"{""field"":""is_active"",""new_value"":""promoted""}"
3015,1526,183,updated,2026-01-22 10:49:02,"{""field"":""title"",""new_value"":""rerouted""}"
3016,263,324,updated,2025-03-24 23:33:05,"{""field"":""title"",""new_value"":""rerouted""}"
3017,1615,68,updated,2025-08-29 16:59:55,"{""field"":""is_active"",""new_value"":""archived""}"
3018,277,336,updated,2025-04-11 15:29:51,"{""field"":""is_active"",""new_value"":""rerouted""}"
3019,1303,355,updated,2026-02-19 20:59:12,"{""field"":""original_url"",""new_value"":""https://example.com/river/9846""}"
3020,1414,347,updated,2025-01-09 01:52:33,"{""field"":""title"",""new_value"":""refined""}"
3021,1185,320,updated,2025-03-20 18:01:21,"{""field"":""title"",""new_value"":""rotated""}"
3022,556,309,updated,2025-03-18 12:57:17,"{""field"":""is_active"",""new_value"":""refined""}"
3023,1104,66,updated,2025-10-04 11:42:05,"{""field"":""title"",""new_value"":""rotated""}"
3024,1195,234,updated,2025-01-20 08:02:34,"{""field"":""is_active"",""new_value"":""boosted""}"
3025,596,262,updated,2025-10-29 00:32:36,"{""field"":""is_active"",""new_value"":""refined""}"
3026,388,291,updated,2025-11-29 07:46:52,"{""field"":""original_url"",""new_value"":""https://relay.cloud/zenith/7274""}"
3027,896,239,updated,2025-01-04 03:04:18,"{""field"":""original_url"",""new_value"":""https://acme.dev/island/1785""}"
3028,1678,290,updated,2025-04-21 17:54:59,"{""field"":""original_url"",""new_value"":""https://example.com/journey/2413""}"
3029,876,89,updated,2025-11-25 11:56:16,"{""field"":""original_url"",""new_value"":""https://opswise.net/signal/3697""}"
3030,119,176,updated,2025-03-24 04:47:37,"{""field"":""is_active"",""new_value"":""patched""}"
3031,1611,369,updated,2025-09-21 09:17:20,"{""field"":""original_url"",""new_value"":""https://example.com/signal/9673""}"
3032,1229,263,updated,2025-08-24 20:59:25,"{""field"":""original_url"",""new_value"":""https://opswise.net/delta/5267""}"
3033,1759,295,updated,2025-05-22 20:11:52,"{""field"":""title"",""new_value"":""quieted""}"
3034,1287,54,updated,2025-10-25 06:18:48,"{""field"":""is_active"",""new_value"":""rotated""}"
3035,1036,334,updated,2026-02-11 18:51:20,"{""field"":""is_active"",""new_value"":""patched""}"
3036,406,292,updated,2025-08-08 10:05:32,"{""field"":""is_active"",""new_value"":""refined""}"
3037,1812,124,updated,2025-09-15 17:11:25,"{""field"":""original_url"",""new_value"":""https://example.com/orbit/3743""}"
3038,1840,131,updated,2025-04-05 15:49:10,"{""field"":""is_active"",""new_value"":""boosted""}"
3039,728,85,updated,2025-11-05 17:05:08,"{""field"":""title"",""new_value"":""rotated""}"
3040,1896,277,updated,2025-02-20 10:33:25,"{""field"":""title"",""new_value"":""patched""}"
3041,589,113,updated,2025-01-13 16:57:03,"{""field"":""is_active"",""new_value"":""promoted""}"
3042,1005,283,updated,2025-02-21 22:17:16,"{""field"":""is_active"",""new_value"":""archived""}"
3043,1361,225,updated,2025-06-18 20:04:32,"{""field"":""original_url"",""new_value"":""https://seeded.app/engine/7134""}"
3044,1757,222,updated,2026-01-11 00:06:01,"{""field"":""original_url"",""new_value"":""https://relay.cloud/beacon/1941""}"
3045,1347,78,updated,2025-08-05 18:41:34,"{""field"":""title"",""new_value"":""quieted""}"
3046,1720,77,updated,2025-07-10 00:03:42,"{""field"":""is_active"",""new_value"":""refined""}"
3047,918,214,updated,2025-04-28 07:37:37,"{""field"":""is_active"",""new_value"":""rotated""}"
3048,1064,184,updated,2025-11-05 13:32:35,"{""field"":""is_active"",""new_value"":""quieted""}"
3049,1308,49,updated,2025-01-21 11:48:46,"{""field"":""original_url"",""new_value"":""https://opswise.net/delta/6277""}"
3050,1264,366,updated,2025-01-09 08:33:31,"{""field"":""is_active"",""new_value"":""archived""}"
3051,593,110,updated,2025-10-13 04:23:53,"{""field"":""is_active"",""new_value"":""boosted""}"
3052,382,368,updated,2025-01-29 01:56:21,"{""field"":""title"",""new_value"":""rotated""}"
3053,1879,203,updated,2025-07-17 19:06:00,"{""field"":""is_active"",""new_value"":""patched""}"
3054,981,140,updated,2026-01-05 02:22:10,"{""field"":""is_active"",""new_value"":""rotated""}"
3055,1579,122,updated,2026-01-16 03:00:35,"{""field"":""title"",""new_value"":""refined""}"
3056,670,387,updated,2025-12-06 05:24:21,"{""field"":""original_url"",""new_value"":""https://relay.cloud/island/3501""}"
3057,10,123,updated,2026-01-17 23:29:23,"{""field"":""original_url"",""new_value"":""https://acme.dev/canyon/3558""}"
3058,1858,157,updated,2026-01-13 16:36:16,"{""field"":""is_active"",""new_value"":""patched""}"
3059,474,257,updated,2026-01-03 20:38:14,"{""field"":""title"",""new_value"":""archived""}"
3060,1032,363,updated,2025-09-26 08:47:10,"{""field"":""is_active"",""new_value"":""refined""}"
3061,467,280,updated,2026-02-27 06:58:26,"{""field"":""is_active"",""new_value"":""patched""}"
3062,42,155,updated,2025-01-08 22:34:55,"{""field"":""is_active"",""new_value"":""rotated""}"
3063,1412,150,updated,2025-04-18 18:16:08,"{""field"":""title"",""new_value"":""patched""}"
3064,391,3,updated,2025-10-26 20:22:40,"{""field"":""is_active"",""new_value"":""rotated""}"
3065,1648,4,updated,2025-03-02 04:55:18,"{""field"":""is_active"",""new_value"":""rotated""}"
3066,450,377,updated,2025-09-25 23:47:38,"{""field"":""is_active"",""new_value"":""boosted""}"
3067,122,104,updated,2025-03-23 04:08:26,"{""field"":""title"",""new_value"":""quieted""}"
3068,1096,285,updated,2025-07-14 23:03:18,"{""field"":""is_active"",""new_value"":""refined""}"
3069,95,23,updated,2025-01-17 17:47:45,"{""field"":""is_active"",""new_value"":""patched""}"
3070,1304,159,updated,2025-12-31 14:48:57,"{""field"":""title"",""new_value"":""promoted""}"
3071,1436,251,updated,2025-11-06 11:23:52,"{""field"":""is_active"",""new_value"":""refined""}"
3072,1899,81,updated,2025-03-29 12:59:04,"{""field"":""title"",""new_value"":""boosted""}"
3073,492,389,updated,2025-04-12 14:56:11,"{""field"":""title"",""new_value"":""rotated""}"
3074,718,379,updated,2025-04-10 04:47:13,"{""field"":""title"",""new_value"":""rerouted""}"
3075,1834,264,updated,2025-03-30 09:00:52,"{""field"":""title"",""new_value"":""rerouted""}"
3076,1214,331,updated,2025-12-09 21:54:58,"{""field"":""title"",""new_value"":""rerouted""}"
3077,714,95,updated,2025-09-26 00:47:56,"{""field"":""original_url"",""new_value"":""https://hackstack.io/canyon/1298""}"
3078,1694,129,updated,2026-01-15 14:58:13,"{""field"":""title"",""new_value"":""quieted""}"
3079,1332,304,updated,2025-01-30 21:40:46,"{""field"":""original_url"",""new_value"":""https://opswise.net/delta/8427""}"
3080,1724,32,updated,2025-11-17 04:15:43,"{""field"":""is_active"",""new_value"":""rotated""}"
3081,67,377,updated,2025-03-17 05:57:13,"{""field"":""is_active"",""new_value"":""patched""}"
3082,1902,394,updated,2025-10-26 23:37:04,"{""field"":""title"",""new_value"":""archived""}"
3083,1603,35,updated,2025-09-18 06:15:29,"{""field"":""title"",""new_value"":""rerouted""}"
3084,513,381,updated,2025-03-30 15:21:42,"{""field"":""is_active"",""new_value"":""archived""}"
3085,1941,124,updated,2025-10-12 23:46:09,"{""field"":""original_url"",""new_value"":""https://acme.dev/journey/1698""}"
3086,1558,63,updated,2025-12-30 00:49:58,"{""field"":""is_active"",""new_value"":""refined""}"
3087,1617,197,updated,2025-08-17 22:30:56,"{""field"":""is_active"",""new_value"":""refined""}"
3088,1927,312,updated,2025-02-11 18:29:10,"{""field"":""is_active"",""new_value"":""boosted""}"
3089,408,87,updated,2025-03-18 02:40:52,"{""field"":""title"",""new_value"":""rotated""}"
3090,870,119,updated,2025-08-17 10:08:54,"{""field"":""is_active"",""new_value"":""rotated""}"
3091,1721,17,updated,2025-03-22 03:01:23,"{""field"":""title"",""new_value"":""rerouted""}"
3092,1421,199,updated,2026-02-14 06:56:18,"{""field"":""is_active"",""new_value"":""archived""}"
3093,1194,182,updated,2025-07-16 06:51:53,"{""field"":""original_url"",""new_value"":""https://hackstack.io/delta/3209""}"
3094,749,149,updated,2025-01-12 02:24:44,"{""field"":""is_active"",""new_value"":""rerouted""}"
3095,485,297,updated,2025-03-10 06:07:03,"{""field"":""title"",""new_value"":""rerouted""}"
3096,108,146,updated,2025-01-29 23:59:16,"{""field"":""original_url"",""new_value"":""https://opswise.net/engine/3121""}"
3097,1842,302,updated,2025-02-25 23:34:47,"{""field"":""is_active"",""new_value"":""quieted""}"
3098,1197,336,updated,2025-04-17 23:18:47,"{""field"":""title"",""new_value"":""boosted""}"
3099,736,266,updated,2025-01-20 07:44:18,"{""field"":""original_url"",""new_value"":""https://opswise.net/zenith/8474""}"
3100,1367,242,updated,2026-02-01 02:29:49,"{""field"":""original_url"",""new_value"":""https://seeded.app/lagoon/6852""}"
3101,1074,353,updated,2025-06-22 00:52:52,"{""field"":""original_url"",""new_value"":""https://hackstack.io/canyon/262""}"
3102,1735,255,updated,2025-02-10 23:36:00,"{""field"":""original_url"",""new_value"":""https://relay.cloud/yard/606""}"
3103,781,228,updated,2025-09-06 11:29:02,"{""field"":""title"",""new_value"":""patched""}"
3104,926,134,updated,2025-03-18 06:10:36,"{""field"":""original_url"",""new_value"":""https://relay.cloud/trail/3068""}"
3105,1143,158,updated,2025-05-04 01:49:40,"{""field"":""is_active"",""new_value"":""quieted""}"
3106,1811,232,updated,2025-06-07 00:10:44,"{""field"":""is_active"",""new_value"":""archived""}"
3107,1606,128,updated,2025-10-07 06:24:17,"{""field"":""title"",""new_value"":""patched""}"
3108,1795,15,updated,2025-06-17 17:39:18,"{""field"":""original_url"",""new_value"":""https://relay.cloud/kernel/7875""}"
3109,83,49,updated,2025-08-09 20:50:43,"{""field"":""title"",""new_value"":""boosted""}"
3110,1713,253,updated,2026-01-20 17:42:05,"{""field"":""original_url"",""new_value"":""https://seeded.app/zenith/3517""}"
3111,521,328,updated,2025-09-06 18:33:37,"{""field"":""title"",""new_value"":""rerouted""}"
3112,657,203,updated,2026-01-15 12:02:11,"{""field"":""is_active"",""new_value"":""archived""}"
3113,1462,362,updated,2025-08-06 21:39:51,"{""field"":""is_active"",""new_value"":""promoted""}"
3114,273,233,updated,2025-03-05 12:49:14,"{""field"":""title"",""new_value"":""rerouted""}"
3115,218,164,updated,2025-04-27 02:37:32,"{""field"":""is_active"",""new_value"":""rerouted""}"
3116,1991,39,updated,2025-02-16 12:20:48,"{""field"":""title"",""new_value"":""rerouted""}"
3117,761,359,updated,2025-03-24 13:09:35,"{""field"":""original_url"",""new_value"":""https://seeded.app/uplink/1294""}"
3118,448,18,updated,2026-02-06 19:35:10,"{""field"":""original_url"",""new_value"":""https://relay.cloud/river/7347""}"
3119,767,317,updated,2025-06-07 15:48:52,"{""field"":""original_url"",""new_value"":""https://relay.cloud/anchor/2660""}"
3120,1087,251,updated,2025-10-12 23:43:00,"{""field"":""title"",""new_value"":""refined""}"
3121,946,127,updated,2025-08-08 14:42:27,"{""field"":""original_url"",""new_value"":""https://hackstack.io/anchor/4909""}"
3122,1434,18,updated,2025-07-13 16:36:12,"{""field"":""original_url"",""new_value"":""https://relay.cloud/network/738""}"
3123,1326,330,updated,2026-01-13 07:28:15,"{""field"":""is_active"",""new_value"":""refined""}"
3124,1765,244,updated,2025-11-20 04:28:17,"{""field"":""original_url"",""new_value"":""https://hackstack.io/canyon/8265""}"
3125,1508,198,updated,2025-10-24 11:21:30,"{""field"":""original_url"",""new_value"":""https://example.com/signal/7019""}"
3126,129,255,updated,2025-10-31 09:57:50,"{""field"":""original_url"",""new_value"":""https://acme.dev/anchor/9869""}"
3127,812,323,updated,2025-08-03 22:59:21,"{""field"":""is_active"",""new_value"":""promoted""}"
3128,1350,158,updated,2025-12-07 04:16:11,"{""field"":""title"",""new_value"":""refined""}"
3129,222,83,updated,2025-02-16 12:24:06,"{""field"":""is_active"",""new_value"":""rerouted""}"
3130,256,118,updated,2026-02-22 08:41:32,"{""field"":""title"",""new_value"":""quieted""}"
3131,270,31,updated,2026-02-09 21:35:19,"{""field"":""original_url"",""new_value"":""https://opswise.net/kernel/8146""}"
3132,52,64,updated,2025-08-13 12:23:26,"{""field"":""is_active"",""new_value"":""quieted""}"
3133,698,378,updated,2025-01-08 11:01:39,"{""field"":""is_active"",""new_value"":""boosted""}"
3134,1224,257,updated,2025-02-26 21:27:22,"{""field"":""original_url"",""new_value"":""https://hackstack.io/yard/1750""}"
3135,650,215,updated,2025-11-01 23:24:48,"{""field"":""title"",""new_value"":""patched""}"
3136,1570,11,updated,2025-10-13 15:09:26,"{""field"":""title"",""new_value"":""archived""}"
3137,712,140,updated,2025-08-04 12:36:20,"{""field"":""original_url"",""new_value"":""https://relay.cloud/yard/349""}"
3138,1653,237,updated,2025-07-01 02:56:48,"{""field"":""is_active"",""new_value"":""rotated""}"
3139,30,349,updated,2026-02-17 07:53:36,"{""field"":""is_active"",""new_value"":""archived""}"
3140,276,322,updated,2026-01-30 09:57:59,"{""field"":""is_active"",""new_value"":""rerouted""}"
3141,1647,302,updated,2025-09-06 22:26:09,"{""field"":""is_active"",""new_value"":""quieted""}"
3142,1641,229,updated,2025-06-03 00:49:17,"{""field"":""is_active"",""new_value"":""archived""}"
3143,1328,143,updated,2025-03-29 21:20:50,"{""field"":""title"",""new_value"":""boosted""}"
3144,511,104,updated,2025-12-20 17:46:04,"{""field"":""is_active"",""new_value"":""rotated""}"
3145,101,307,updated,2025-12-09 23:58:00,"{""field"":""title"",""new_value"":""refined""}"
3146,1002,24,updated,2025-06-01 17:46:32,"{""field"":""original_url"",""new_value"":""https://seeded.app/field/8021""}"
3147,631,202,updated,2025-08-04 10:20:08,"{""field"":""is_active"",""new_value"":""refined""}"
3148,859,349,updated,2025-08-04 01:31:25,"{""field"":""is_active"",""new_value"":""promoted""}"
3149,38,264,updated,2025-04-15 04:27:52,"{""field"":""title"",""new_value"":""rotated""}"
3150,136,297,updated,2025-10-01 16:22:21,"{""field"":""original_url"",""new_value"":""https://example.com/canyon/7795""}"
3151,121,13,updated,2025-11-22 13:43:31,"{""field"":""original_url"",""new_value"":""https://hackstack.io/beacon/6990""}"
3152,1309,261,updated,2026-02-03 08:23:24,"{""field"":""original_url"",""new_value"":""https://opswise.net/valley/7645""}"
3153,680,32,updated,2026-01-28 16:37:47,"{""field"":""title"",""new_value"":""boosted""}"
3154,1889,229,updated,2025-12-11 09:03:01,"{""field"":""original_url"",""new_value"":""https://example.com/journey/524""}"
3155,198,333,updated,2025-06-21 10:12:58,"{""field"":""is_active"",""new_value"":""quieted""}"
3156,1809,144,updated,2026-01-26 17:14:42,"{""field"":""title"",""new_value"":""quieted""}"
3157,807,185,updated,2025-05-20 18:16:01,"{""field"":""title"",""new_value"":""quieted""}"
3158,1892,75,updated,2025-08-04 05:23:54,"{""field"":""original_url"",""new_value"":""https://seeded.app/pioneer/5252""}"
3159,1552,189,updated,2025-06-07 15:47:29,"{""field"":""title"",""new_value"":""rerouted""}"
3160,1966,358,updated,2025-08-04 00:42:03,"{""field"":""is_active"",""new_value"":""patched""}"
3161,1127,245,updated,2026-02-01 20:39:53,"{""field"":""original_url"",""new_value"":""https://example.com/delta/7192""}"
3162,1534,387,updated,2025-04-29 06:51:40,"{""field"":""original_url"",""new_value"":""https://seeded.app/window/2290""}"
3163,1021,319,updated,2025-06-19 18:39:54,"{""field"":""original_url"",""new_value"":""https://hackstack.io/canyon/3942""}"
3164,369,1,updated,2025-09-06 13:22:51,"{""field"":""original_url"",""new_value"":""https://opswise.net/kernel/9401""}"
3165,1452,15,updated,2026-02-18 19:10:28,"{""field"":""title"",""new_value"":""promoted""}"
3166,1691,365,updated,2026-01-14 10:48:37,"{""field"":""title"",""new_value"":""patched""}"
3167,186,203,updated,2025-08-23 07:40:44,"{""field"":""original_url"",""new_value"":""https://seeded.app/island/9174""}"
3168,35,352,updated,2025-04-20 06:58:37,"{""field"":""title"",""new_value"":""patched""}"
3169,1910,199,updated,2025-06-25 09:37:57,"{""field"":""title"",""new_value"":""archived""}"
3170,830,135,updated,2025-07-03 13:52:57,"{""field"":""title"",""new_value"":""rotated""}"
3171,1971,195,updated,2025-02-26 23:50:36,"{""field"":""is_active"",""new_value"":""promoted""}"
3172,1922,235,updated,2025-02-10 08:05:01,"{""field"":""is_active"",""new_value"":""rotated""}"
3173,562,134,updated,2026-02-08 02:18:23,"{""field"":""original_url"",""new_value"":""https://seeded.app/window/6167""}"
3174,262,130,updated,2025-08-19 19:05:04,"{""field"":""is_active"",""new_value"":""quieted""}"
3175,1154,188,updated,2025-02-28 12:51:57,"{""field"":""is_active"",""new_value"":""rotated""}"
3176,797,144,updated,2025-12-10 20:39:25,"{""field"":""title"",""new_value"":""boosted""}"
3177,417,57,updated,2025-02-18 09:19:10,"{""field"":""title"",""new_value"":""quieted""}"
3178,289,11,updated,2025-11-16 00:29:42,"{""field"":""original_url"",""new_value"":""https://example.com/journey/7763""}"
3179,1640,349,updated,2026-01-24 02:43:09,"{""field"":""is_active"",""new_value"":""rerouted""}"
3180,1315,297,updated,2025-06-19 22:27:11,"{""field"":""title"",""new_value"":""archived""}"
3181,1498,376,updated,2025-09-21 06:25:42,"{""field"":""original_url"",""new_value"":""https://seeded.app/beacon/1226""}"
3182,1474,67,updated,2025-01-12 13:04:05,"{""field"":""is_active"",""new_value"":""rotated""}"
3183,923,114,updated,2025-01-21 15:33:57,"{""field"":""title"",""new_value"":""promoted""}"
3184,6,363,updated,2025-05-22 03:12:23,"{""field"":""is_active"",""new_value"":""refined""}"
3185,1634,371,updated,2026-01-15 01:59:53,"{""field"":""is_active"",""new_value"":""boosted""}"
3186,1763,2,updated,2026-01-20 04:10:19,"{""field"":""is_active"",""new_value"":""promoted""}"
3187,125,227,updated,2025-05-13 07:22:59,"{""field"":""original_url"",""new_value"":""https://relay.cloud/beacon/415""}"
3188,1093,178,updated,2025-06-08 18:04:36,"{""field"":""original_url"",""new_value"":""https://acme.dev/window/1949""}"
3189,501,215,updated,2025-01-22 15:12:12,"{""field"":""is_active"",""new_value"":""rerouted""}"
3190,889,339,updated,2025-09-08 11:07:01,"{""field"":""title"",""new_value"":""refined""}"
3191,16,289,updated,2025-10-13 09:35:47,"{""field"":""is_active"",""new_value"":""archived""}"
3192,1399,367,updated,2025-01-20 19:07:01,"{""field"":""title"",""new_value"":""rotated""}"
3193,776,315,updated,2026-01-24 15:53:30,"{""field"":""is_active"",""new_value"":""archived""}"
3194,1806,22,updated,2025-05-05 16:37:08,"{""field"":""original_url"",""new_value"":""https://example.com/quartz/882""}"
3195,938,328,updated,2025-02-22 11:44:56,"{""field"":""original_url"",""new_value"":""https://seeded.app/orbit/4543""}"
3196,1422,186,updated,2025-09-14 21:33:36,"{""field"":""original_url"",""new_value"":""https://hackstack.io/engine/137""}"
3197,460,374,updated,2025-12-22 10:26:10,"{""field"":""is_active"",""new_value"":""rotated""}"
3198,1383,124,updated,2025-03-05 21:38:02,"{""field"":""title"",""new_value"":""rotated""}"
3199,404,113,updated,2025-05-24 15:56:11,"{""field"":""is_active"",""new_value"":""rotated""}"
3200,1750,208,updated,2026-01-03 05:32:49,"{""field"":""is_active"",""new_value"":""promoted""}"
3201,1514,228,updated,2025-02-25 08:29:21,"{""field"":""is_active"",""new_value"":""promoted""}"
3202,1945,136,updated,2025-02-14 23:46:18,"{""field"":""original_url"",""new_value"":""https://hackstack.io/kernel/6724""}"
3203,1774,106,updated,2025-03-29 01:49:21,"{""field"":""is_active"",""new_value"":""patched""}"
3204,1340,231,updated,2025-02-06 02:45:25,"{""field"":""title"",""new_value"":""rotated""}"
3205,453,327,updated,2025-10-01 21:18:30,"{""field"":""title"",""new_value"":""promoted""}"
3206,696,125,updated,2025-11-08 17:53:48,"{""field"":""is_active"",""new_value"":""refined""}"
3207,605,57,deleted,2025-06-13 18:07:08,"{""reason"":""expired""}"
3208,1130,110,deleted,2025-11-05 19:54:24,"{""reason"":""expired""}"
3209,1486,124,deleted,2025-03-01 03:28:18,"{""reason"":""expired""}"
3210,652,364,deleted,2025-12-22 09:08:25,"{""reason"":""policy_cleanup""}"
3211,341,189,deleted,2025-11-04 09:43:52,"{""reason"":""duplicate""}"
3212,887,264,deleted,2025-06-24 21:55:26,"{""reason"":""duplicate""}"
3213,1218,379,deleted,2025-01-21 15:14:17,"{""reason"":""expired""}"
3214,1072,179,deleted,2025-04-02 16:22:15,"{""reason"":""user_requested""}"
3215,583,150,deleted,2025-03-21 01:18:31,"{""reason"":""user_requested""}"
3216,1245,1,deleted,2025-03-25 23:38:35,"{""reason"":""policy_cleanup""}"
3217,303,358,deleted,2025-08-03 11:40:35,"{""reason"":""policy_cleanup""}"
3218,382,368,deleted,2025-12-20 10:29:04,"{""reason"":""duplicate""}"
3219,50,19,deleted,2025-04-15 09:53:43,"{""reason"":""user_requested""}"
3220,1760,280,deleted,2025-05-24 09:02:39,"{""reason"":""expired""}"
3221,1131,161,deleted,2025-10-13 06:59:33,"{""reason"":""expired""}"
3222,917,32,deleted,2026-02-06 08:46:33,"{""reason"":""user_requested""}"
3223,1996,309,deleted,2025-07-02 03:32:40,"{""reason"":""policy_cleanup""}"
3224,1749,303,deleted,2025-11-08 14:54:40,"{""reason"":""user_requested""}"
3225,1885,178,deleted,2025-06-12 06:01:33,"{""reason"":""user_requested""}"
3226,1205,228,deleted,2026-01-04 02:22:31,"{""reason"":""user_requested""}"
3227,500,133,deleted,2025-01-22 01:47:51,"{""reason"":""duplicate""}"
3228,731,170,deleted,2025-10-09 02:13:24,"{""reason"":""user_requested""}"
3229,215,328,deleted,2026-01-27 14:49:47,"{""reason"":""policy_cleanup""}"
3230,865,370,deleted,2025-01-16 07:45:04,"{""reason"":""user_requested""}"
3231,1127,245,deleted,2025-09-23 23:17:12,"{""reason"":""expired""}"
3232,1399,367,deleted,2025-10-08 12:31:28,"{""reason"":""user_requested""}"
3233,1363,347,deleted,2025-03-09 15:00:40,"{""reason"":""user_requested""}"
3234,875,357,deleted,2025-07-24 16:18:50,"{""reason"":""policy_cleanup""}"
3235,3,62,deleted,2025-12-25 17:40:32,"{""reason"":""duplicate""}"
3236,1773,339,deleted,2025-10-30 03:20:33,"{""reason"":""duplicate""}"
3237,912,137,deleted,2025-12-05 22:46:49,"{""reason"":""policy_cleanup""}"
3238,1918,127,deleted,2025-12-09 15:40:04,"{""reason"":""policy_cleanup""}"
3239,1043,396,deleted,2025-07-29 21:07:33,"{""reason"":""policy_cleanup""}"
3240,1516,228,deleted,2025-06-29 21:06:21,"{""reason"":""duplicate""}"
3241,930,389,deleted,2025-12-14 04:58:30,"{""reason"":""expired""}"
3242,706,81,deleted,2025-09-27 03:11:24,"{""reason"":""policy_cleanup""}"
3243,951,102,deleted,2025-04-24 08:41:09,"{""reason"":""duplicate""}"
3244,197,44,deleted,2026-02-09 01:17:28,"{""reason"":""user_requested""}"
3245,1433,41,deleted,2025-10-20 02:05:21,"{""reason"":""policy_cleanup""}"
3246,1734,221,deleted,2025-01-15 14:32:28,"{""reason"":""user_requested""}"
3247,1123,391,deleted,2025-04-19 01:14:02,"{""reason"":""expired""}"
3248,1962,127,deleted,2026-01-08 09:12:14,"{""reason"":""expired""}"
3249,1441,130,deleted,2025-07-06 19:36:12,"{""reason"":""policy_cleanup""}"
3250,568,73,deleted,2026-02-28 03:38:14,"{""reason"":""user_requested""}"
3251,1332,304,deleted,2025-09-05 16:27:37,"{""reason"":""expired""}"
3252,52,64,deleted,2026-01-19 01:52:58,"{""reason"":""user_requested""}"
3253,739,103,deleted,2025-05-03 07:08:17,"{""reason"":""policy_cleanup""}"
3254,1229,263,deleted,2025-10-31 16:32:41,"{""reason"":""expired""}"
3255,313,92,deleted,2025-11-03 18:31:36,"{""reason"":""expired""}"
3256,55,310,deleted,2025-12-06 01:05:36,"{""reason"":""expired""}"
3257,169,101,deleted,2025-04-03 11:43:18,"{""reason"":""policy_cleanup""}"
3258,885,133,deleted,2025-09-29 12:18:06,"{""reason"":""user_requested""}"
3259,1532,131,deleted,2025-10-17 14:52:46,"{""reason"":""user_requested""}"
3260,1439,293,deleted,2025-03-20 18:07:23,"{""reason"":""duplicate""}"
3261,527,107,deleted,2025-07-12 22:12:09,"{""reason"":""expired""}"
3262,1206,137,deleted,2025-02-07 07:47:12,"{""reason"":""policy_cleanup""}"
3263,1191,134,deleted,2025-07-26 17:43:06,"{""reason"":""duplicate""}"
3264,966,60,deleted,2025-02-02 22:24:37,"{""reason"":""duplicate""}"
3265,971,255,deleted,2026-01-12 19:38:49,"{""reason"":""duplicate""}"
3266,469,49,deleted,2025-03-09 23:56:08,"{""reason"":""user_requested""}"
3267,1982,299,deleted,2026-01-07 10:59:05,"{""reason"":""duplicate""}"
3268,1503,273,deleted,2025-01-06 15:39:50,"{""reason"":""policy_cleanup""}"
3269,855,17,deleted,2025-02-22 18:10:40,"{""reason"":""expired""}"
3270,1966,358,deleted,2026-01-15 20:58:19,"{""reason"":""user_requested""}"
3271,981,140,deleted,2025-02-05 17:20:38,"{""reason"":""duplicate""}"
3272,1198,36,deleted,2025-12-19 19:02:37,"{""reason"":""policy_cleanup""}"
3273,1238,385,deleted,2025-01-11 16:23:32,"{""reason"":""expired""}"
3274,1246,289,deleted,2025-08-22 09:15:31,"{""reason"":""expired""}"
3275,71,20,deleted,2025-08-08 21:13:47,"{""reason"":""policy_cleanup""}"
3276,1637,105,deleted,2025-07-28 20:33:10,"{""reason"":""user_requested""}"
3277,1524,268,deleted,2025-01-17 04:58:42,"{""reason"":""duplicate""}"
3278,516,380,deleted,2025-07-04 22:33:46,"{""reason"":""duplicate""}"
3279,1349,89,deleted,2026-02-20 19:05:56,"{""reason"":""policy_cleanup""}"
3280,574,220,deleted,2025-10-15 09:47:22,"{""reason"":""user_requested""}"
3281,1666,75,deleted,2025-08-25 09:06:25,"{""reason"":""user_requested""}"
3282,498,43,deleted,2025-09-03 11:11:03,"{""reason"":""expired""}"
3283,376,383,deleted,2025-03-07 09:53:49,"{""reason"":""policy_cleanup""}"
3284,89,180,deleted,2025-01-11 01:00:44,"{""reason"":""user_requested""}"
3285,1978,284,deleted,2026-01-04 16:30:52,"{""reason"":""user_requested""}"
3286,99,383,deleted,2025-08-14 01:04:11,"{""reason"":""user_requested""}"
3287,1751,66,deleted,2026-02-23 14:32:07,"{""reason"":""policy_cleanup""}"
3288,1397,110,deleted,2025-11-17 08:16:23,"{""reason"":""duplicate""}"
3289,1115,213,deleted,2025-10-26 22:46:44,"{""reason"":""expired""}"
3290,130,246,deleted,2025-10-16 02:08:59,"{""reason"":""expired""}"
3291,351,270,deleted,2025-09-07 06:20:47,"{""reason"":""policy_cleanup""}"
3292,1041,99,deleted,2025-09-24 14:08:58,"{""reason"":""expired""}"
3293,1432,114,deleted,2025-01-31 14:17:24,"{""reason"":""policy_cleanup""}"
3294,322,228,deleted,2026-01-28 05:57:50,"{""reason"":""policy_cleanup""}"
3295,1627,314,deleted,2025-12-23 02:43:21,"{""reason"":""user_requested""}"
3296,760,64,deleted,2026-01-16 21:42:32,"{""reason"":""user_requested""}"
3297,191,224,deleted,2025-11-23 22:23:16,"{""reason"":""expired""}"
3298,1279,394,deleted,2025-03-30 09:04:01,"{""reason"":""duplicate""}"
3299,1312,157,deleted,2025-11-06 02:54:48,"{""reason"":""duplicate""}"
3300,1448,305,deleted,2025-06-27 16:38:32,"{""reason"":""expired""}"
3301,1443,252,deleted,2025-09-30 18:57:45,"{""reason"":""expired""}"
3302,1157,18,deleted,2025-05-30 19:55:41,"{""reason"":""user_requested""}"
3303,611,32,deleted,2025-04-15 08:46:14,"{""reason"":""duplicate""}"
3304,1723,158,deleted,2025-03-29 10:24:51,"{""reason"":""user_requested""}"
3305,1119,180,deleted,2025-03-17 12:57:01,"{""reason"":""duplicate""}"
3306,1365,272,deleted,2025-05-13 11:57:40,"{""reason"":""user_requested""}"
3307,908,311,deleted,2025-02-23 04:09:27,"{""reason"":""expired""}"
3308,1171,275,deleted,2025-04-28 23:17:15,"{""reason"":""user_requested""}"
3309,734,18,deleted,2026-01-09 19:21:53,"{""reason"":""duplicate""}"
3310,31,73,deleted,2025-07-27 00:29:22,"{""reason"":""duplicate""}"
3311,714,95,deleted,2025-04-23 07:14:04,"{""reason"":""user_requested""}"
3312,378,47,deleted,2025-10-09 15:33:24,"{""reason"":""user_requested""}"
3313,835,79,deleted,2025-06-24 06:46:05,"{""reason"":""policy_cleanup""}"
3314,1548,167,deleted,2025-03-02 12:13:41,"{""reason"":""user_requested""}"
3315,919,294,deleted,2025-11-07 03:11:30,"{""reason"":""expired""}"
3316,1281,157,deleted,2026-02-07 19:05:09,"{""reason"":""duplicate""}"
3317,950,49,deleted,2025-06-24 16:36:01,"{""reason"":""policy_cleanup""}"
3318,1814,348,deleted,2026-01-18 06:32:09,"{""reason"":""policy_cleanup""}"
3319,113,189,deleted,2026-02-19 10:55:59,"{""reason"":""duplicate""}"
3320,1606,128,deleted,2025-10-10 23:05:21,"{""reason"":""duplicate""}"
3321,1735,255,deleted,2025-05-16 23:11:23,"{""reason"":""policy_cleanup""}"
3322,664,31,deleted,2025-04-22 18:18:00,"{""reason"":""user_requested""}"
3323,1259,10,deleted,2025-08-20 17:03:03,"{""reason"":""policy_cleanup""}"
3324,953,356,deleted,2025-04-16 09:30:35,"{""reason"":""duplicate""}"
3325,1712,178,deleted,2025-11-17 02:39:53,"{""reason"":""expired""}"
3326,484,2,deleted,2025-01-20 15:35:03,"{""reason"":""policy_cleanup""}"
3327,607,241,deleted,2025-09-08 03:26:45,"{""reason"":""user_requested""}"
3328,18,181,deleted,2025-12-25 13:43:08,"{""reason"":""duplicate""}"
3329,968,149,deleted,2025-09-16 11:10:58,"{""reason"":""expired""}"
3330,518,311,deleted,2025-04-02 14:40:11,"{""reason"":""policy_cleanup""}"
3331,511,104,deleted,2025-09-07 11:14:47,"{""reason"":""duplicate""}"
3332,1035,174,deleted,2025-09-25 23:13:06,"{""reason"":""policy_cleanup""}"
3333,1385,269,deleted,2025-10-26 01:30:46,"{""reason"":""expired""}"
3334,1316,205,deleted,2025-08-31 21:50:03,"{""reason"":""expired""}"
3335,82,41,deleted,2025-11-24 02:03:40,"{""reason"":""policy_cleanup""}"
3336,261,300,deleted,2025-07-19 03:19:27,"{""reason"":""expired""}"
3337,609,53,deleted,2025-04-13 08:39:42,"{""reason"":""user_requested""}"
3338,929,3,deleted,2025-12-19 00:11:00,"{""reason"":""policy_cleanup""}"
3339,793,375,deleted,2025-04-14 07:08:52,"{""reason"":""user_requested""}"
3340,1661,135,deleted,2025-08-08 05:44:36,"{""reason"":""duplicate""}"
3341,1595,298,deleted,2025-01-12 20:14:12,"{""reason"":""duplicate""}"
3342,1615,68,deleted,2025-11-05 16:13:25,"{""reason"":""policy_cleanup""}"
3343,895,65,deleted,2025-10-19 00:49:53,"{""reason"":""duplicate""}"
3344,554,291,deleted,2025-07-01 20:00:10,"{""reason"":""user_requested""}"
3345,1554,190,deleted,2026-02-20 05:24:24,"{""reason"":""policy_cleanup""}"
3346,1771,19,deleted,2025-03-05 16:49:33,"{""reason"":""expired""}"
3347,401,66,deleted,2025-11-18 13:07:30,"{""reason"":""duplicate""}"
3348,34,103,deleted,2025-09-30 05:36:27,"{""reason"":""expired""}"
3349,555,399,deleted,2025-10-30 22:15:19,"{""reason"":""duplicate""}"
3350,1164,5,deleted,2026-01-16 15:47:45,"{""reason"":""user_requested""}"
3351,447,85,deleted,2025-09-08 19:28:40,"{""reason"":""expired""}"
3352,1386,104,deleted,2026-01-05 20:03:36,"{""reason"":""duplicate""}"
3353,181,176,deleted,2025-01-09 10:19:05,"{""reason"":""expired""}"
3354,1231,213,deleted,2025-09-08 23:39:27,"{""reason"":""user_requested""}"
3355,803,107,deleted,2025-02-13 09:39:47,"{""reason"":""expired""}"
3356,784,335,deleted,2025-05-11 22:31:15,"{""reason"":""expired""}"
3357,736,266,deleted,2025-08-02 12:58:20,"{""reason"":""user_requested""}"
3358,1012,187,deleted,2025-10-27 05:18:58,"{""reason"":""user_requested""}"
3359,935,218,deleted,2026-01-10 02:59:14,"{""reason"":""user_requested""}"
3360,813,233,deleted,2025-04-10 05:21:11,"{""reason"":""user_requested""}"
3361,1836,391,deleted,2025-09-02 19:53:11,"{""reason"":""policy_cleanup""}"
3362,483,40,deleted,2025-07-09 06:29:53,"{""reason"":""policy_cleanup""}"
3363,1452,15,deleted,2025-06-08 21:17:19,"{""reason"":""policy_cleanup""}"
3364,972,87,deleted,2025-10-21 01:00:27,"{""reason"":""policy_cleanup""}"
3365,1740,101,deleted,2025-10-06 23:58:18,"{""reason"":""expired""}"
3366,1622,235,deleted,2025-07-26 17:16:23,"{""reason"":""user_requested""}"
3367,121,13,deleted,2026-02-08 14:46:32,"{""reason"":""expired""}"
3368,340,14,deleted,2025-05-09 00:51:50,"{""reason"":""expired""}"
3369,743,111,deleted,2026-01-28 01:58:10,"{""reason"":""expired""}"
3370,1476,343,deleted,2025-03-22 12:34:36,"{""reason"":""user_requested""}"
3371,1228,181,deleted,2025-03-03 13:55:33,"{""reason"":""policy_cleanup""}"
3372,1194,182,deleted,2025-01-21 15:49:06,"{""reason"":""policy_cleanup""}"
3373,783,180,deleted,2025-08-03 04:33:18,"{""reason"":""policy_cleanup""}"
3374,359,175,deleted,2025-12-31 13:25:12,"{""reason"":""policy_cleanup""}"
3375,1334,348,deleted,2025-06-10 03:07:07,"{""reason"":""user_requested""}"
3376,1611,369,deleted,2025-09-22 17:54:42,"{""reason"":""expired""}"
3377,1418,283,deleted,2026-01-17 13:07:44,"{""reason"":""policy_cleanup""}"
3378,51,261,deleted,2025-10-29 23:40:41,"{""reason"":""user_requested""}"
3379,92,12,deleted,2025-09-23 21:25:01,"{""reason"":""duplicate""}"
3380,140,8,deleted,2025-01-15 22:49:05,"{""reason"":""policy_cleanup""}"
3381,1539,291,deleted,2025-03-29 17:06:38,"{""reason"":""expired""}"
3382,1088,151,deleted,2025-07-06 22:42:20,"{""reason"":""user_requested""}"
3383,899,99,deleted,2025-02-19 14:40:26,"{""reason"":""expired""}"
3384,952,318,deleted,2025-11-01 23:39:33,"{""reason"":""policy_cleanup""}"
3385,1550,145,deleted,2025-07-02 06:09:18,"{""reason"":""expired""}"
3386,1747,208,deleted,2025-11-14 09:06:34,"{""reason"":""policy_cleanup""}"
3387,1001,154,deleted,2025-02-18 06:57:55,"{""reason"":""duplicate""}"
3388,851,247,deleted,2026-01-08 10:56:28,"{""reason"":""policy_cleanup""}"
3389,1758,47,deleted,2025-06-24 17:58:56,"{""reason"":""duplicate""}"
3390,1295,125,deleted,2025-09-22 17:18:05,"{""reason"":""user_requested""}"
3391,1480,393,deleted,2025-04-06 00:22:41,"{""reason"":""user_requested""}"
3392,1360,289,deleted,2025-10-08 23:48:57,"{""reason"":""policy_cleanup""}"
3393,1800,41,deleted,2025-01-13 00:33:30,"{""reason"":""user_requested""}"
3394,1952,116,deleted,2025-07-01 09:01:07,"{""reason"":""policy_cleanup""}"
3395,1938,178,deleted,2025-06-12 11:37:09,"{""reason"":""user_requested""}"
3396,900,48,deleted,2025-06-06 01:51:42,"{""reason"":""policy_cleanup""}"
3397,871,177,deleted,2026-02-16 13:17:49,"{""reason"":""user_requested""}"
3398,1097,40,deleted,2026-02-12 18:28:56,"{""reason"":""policy_cleanup""}"
3399,788,167,deleted,2025-02-21 10:33:17,"{""reason"":""user_requested""}"
3400,1793,21,deleted,2026-01-16 18:03:24,"{""reason"":""user_requested""}"
3401,411,196,deleted,2025-09-18 06:04:10,"{""reason"":""user_requested""}"
3402,662,320,deleted,2025-05-06 08:56:37,"{""reason"":""user_requested""}"
3403,636,376,deleted,2025-02-14 17:17:32,"{""reason"":""policy_cleanup""}"
3404,874,174,deleted,2025-02-09 00:36:48,"{""reason"":""expired""}"
3405,1141,81,deleted,2025-07-30 22:48:08,"{""reason"":""user_requested""}"
3406,1940,301,deleted,2026-01-29 10:14:44,"{""reason"":""policy_cleanup""}"
3407,171,153,deleted,2025-12-27 09:46:56,"{""reason"":""expired""}"
3408,1504,284,deleted,2026-02-26 07:20:37,"{""reason"":""user_requested""}"
3409,508,2,deleted,2025-01-10 09:26:45,"{""reason"":""user_requested""}"
3410,194,150,deleted,2025-10-12 11:48:41,"{""reason"":""duplicate""}"
3411,330,268,deleted,2025-12-25 20:40:12,"{""reason"":""user_requested""}"
3412,859,349,deleted,2025-07-29 09:22:14,"{""reason"":""expired""}"
3413,457,288,deleted,2025-04-05 14:11:49,"{""reason"":""expired""}"
3414,650,215,deleted,2025-08-16 10:57:58,"{""reason"":""duplicate""}"
3415,886,391,deleted,2025-09-01 12:52:14,"{""reason"":""expired""}"
3416,1181,134,deleted,2025-09-15 10:12:53,"{""reason"":""expired""}"
3417,1092,332,deleted,2025-03-21 14:15:56,"{""reason"":""policy_cleanup""}"
3418,656,68,deleted,2026-01-02 10:25:27,"{""reason"":""policy_cleanup""}"
3419,1975,177,deleted,2025-11-12 14:39:30,"{""reason"":""duplicate""}"
3420,1632,377,deleted,2025-05-26 20:20:28,"{""reason"":""policy_cleanup""}"
3421,822,127,deleted,2026-01-30 09:27:18,"{""reason"":""duplicate""}"
3422,881,345,deleted,2026-01-14 06:53:43,"{""reason"":""duplicate""}"
