id,user_id,short_code,original_url,title,is_active,created_at,updated_at
1,1,0VZ3jd,https://acme.dev/jade/island/1,Alert feed yard,True,2025-03-21 00:28:24,2025-11-11 10:12:18
2,391,Zb4VAo,https://opswise.net/brisk/network/2,Quarterly brief window,False,2025-10-01 15:17:33,2025-12-08 02:32:56
3,62,xREf4G,https://hackstack.io/ivory/field/3,Quarterly brief signal,True,2025-05-16 19:23:43,2025-06-18 12:44:50
4,241,19LuR5,https://example.com/young/beacon/4,Service guide meadow,True,2026-02-08 00:48:34,2026-02-20 20:42:05
5,338,TLD4LP,https://hackstack.io/calm/garden/5,Service guide beacon,True,2025-06-22 22:38:49,2026-02-16 03:30:48
6,363,JWXaTd,https://seeded.app/silver/river/6,Incident notes anchor,True,2025-04-17 20:43:50,2025-12-02 16:41:47
7,360,qmnhTP,https://opswise.net/brisk/canyon/7,Incident notes delta,True,2025-10-02 17:37:28,2026-02-18 16:07:38
8,105,n1lt3z,https://seeded.app/warm/canyon/8,Quarterly brief kernel,True,2026-01-03 15:24:44,2026-01-16 17:24:28
9,271,9haGl4,https://opswise.net/jade/anchor/9,Status board quartz,True,2025-07-06 21:17:35,2025-07-23 22:20:56
10,123,I6KpBT,https://seeded.app/warm/meadow/10,Alert feed zenith,True,2025-05-20 19:06:35,2025-07-29 01:52:38
11,189,V64KP6,https://acme.dev/keen/delta/11,Campaign page orbit,True,2025-12-01 13:40:05,2025-12-02 05:40:35
12,363,zwIe20,https://hackstack.io/dawn/quartz/12,Quarterly brief signal,False,2025-01-16 07:36:49,2025-03-27 14:36:15
13,191,I44uW6,https://relay.cloud/cobalt/kernel/13,Campaign page zenith,True,2025-02-06 02:53:28,2025-10-23 05:35:54
14,174,xcmLR0,https://opswise.net/navy/quartz/14,Service guide harvest,True,2025-07-08 22:11:46,2025-11-20 21:40:21
15,29,K7cgFo,https://opswise.net/tidy/uplink/15,Quarterly brief delta,True,2025-06-06 06:56:31,2025-11-06 15:26:02
16,289,DgNwh2,https://hackstack.io/amber/zenith/16,Status board beacon,False,2025-05-02 04:10:46,2025-09-24 21:49:26
17,21,nEJnXa,https://opswise.net/young/window/17,Demo link anchor,True,2025-11-01 01:24:25,2025-12-04 17:58:26
18,181,0TABEs,https://example.com/dawn/engine/18,Campaign page island,True,2025-04-25 12:41:54,2025-06-21 00:36:08
19,322,4oBAX7,https://hackstack.io/keen/orbit/19,Quarterly brief window,True,2025-09-14 13:41:47,2025-12-16 02:18:41
20,296,eb63zr,https://seeded.app/young/uplink/20,Quarterly brief delta,True,2025-07-27 05:41:30,2025-12-26 03:54:22
21,277,2oiK4S,https://example.com/harbor/valley/21,Campaign page delta,True,2025-02-20 08:38:35,2025-03-21 06:20:42
22,356,P8btBQ,https://seeded.app/opal/lagoon/22,Launch deck network,True,2025-03-27 02:55:01,2025-06-17 14:02:02
23,158,AaC7x0,https://relay.cloud/forest/lagoon/23,Quarterly brief kernel,True,2025-02-07 22:29:16,2025-04-04 04:55:37
24,127,3kptDN,https://hackstack.io/rapid/field/24,Launch deck meadow,True,2025-04-14 02:45:16,2025-09-27 21:12:35
25,193,HYPXkq,https://acme.dev/rapid/beacon/25,Ops review lagoon,True,2026-02-01 20:11:09,2026-02-03 17:51:30
26,202,BWor8w,https://relay.cloud/cobalt/kernel/26,Ops review field,True,2026-01-16 03:14:22,2026-02-16 07:13:13
27,169,Vb77ff,https://acme.dev/quiet/harvest/27,Alert feed pioneer,True,2025-07-09 21:12:16,2025-10-07 04:29:31
28,106,lfaHnT,https://opswise.net/dawn/lagoon/28,Quarterly brief anchor,True,2026-01-27 20:01:03,2026-02-17 16:25:42
29,231,V9tLoR,https://seeded.app/vivid/pioneer/29,Launch deck delta,True,2025-11-12 19:39:47,2025-12-05 17:33:40
30,349,IMfabP,https://acme.dev/amber/canyon/30,Campaign page delta,True,2025-12-11 19:31:09,2026-02-17 23:40:27
31,73,YGElKI,https://example.com/tidy/anchor/31,Campaign page pioneer,False,2025-08-24 00:47:51,2025-09-12 17:09:31
32,299,I01Vas,https://opswise.net/vivid/canyon/32,Incident notes river,True,2026-01-27 16:19:38,2026-02-04 22:55:02
33,219,jwbRIa,https://relay.cloud/silver/valley/33,Ops review canyon,False,2025-12-16 17:11:17,2026-01-26 13:37:25
34,103,Jq7krY,https://acme.dev/silver/garden/34,Incident notes journey,True,2025-06-22 11:50:48,2025-09-24 10:26:18
35,352,hXyZTx,https://example.com/opal/river/35,Incident notes signal,True,2025-10-19 07:55:15,2026-01-06 08:20:12
36,359,b4uMkh,https://opswise.net/tidy/harvest/36,Incident notes zenith,True,2025-07-21 02:45:19,2026-02-16 13:37:22
37,156,ZoFIpt,https://opswise.net/vivid/harvest/37,Roadmap update canyon,True,2025-02-17 22:11:12,2026-01-02 06:03:10
38,264,fSBbWN,https://seeded.app/jade/valley/38,Quarterly brief trail,False,2025-11-18 18:18:06,2026-01-08 12:45:07
39,9,rfmfix,https://acme.dev/lively/pioneer/39,Launch deck network,True,2025-05-28 19:38:33,2025-08-28 17:46:29
40,18,g7pJNW,https://example.com/clear/river/40,Launch deck delta,True,2025-06-29 17:40:31,2025-06-30 01:04:08
41,351,tpi7KQ,https://acme.dev/cobalt/journey/41,Status board island,True,2026-01-06 04:13:11,2026-02-15 15:13:02
42,155,bqLDXQ,https://example.com/amber/zenith/42,Demo link anchor,False,2025-10-06 11:34:58,2025-11-24 09:09:35
43,380,hAsiHd,https://acme.dev/forest/canyon/43,Quarterly brief zenith,True,2025-05-20 22:22:17,2025-11-17 21:55:51
44,235,CUDh9p,https://seeded.app/brisk/garden/44,Ops review river,False,2025-04-07 11:46:24,2025-05-20 23:26:35
45,312,K36Oc7,https://hackstack.io/mellow/kernel/45,Incident notes zenith,True,2025-07-27 20:25:24,2025-09-20 04:50:39
46,76,GbqHne,https://acme.dev/calm/orbit/46,Alert feed window,True,2025-07-01 08:16:10,2025-07-30 03:22:53
47,138,WYqaWj,https://hackstack.io/mellow/delta/47,Incident notes delta,False,2025-09-23 11:15:27,2026-01-25 09:12:52
48,196,EHrRSB,https://hackstack.io/navy/kernel/48,Roadmap update journey,False,2025-01-15 18:39:02,2025-07-11 17:15:40
49,102,de9U5e,https://relay.cloud/urban/pioneer/49,Campaign page island,False,2025-09-16 20:54:25,2026-01-24 06:59:32
50,19,RXVOEA,https://example.com/rapid/uplink/50,Roadmap update garden,False,2025-07-18 09:02:00,2025-09-14 02:08:13
51,261,K75o0U,https://relay.cloud/cobalt/quartz/51,Alert feed delta,True,2025-01-23 22:28:05,2025-08-19 12:13:15
52,64,oynG5w,https://example.com/vivid/kernel/52,Campaign page harvest,False,2025-05-07 01:10:49,2025-06-22 22:57:18
53,347,u4RRjA,https://seeded.app/harbor/anchor/53,Incident notes zenith,True,2025-05-05 03:04:31,2025-05-29 09:46:28
54,200,aXjwIj,https://relay.cloud/mellow/meadow/54,Ops review anchor,True,2025-12-02 14:58:57,2026-01-25 13:43:14
55,310,TPmDzo,https://hackstack.io/clear/field/55,Ops review quartz,False,2025-12-04 07:39:39,2026-02-01 02:29:06
56,223,QYNLst,https://acme.dev/mellow/beacon/56,Status board delta,True,2025-06-10 23:00:55,2026-01-26 15:54:52
57,362,JD3Gmr,https://relay.cloud/keen/journey/57,Demo link window,True,2025-04-07 21:20:40,2025-09-29 16:31:10
58,213,99wNlC,https://opswise.net/navy/network/58,Campaign page window,True,2025-07-24 10:04:38,2026-01-16 16:51:26
59,222,6FPH2D,https://acme.dev/jade/yard/59,Launch deck engine,True,2025-09-20 11:28:04,2026-01-29 03:57:36
60,222,YLs1eD,https://opswise.net/navy/valley/60,Campaign page signal,True,2025-08-06 05:30:38,2026-01-07 05:45:08
61,399,uPaGO2,https://relay.cloud/urban/network/61,Ops review pioneer,True,2025-07-25 23:16:17,2026-01-14 23:28:50
62,315,9ahgwM,https://opswise.net/mellow/meadow/62,Roadmap update river,True,2026-01-24 05:48:12,2026-01-24 06:34:07
63,148,ni7sMS,https://opswise.net/dawn/canyon/63,Quarterly brief kernel,True,2025-05-29 16:33:37,2025-06-25 12:33:37
64,219,jFUoXp,https://seeded.app/silver/orbit/64,Incident notes river,True,2026-02-11 07:18:35,2026-02-15 09:14:26
65,35,zHYgph,https://relay.cloud/mellow/harvest/65,Ops review valley,True,2025-01-16 13:19:41,2025-05-07 14:23:39
66,22,uqY6MI,https://relay.cloud/tidy/engine/66,Service guide zenith,True,2025-08-21 17:50:31,2026-01-25 11:23:27
67,377,1bT9Uy,https://example.com/calm/garden/67,Demo link harvest,True,2025-09-07 02:19:00,2025-12-28 01:52:32
68,326,0bU8Ug,https://opswise.net/ivory/garden/68,Service guide signal,True,2025-10-21 13:28:34,2026-02-07 03:21:42
69,249,msRpoi,https://opswise.net/proud/signal/69,Quarterly brief field,True,2026-02-19 18:10:33,2026-02-20 12:32:50
70,156,xOBrzg,https://opswise.net/proud/window/70,Ops review engine,True,2025-01-06 02:47:25,2025-05-09 19:34:01
71,20,iwmsTk,https://hackstack.io/navy/yard/71,Launch deck field,True,2025-03-19 01:58:58,2026-02-20 05:18:00
72,94,D5lwPN,https://seeded.app/cobalt/trail/72,Campaign page journey,True,2025-03-28 22:23:50,2025-07-03 14:10:17
73,397,2Y6pZE,https://example.com/harbor/network/73,Service guide river,True,2025-06-24 09:05:00,2025-10-10 06:51:39
74,191,cuZHZW,https://opswise.net/opal/harvest/74,Alert feed pioneer,True,2025-05-30 14:54:57,2025-10-22 03:36:49
75,44,JfbqF2,https://acme.dev/rapid/network/75,Alert feed engine,True,2025-01-02 08:40:55,2025-02-23 11:27:00
76,72,mRycJY,https://opswise.net/brisk/delta/76,Quarterly brief valley,True,2025-05-07 19:12:19,2026-02-11 07:38:25
77,122,K6UwFi,https://hackstack.io/ember/harvest/77,Service guide uplink,True,2026-02-18 09:28:26,2026-02-20 13:41:22
78,190,mL40FF,https://example.com/quiet/zenith/78,Alert feed island,True,2025-07-28 22:25:32,2025-12-31 04:10:13
79,387,X2u5Ov,https://seeded.app/warm/engine/79,Demo link kernel,False,2025-01-17 08:05:40,2025-09-05 05:59:12
80,266,NqdXXJ,https://seeded.app/clear/valley/80,Campaign page yard,True,2026-02-07 20:09:47,2026-02-11 06:48:16
81,158,7fc6IB,https://hackstack.io/proud/meadow/81,Roadmap update trail,True,2025-06-13 08:25:31,2026-01-10 12:11:18
82,41,9wm5Ko,https://hackstack.io/keen/uplink/82,Incident notes pioneer,True,2025-02-02 00:04:13,2026-01-04 14:35:33
83,49,j8qGOS,https://seeded.app/ivory/pioneer/83,Campaign page quartz,True,2025-07-31 15:33:47,2025-08-22 11:09:11
84,249,c4rK0C,https://acme.dev/opal/anchor/84,Roadmap update signal,True,2025-02-16 18:40:09,2025-04-25 20:11:03
85,396,PClRRb,https://example.com/dawn/river/85,Demo link harvest,True,2025-04-21 18:07:27,2026-01-03 19:19:21
86,231,0OP5Yv,https://example.com/opal/kernel/86,Demo link pioneer,True,2025-01-18 10:44:47,2025-11-23 15:28:19
87,101,GfhNR5,https://relay.cloud/forest/field/87,Alert feed delta,True,2025-12-07 04:08:07,2026-01-25 14:51:24
88,304,6Cd5NZ,https://hackstack.io/ember/beacon/88,Campaign page anchor,True,2025-09-11 02:44:55,2026-02-01 03:21:27
89,180,7FAy9c,https://hackstack.io/ivory/island/89,Status board uplink,False,2025-04-08 23:35:30,2025-09-26 11:31:37
90,399,OwAoik,https://hackstack.io/calm/trail/90,Roadmap update beacon,True,2025-09-20 14:51:45,2025-12-05 02:34:43
91,338,XDQP9j,https://seeded.app/proud/river/91,Ops review signal,True,2025-11-28 23:15:52,2025-12-26 05:58:17
92,12,3Ecezx,https://hackstack.io/jade/trail/92,Campaign page signal,True,2025-03-15 22:18:30,2025-11-05 15:48:14
93,34,OVOMgh,https://seeded.app/forest/window/93,Roadmap update engine,True,2025-01-19 15:04:51,2026-01-05 19:48:43
94,157,PvpGsH,https://relay.cloud/navy/kernel/94,Alert feed meadow,True,2025-09-01 17:34:34,2026-01-18 22:17:25
95,23,0pju4g,https://opswise.net/brisk/island/95,Status board quartz,True,2025-10-21 18:57:02,2025-10-30 14:02:56
96,344,rKXLXi,https://opswise.net/warm/signal/96,Status board valley,False,2025-12-31 04:32:28,2026-02-17 21:24:14
97,40,P4Rx0w,https://hackstack.io/quiet/river/97,Alert feed signal,True,2025-11-19 15:55:39,2026-01-10 23:12:55
98,133,kuarz1,https://opswise.net/vivid/uplink/98,Incident notes beacon,False,2025-10-24 01:10:41,2025-12-05 07:19:48
99,383,NMsfFr,https://hackstack.io/calm/island/99,Alert feed uplink,True,2025-07-30 07:46:43,2026-02-07 04:06:52
100,303,0ro2uN,https://hackstack.io/calm/engine/100,Roadmap update yard,True,2025-04-16 15:59:33,2025-12-29 18:39:18
101,307,Fq3XCy,https://relay.cloud/clear/uplink/101,Status board kernel,False,2025-09-05 18:34:14,2025-10-19 03:10:33
102,65,dgSSsE,https://acme.dev/silver/uplink/102,Incident notes orbit,True,2025-10-06 21:50:35,2025-11-22 15:36:57
103,135,Mbfw81,https://seeded.app/harbor/harvest/103,Launch deck kernel,True,2026-01-13 05:06:55,2026-01-25 12:58:10
104,286,NCctRm,https://example.com/warm/journey/104,Demo link kernel,False,2025-10-14 03:31:30,2025-12-16 07:56:09
105,156,YtQJWK,https://hackstack.io/ember/journey/105,Alert feed beacon,True,2025-02-04 18:17:28,2025-12-10 20:42:52
106,261,0wdXxB,https://example.com/proud/valley/106,Demo link island,True,2025-02-18 21:10:53,2025-06-10 17:25:20
107,63,M2L6Td,https://opswise.net/opal/uplink/107,Service guide pioneer,True,2025-03-03 06:26:35,2026-02-03 00:20:14
108,146,ia6vQc,https://seeded.app/brisk/yard/108,Quarterly brief quartz,True,2025-04-09 17:37:52,2025-08-10 08:26:49
109,396,gxNaVe,https://relay.cloud/rapid/engine/109,Launch deck garden,True,2025-12-01 22:48:51,2026-01-15 02:13:55
110,210,CAeWjS,https://hackstack.io/gold/engine/110,Incident notes trail,True,2025-04-15 03:04:02,2025-09-16 01:27:14
111,231,v2toI3,https://opswise.net/quiet/valley/111,Quarterly brief yard,False,2025-12-13 23:26:13,2025-12-24 18:09:59
112,161,sfiBfn,https://acme.dev/warm/orbit/112,Alert feed quartz,True,2025-06-27 23:21:58,2025-09-21 06:40:30
113,189,SE2E8W,https://seeded.app/clear/orbit/113,Alert feed uplink,True,2025-07-18 20:05:08,2025-09-11 10:30:26
114,103,0zd1RC,https://seeded.app/harbor/harvest/114,Incident notes harvest,True,2025-06-07 07:29:36,2025-07-05 06:06:05
115,150,gMsM67,https://opswise.net/harbor/harvest/115,Launch deck valley,False,2025-03-31 20:19:36,2025-06-11 08:30:54
116,281,bcTN84,https://seeded.app/gold/pioneer/116,Roadmap update river,True,2025-07-09 22:35:23,2025-11-07 14:51:10
117,74,xPmFOo,https://example.com/clear/canyon/117,Roadmap update meadow,True,2025-03-11 16:03:08,2025-04-09 20:42:13
118,4,aJrtUj,https://opswise.net/keen/meadow/118,Campaign page river,True,2026-02-20 10:38:07,2026-02-20 15:30:19
119,176,YQDOHq,https://opswise.net/silver/trail/119,Launch deck beacon,True,2025-08-05 11:16:30,2025-12-09 10:30:37
120,1,u1oR6f,https://example.com/tidy/garden/120,Alert feed uplink,True,2025-12-04 00:51:10,2026-01-02 05:29:41
121,13,rMIE6Y,https://relay.cloud/harbor/window/121,Roadmap update yard,True,2025-09-14 19:27:43,2026-02-19 04:51:53
122,104,W3nBDi,https://acme.dev/forest/anchor/122,Incident notes canyon,True,2026-01-08 19:30:13,2026-01-13 22:25:12
123,190,ex2evZ,https://seeded.app/amber/quartz/123,Roadmap update river,True,2025-02-21 08:34:56,2026-01-13 18:56:31
124,315,FCuP5L,https://opswise.net/gold/pioneer/124,Service guide river,False,2025-05-23 06:16:54,2025-07-29 06:48:02
125,227,AD4xVl,https://example.com/jade/uplink/125,Roadmap update uplink,True,2025-03-29 18:59:12,2025-12-18 22:50:47
126,336,71GfWl,https://hackstack.io/amber/network/126,Launch deck beacon,False,2025-10-28 12:01:44,2026-02-14 12:49:48
127,217,Pio9bZ,https://relay.cloud/harbor/orbit/127,Campaign page river,True,2025-12-20 00:47:19,2025-12-28 09:00:43
128,228,W1wknD,https://relay.cloud/rapid/network/128,Roadmap update zenith,True,2025-03-12 17:46:43,2025-05-26 23:07:46
129,255,QxTClN,https://example.com/ember/delta/129,Alert feed field,True,2025-07-01 08:04:59,2025-08-09 19:05:29
130,246,1duvz9,https://relay.cloud/quiet/pioneer/130,Incident notes quartz,True,2025-02-14 07:20:05,2025-04-29 13:41:31
131,309,7LHe0x,https://acme.dev/rapid/yard/131,Quarterly brief yard,True,2026-02-15 06:33:31,2026-02-18 23:43:34
132,321,LxpHPv,https://acme.dev/keen/yard/132,Service guide pioneer,True,2026-01-04 10:56:42,2026-02-08 07:56:39
133,198,DF2gpL,https://relay.cloud/lively/trail/133,Status board engine,True,2025-10-10 08:16:02,2025-12-03 09:04:16
134,199,zrzhwn,https://opswise.net/navy/pioneer/134,Ops review kernel,True,2025-06-30 21:46:41,2025-09-01 00:42:08
135,377,fXkonE,https://hackstack.io/harbor/network/135,Status board zenith,True,2025-08-30 11:55:12,2025-11-29 01:01:28
136,297,UVbkNA,https://acme.dev/jade/beacon/136,Roadmap update orbit,False,2025-01-23 12:41:03,2025-02-03 20:16:50
137,167,ZNaBMj,https://seeded.app/opal/trail/137,Demo link trail,True,2025-08-26 07:56:43,2025-09-12 07:18:03
138,185,e0kWaX,https://acme.dev/mellow/quartz/138,Campaign page yard,False,2025-09-27 10:09:56,2025-11-16 17:30:00
139,349,lvEVtG,https://relay.cloud/ember/window/139,Demo link journey,True,2025-09-28 23:40:45,2025-11-12 23:25:09
140,8,hg9Tli,https://opswise.net/amber/delta/140,Quarterly brief zenith,True,2025-03-21 14:10:49,2025-09-20 17:10:36
141,6,ubgkqa,https://hackstack.io/forest/canyon/141,Service guide uplink,True,2025-10-03 04:17:15,2026-01-30 04:57:49
142,303,Jq9qI8,https://acme.dev/dawn/anchor/142,Roadmap update delta,False,2025-03-21 15:28:45,2025-07-10 06:54:01
143,53,0wA4op,https://relay.cloud/calm/trail/143,Ops review zenith,True,2025-08-14 16:03:09,2025-12-06 15:33:11
144,273,Kb9yGl,https://relay.cloud/cobalt/uplink/144,Campaign page signal,False,2025-10-08 02:59:28,2026-01-15 00:16:51
145,16,2uD0XZ,https://opswise.net/jade/window/145,Roadmap update canyon,False,2026-01-30 19:49:06,2026-02-06 17:43:31
146,135,X6KoF7,https://opswise.net/proud/yard/146,Service guide journey,True,2025-06-20 15:03:29,2025-06-25 06:17:35
147,47,FyFcOt,https://relay.cloud/young/yard/147,Launch deck island,False,2025-08-29 20:39:40,2025-08-31 08:40:42
148,73,hDSka1,https://seeded.app/urban/journey/148,Demo link engine,False,2025-01-08 00:56:46,2026-01-22 23:41:13
149,255,ITcT4S,https://acme.dev/gold/orbit/149,Ops review island,True,2025-05-16 00:35:19,2025-09-25 04:47:59
150,349,dfnrDm,https://hackstack.io/tidy/lagoon/150,Roadmap update journey,True,2025-10-08 22:26:08,2026-01-11 22:42:40
151,203,phzCDl,https://example.com/rapid/trail/151,Quarterly brief engine,True,2026-01-27 13:04:33,2026-02-08 10:31:43
152,139,Qa7vO7,https://seeded.app/keen/garden/152,Incident notes delta,True,2025-03-18 10:07:25,2025-06-09 16:02:39
153,379,OFKmwK,https://hackstack.io/dawn/trail/153,Demo link lagoon,False,2025-08-01 02:17:23,2026-01-11 05:20:59
154,229,OcC7or,https://example.com/young/island/154,Quarterly brief journey,False,2025-08-05 15:57:39,2025-12-01 12:57:02
155,176,JflznR,https://seeded.app/proud/window/155,Launch deck network,True,2025-12-15 16:20:31,2026-01-29 18:26:32
156,79,0zGDhE,https://seeded.app/vivid/yard/156,Quarterly brief anchor,True,2025-05-16 21:31:25,2025-08-29 03:40:12
157,108,dmHFLj,https://opswise.net/opal/orbit/157,Roadmap update canyon,True,2026-02-18 14:55:14,2026-02-20 15:51:09
158,141,JaCQql,https://relay.cloud/lively/trail/158,Status board journey,False,2025-07-22 20:16:02,2025-12-02 13:59:59
159,86,gXUlWW,https://example.com/harbor/field/159,Incident notes engine,True,2025-02-23 17:40:42,2025-07-30 16:30:51
160,164,z7UYZG,https://example.com/ivory/meadow/160,Incident notes quartz,True,2025-05-15 15:44:07,2025-12-24 01:37:34
161,14,Y5B5ii,https://example.com/ember/river/161,Quarterly brief network,False,2025-03-21 10:58:51,2025-10-13 21:00:52
162,167,nekYSA,https://seeded.app/gold/engine/162,Incident notes harvest,True,2025-12-13 19:43:31,2025-12-20 00:03:06
163,149,roP5Kn,https://acme.dev/tidy/engine/163,Roadmap update kernel,True,2025-01-31 07:31:17,2025-06-05 21:19:23
164,207,fMC53n,https://relay.cloud/mellow/kernel/164,Campaign page harvest,True,2026-01-20 09:55:02,2026-02-16 18:46:48
165,155,0v2VqV,https://relay.cloud/young/yard/165,Launch deck lagoon,False,2025-08-22 13:27:01,2026-01-13 06:40:33
166,264,Z364Rz,https://hackstack.io/harbor/pioneer/166,Status board network,True,2026-01-28 04:21:22,2026-02-07 03:06:09
167,133,8KVIWF,https://example.com/warm/meadow/167,Incident notes lagoon,True,2025-10-23 08:56:15,2025-11-13 22:51:38
168,71,r4QJ7P,https://relay.cloud/rapid/beacon/168,Quarterly brief meadow,True,2025-11-14 10:24:16,2025-12-10 13:45:58
169,101,urzXcT,https://relay.cloud/forest/river/169,Ops review field,True,2025-08-22 23:54:13,2026-02-02 22:54:56
170,388,GkMcwC,https://acme.dev/warm/harvest/170,Ops review delta,True,2025-08-20 21:30:28,2025-12-03 06:08:48
171,153,LVqzyj,https://acme.dev/harbor/window/171,Demo link field,True,2025-06-02 05:50:56,2025-09-19 20:38:18
172,154,hWYL54,https://seeded.app/harbor/quartz/172,Demo link field,False,2025-08-08 20:17:56,2026-02-18 12:01:36
173,52,A6ntz6,https://seeded.app/harbor/river/173,Incident notes engine,True,2025-08-15 22:27:11,2025-09-10 00:06:04
174,90,Wj7ZkI,https://hackstack.io/rapid/delta/174,Service guide yard,True,2025-11-19 14:31:57,2025-12-16 01:26:38
175,262,QjDVJL,https://opswise.net/mellow/delta/175,Roadmap update network,True,2025-07-19 01:31:03,2025-11-01 01:24:08
176,10,1kEs2N,https://opswise.net/mellow/pioneer/176,Incident notes river,True,2026-01-18 06:12:00,2026-02-19 05:10:41
177,227,vGIKQn,https://seeded.app/rapid/kernel/177,Launch deck trail,True,2025-04-25 06:28:27,2026-01-12 21:58:18
178,214,dAYnrR,https://acme.dev/tidy/beacon/178,Incident notes anchor,True,2025-03-09 07:44:45,2025-09-11 17:54:01
179,181,1t41tH,https://seeded.app/calm/delta/179,Ops review valley,True,2025-10-16 12:02:57,2026-01-01 01:14:13
180,342,uLtQdb,https://hackstack.io/navy/island/180,Demo link river,True,2025-08-25 05:46:15,2025-11-27 09:37:35
181,176,VhN0m2,https://example.com/ember/orbit/181,Quarterly brief meadow,True,2025-12-27 20:52:26,2026-01-22 06:01:59
182,50,2eYGIG,https://example.com/dawn/meadow/182,Demo link valley,False,2025-04-01 03:21:24,2025-05-14 11:13:05
183,68,BXCs6E,https://opswise.net/tidy/river/183,Quarterly brief pioneer,True,2025-02-19 13:07:00,2025-06-02 08:44:18
184,241,SkKiHr,https://seeded.app/urban/yard/184,Alert feed valley,True,2025-11-27 14:24:49,2025-11-30 04:46:11
185,222,7FuQme,https://example.com/keen/harvest/185,Alert feed river,True,2025-07-01 17:49:12,2025-11-16 11:27:44
186,203,hdI9JI,https://example.com/keen/anchor/186,Service guide orbit,False,2025-07-22 14:31:56,2025-12-03 16:42:52
187,232,sqN8XT,https://example.com/opal/network/187,Demo link delta,True,2025-07-27 06:23:11,2025-11-16 15:26:05
188,348,cOrM5q,https://seeded.app/dawn/zenith/188,Status board pioneer,True,2025-10-21 22:10:31,2025-11-19 05:12:45
189,28,m6uUxT,https://relay.cloud/rapid/river/189,Incident notes canyon,True,2025-05-07 12:01:50,2025-06-27 11:05:40
190,56,i30EPH,https://hackstack.io/jade/anchor/190,Demo link orbit,True,2025-03-16 13:16:01,2025-04-06 02:35:45
191,224,M3LRrB,https://relay.cloud/dawn/kernel/191,Campaign page trail,True,2025-08-21 15:44:08,2025-12-10 02:22:37
192,318,v4ksGV,https://acme.dev/ivory/quartz/192,Ops review island,True,2025-03-01 12:31:17,2026-02-17 16:15:14
193,230,rrSu3v,https://hackstack.io/clear/field/193,Alert feed signal,False,2025-06-02 09:04:59,2025-08-28 17:07:17
194,150,rvzmQ0,https://hackstack.io/ember/meadow/194,Ops review zenith,True,2025-01-12 22:53:30,2026-01-31 06:56:12
195,368,13EIOi,https://opswise.net/rapid/valley/195,Incident notes network,True,2025-11-19 02:25:38,2025-12-18 08:07:25
196,220,VSW9Hk,https://relay.cloud/ivory/engine/196,Service guide field,True,2025-11-23 06:47:39,2025-11-26 07:49:51
197,44,3cbr1Z,https://opswise.net/keen/meadow/197,Roadmap update valley,True,2025-10-01 00:05:16,2026-02-06 23:27:31
198,333,rFasYn,https://opswise.net/tidy/network/198,Campaign page meadow,True,2026-01-17 20:45:46,2026-02-18 11:11:14
199,391,CvOKfh,https://opswise.net/tidy/harvest/199,Incident notes valley,True,2025-09-28 16:59:09,2025-12-11 06:34:43
200,202,0OPdZA,https://opswise.net/brisk/pioneer/200,Quarterly brief quartz,True,2025-01-17 15:52:04,2025-10-19 04:14:13
201,26,5HFNbT,https://example.com/proud/orbit/201,Incident notes island,True,2025-11-06 21:08:34,2026-02-14 01:35:04
202,292,Yk61es,https://relay.cloud/ember/field/202,Demo link lagoon,False,2026-01-24 21:28:46,2026-02-08 10:55:37
203,183,mj8d3e,https://opswise.net/dawn/quartz/203,Launch deck yard,True,2025-04-21 21:54:51,2025-05-16 06:37:43
204,267,QhMjdA,https://hackstack.io/urban/canyon/204,Campaign page river,True,2025-03-02 22:28:47,2025-11-25 03:28:24
205,84,GEJRDr,https://seeded.app/clear/kernel/205,Demo link harvest,False,2025-08-31 22:56:17,2025-09-04 06:16:48
206,97,DMFENa,https://opswise.net/vivid/delta/206,Demo link quartz,True,2025-12-10 14:31:50,2026-02-16 22:41:31
207,101,4QyXkn,https://opswise.net/young/engine/207,Service guide canyon,True,2025-02-20 11:12:46,2025-09-09 21:13:42
208,307,SGoXod,https://relay.cloud/tidy/network/208,Quarterly brief yard,True,2025-09-07 01:29:00,2025-11-09 09:19:10
209,258,9FRXyA,https://seeded.app/navy/journey/209,Service guide trail,True,2025-07-05 23:55:10,2025-11-22 01:41:56
210,171,wJO87Z,https://seeded.app/mellow/uplink/210,Service guide yard,True,2025-09-03 15:04:04,2025-10-04 12:39:12
211,208,AfjfVI,https://seeded.app/harbor/harvest/211,Launch deck delta,True,2026-02-08 02:52:06,2026-02-19 01:52:00
212,140,jKmGvV,https://opswise.net/jade/delta/212,Demo link pioneer,True,2025-06-03 12:16:14,2025-08-12 14:23:02
213,194,50ai6o,https://relay.cloud/tidy/island/213,Campaign page window,True,2025-01-12 21:46:27,2025-06-04 22:33:19
214,77,dDx36g,https://relay.cloud/forest/delta/214,Alert feed lagoon,True,2025-07-02 14:48:26,2025-10-10 09:29:01
215,328,dXA5jx,https://example.com/lively/meadow/215,Incident notes beacon,True,2025-08-06 19:43:54,2025-08-07 03:54:47
216,96,k29JuW,https://acme.dev/rapid/field/216,Ops review orbit,True,2025-03-17 18:11:22,2025-09-15 08:07:50
217,325,DsQlXT,https://acme.dev/clear/quartz/217,Campaign page meadow,True,2025-02-26 12:34:17,2025-03-22 23:53:30
218,164,2mNdD3,https://hackstack.io/young/valley/218,Service guide uplink,True,2025-05-01 10:47:23,2025-10-01 17:12:08
219,164,T7tKsO,https://hackstack.io/gold/beacon/219,Demo link field,True,2025-04-16 10:50:03,2025-10-04 06:51:11
220,192,820XYL,https://hackstack.io/brisk/journey/220,Service guide delta,True,2025-07-08 16:03:48,2025-12-01 22:24:06
221,66,dHEx7E,https://relay.cloud/calm/window/221,Demo link harvest,False,2025-02-11 06:39:46,2025-08-11 07:30:34
222,83,7RXRUh,https://seeded.app/urban/engine/222,Incident notes valley,True,2025-01-16 03:19:07,2025-02-19 16:11:52
223,342,CcewDw,https://example.com/ember/yard/223,Status board anchor,True,2025-01-22 03:51:29,2025-08-14 10:43:07
224,391,Zv6Oo4,https://hackstack.io/calm/garden/224,Campaign page trail,True,2025-08-02 11:36:25,2025-10-05 04:37:15
225,137,36FlZa,https://seeded.app/jade/journey/225,Launch deck yard,True,2025-05-09 14:32:51,2025-07-31 10:18:37
226,242,fEsERF,https://hackstack.io/amber/quartz/226,Launch deck engine,True,2025-04-13 18:31:04,2025-06-03 22:40:42
227,304,mkcqhv,https://seeded.app/brisk/canyon/227,Status board lagoon,True,2025-04-04 16:44:13,2025-11-03 07:11:58
228,144,5sBKMY,https://seeded.app/gold/engine/228,Campaign page uplink,True,2025-08-23 22:56:53,2026-01-30 07:39:30
229,7,OHi6Tp,https://opswise.net/ember/beacon/229,Ops review trail,False,2025-02-21 13:34:14,2025-08-09 18:10:17
230,326,5QIAze,https://opswise.net/urban/beacon/230,Status board signal,True,2025-11-07 10:48:58,2026-02-08 23:56:49
231,177,N6HaYw,https://example.com/harbor/signal/231,Status board window,True,2025-04-27 06:16:33,2025-07-15 13:21:10
232,220,OeDV62,https://opswise.net/silver/pioneer/232,Incident notes anchor,True,2025-05-22 23:24:03,2025-07-22 07:53:35
233,8,2HGPEs,https://opswise.net/rapid/yard/233,Status board trail,True,2025-06-29 06:28:51,2025-08-02 02:27:21
234,42,1hOsWt,https://seeded.app/opal/network/234,Alert feed pioneer,True,2025-09-17 17:09:30,2026-01-14 08:43:14
235,103,vuIjbA,https://hackstack.io/harbor/field/235,Service guide field,False,2025-11-12 23:48:36,2025-12-04 16:51:12
236,393,TeezV2,https://opswise.net/young/trail/236,Campaign page delta,False,2025-11-28 15:17:02,2026-01-27 10:35:36
237,339,5Mm2gy,https://hackstack.io/amber/pioneer/237,Incident notes engine,True,2025-09-04 07:32:51,2026-01-02 14:47:44
238,325,vq9DAJ,https://example.com/amber/uplink/238,Campaign page valley,True,2025-03-04 09:10:40,2025-06-10 01:18:54
239,35,EnZZIC,https://relay.cloud/jade/field/239,Status board river,True,2026-01-26 20:35:59,2026-02-05 16:23:52
240,161,wbyPn2,https://example.com/jade/garden/240,Service guide engine,True,2026-01-08 01:39:16,2026-01-22 11:38:05
241,138,dlJ6Pg,https://opswise.net/mellow/trail/241,Campaign page garden,True,2025-07-15 11:26:32,2025-12-20 09:22:43
242,37,pLkCjr,https://acme.dev/brisk/window/242,Incident notes delta,True,2026-01-09 18:12:16,2026-01-28 00:12:32
243,291,qYTEMl,https://hackstack.io/lively/uplink/243,Incident notes lagoon,True,2025-12-22 08:49:58,2026-01-02 21:52:54
244,172,xbprch,https://seeded.app/tidy/garden/244,Ops review field,True,2025-03-17 03:40:24,2025-09-06 23:36:44
245,155,IsxAiT,https://acme.dev/proud/beacon/245,Alert feed network,True,2025-01-27 07:45:21,2025-03-16 23:30:40
246,340,WTb47a,https://seeded.app/mellow/field/246,Alert feed orbit,False,2025-06-29 00:17:17,2025-10-08 17:35:53
247,111,oTPoO8,https://hackstack.io/harbor/window/247,Service guide orbit,False,2025-07-02 22:58:48,2026-02-08 15:03:29
248,97,G4vKjN,https://acme.dev/cobalt/beacon/248,Alert feed zenith,False,2025-01-02 14:40:33,2025-07-01 07:59:07
249,60,P3yPJf,https://hackstack.io/navy/anchor/249,Status board orbit,True,2025-09-12 14:29:47,2026-02-15 21:07:50
250,346,fxBjBp,https://acme.dev/clear/pioneer/250,Quarterly brief quartz,True,2026-01-03 06:05:29,2026-01-31 20:47:05
251,326,yrLaaG,https://opswise.net/lively/zenith/251,Status board network,True,2025-10-16 01:57:57,2025-12-21 05:40:39
252,82,XiMDV8,https://example.com/warm/window/252,Launch deck yard,True,2025-02-08 06:35:45,2025-04-17 01:12:21
253,348,suK3Ak,https://acme.dev/ember/river/253,Ops review engine,True,2025-03-26 11:59:44,2025-03-30 21:16:47
254,386,OJV6yx,https://example.com/clear/valley/254,Roadmap update engine,True,2025-08-04 19:53:39,2025-12-10 18:00:28
255,16,YMt5da,https://acme.dev/cobalt/network/255,Quarterly brief window,True,2025-11-10 01:39:38,2025-11-24 17:22:02
256,118,8WEXRz,https://acme.dev/rapid/canyon/256,Campaign page network,True,2025-09-19 11:34:39,2025-10-22 04:16:59
257,68,THU2ID,https://relay.cloud/rapid/beacon/257,Roadmap update window,True,2026-01-03 03:33:02,2026-02-13 06:25:05
258,129,0npu30,https://seeded.app/tidy/quartz/258,Campaign page trail,True,2025-07-06 07:00:34,2026-01-13 20:48:05
259,361,O55qay,https://opswise.net/forest/lagoon/259,Service guide harvest,False,2025-10-17 03:41:23,2025-10-29 21:07:20
260,132,fSttoF,https://opswise.net/ivory/journey/260,Service guide harvest,True,2025-07-20 15:35:22,2025-08-02 08:00:28
261,300,mSWsMP,https://relay.cloud/jade/uplink/261,Roadmap update anchor,True,2025-11-10 09:18:43,2025-11-19 18:12:03
262,130,OOemNf,https://hackstack.io/jade/network/262,Roadmap update island,True,2025-04-26 08:08:44,2025-05-30 22:59:04
263,324,zgnUQA,https://hackstack.io/keen/delta/263,Alert feed zenith,True,2026-01-11 23:08:38,2026-01-30 02:55:33
264,35,vE7RaL,https://opswise.net/cobalt/window/264,Alert feed orbit,True,2025-05-28 02:29:50,2025-10-11 23:08:43
265,145,23Slhx,https://example.com/tidy/garden/265,Demo link canyon,True,2026-01-31 15:20:49,2026-02-15 21:59:57
266,225,1207Fm,https://seeded.app/jade/kernel/266,Status board island,True,2025-09-28 02:19:38,2025-11-23 09:16:27
267,98,1iqEH8,https://seeded.app/silver/orbit/267,Service guide window,True,2026-01-11 02:07:41,2026-01-28 08:43:35
268,70,XzWPOQ,https://acme.dev/mellow/beacon/268,Launch deck meadow,True,2025-07-20 11:05:58,2025-12-09 04:39:26
269,141,FydKyt,https://hackstack.io/jade/trail/269,Service guide journey,True,2025-04-29 06:59:15,2025-07-24 04:21:31
270,31,cicrkr,https://opswise.net/harbor/island/270,Alert feed pioneer,True,2025-04-22 11:56:01,2025-05-02 13:58:55
271,318,XMObh1,https://seeded.app/ember/canyon/271,Launch deck pioneer,False,2025-05-02 22:13:53,2025-05-05 06:18:44
272,331,fbdtmR,https://acme.dev/vivid/island/272,Incident notes beacon,True,2025-08-27 17:13:02,2025-12-27 02:24:06
273,233,cwjUCw,https://relay.cloud/warm/journey/273,Service guide pioneer,True,2025-05-12 07:01:05,2025-08-03 14:32:46
274,33,UDZOl8,https://relay.cloud/gold/river/274,Campaign page meadow,True,2026-02-03 21:18:25,2026-02-14 12:16:11
275,336,14YIS8,https://seeded.app/opal/quartz/275,Incident notes orbit,True,2025-11-25 03:24:32,2025-12-29 06:30:50
276,322,ayDvGz,https://relay.cloud/cobalt/lagoon/276,Quarterly brief island,False,2026-01-01 12:18:28,2026-01-19 23:05:31
277,336,yuHJ0w,https://hackstack.io/quiet/island/277,Demo link orbit,False,2026-01-28 18:19:02,2026-02-05 21:33:11
278,200,uUKPcD,https://seeded.app/cobalt/anchor/278,Alert feed delta,True,2025-11-13 22:29:25,2026-02-04 10:33:44
279,395,DZC5Ef,https://seeded.app/opal/harvest/279,Service guide meadow,True,2025-10-13 18:41:05,2025-12-17 18:51:12
280,328,HnELiN,https://relay.cloud/vivid/delta/280,Alert feed delta,False,2025-12-08 15:46:56,2025-12-29 11:48:37
281,390,7gFaso,https://relay.cloud/vivid/field/281,Ops review quartz,True,2025-12-11 03:01:10,2025-12-21 02:19:20
282,221,tQfqAf,https://opswise.net/vivid/river/282,Quarterly brief delta,False,2025-11-05 00:09:44,2026-01-18 00:12:17
283,355,slaXEK,https://seeded.app/calm/harvest/283,Service guide quartz,True,2025-06-27 08:38:01,2025-10-01 01:15:36
284,290,APjYLc,https://opswise.net/gold/quartz/284,Service guide uplink,True,2025-03-22 13:26:41,2025-09-09 22:14:35
285,45,NGyDJD,https://relay.cloud/harbor/quartz/285,Alert feed uplink,True,2025-07-05 11:59:30,2025-09-11 16:30:48
286,82,UbCyLU,https://seeded.app/amber/window/286,Service guide window,True,2026-01-26 11:47:38,2026-02-05 09:25:17
287,162,dv9M8h,https://relay.cloud/proud/kernel/287,Quarterly brief trail,True,2025-10-22 02:10:01,2026-02-03 01:54:49
288,356,eQMxIW,https://opswise.net/jade/pioneer/288,Alert feed yard,True,2025-09-05 00:30:16,2025-10-04 15:40:48
289,11,MJY8yf,https://hackstack.io/amber/field/289,Demo link valley,True,2025-09-25 20:54:31,2026-01-04 09:40:46
290,152,QGtbw3,https://example.com/urban/kernel/290,Launch deck orbit,True,2025-10-05 07:06:54,2026-01-05 18:13:32
291,5,HKeAnG,https://opswise.net/dawn/island/291,Status board lagoon,True,2025-07-07 17:14:25,2025-07-26 14:14:54
292,155,IpOtva,https://acme.dev/brisk/lagoon/292,Quarterly brief lagoon,False,2025-09-10 06:48:26,2026-01-13 18:40:38
293,258,5shT7U,https://opswise.net/proud/kernel/293,Ops review orbit,True,2025-05-05 15:25:40,2025-11-26 12:16:31
294,354,gjqnBj,https://seeded.app/gold/river/294,Alert feed island,True,2025-07-03 16:04:18,2025-09-28 06:35:28
295,270,YFJ33b,https://acme.dev/amber/trail/295,Status board orbit,True,2026-01-09 12:48:02,2026-01-25 02:33:00
296,241,ibgVoU,https://hackstack.io/cobalt/kernel/296,Roadmap update engine,True,2025-10-14 13:20:10,2025-11-08 19:24:22
297,397,nJETG5,https://hackstack.io/lively/zenith/297,Ops review meadow,True,2025-08-17 07:23:06,2025-10-08 11:41:50
298,118,pnxKI0,https://example.com/ivory/garden/298,Status board garden,True,2025-12-25 04:15:30,2026-01-04 05:48:34
299,50,UHeY6C,https://acme.dev/keen/journey/299,Campaign page signal,True,2026-01-02 14:20:07,2026-02-02 08:16:59
300,114,jN5cxw,https://acme.dev/brisk/field/300,Launch deck window,True,2025-03-07 17:11:47,2025-11-15 17:04:27
301,373,0c61t7,https://hackstack.io/mellow/meadow/301,Ops review network,True,2025-11-17 05:40:05,2026-02-06 22:01:32
302,91,bMbx8Z,https://example.com/rapid/beacon/302,Incident notes zenith,False,2025-07-23 08:24:22,2025-11-02 21:46:29
303,358,JRH742,https://hackstack.io/lively/yard/303,Roadmap update yard,True,2025-05-12 14:20:12,2025-09-12 04:22:12
304,242,TGkpM9,https://relay.cloud/quiet/engine/304,Quarterly brief garden,True,2025-12-24 05:02:54,2026-01-04 14:29:46
305,205,RqvltD,https://hackstack.io/mellow/kernel/305,Launch deck meadow,True,2025-10-02 20:40:49,2026-02-19 06:27:44
306,233,FH4Vmj,https://acme.dev/keen/zenith/306,Status board field,True,2025-07-24 20:03:14,2026-02-17 01:15:04
307,80,DP5saC,https://example.com/ember/window/307,Campaign page delta,True,2025-06-27 06:50:16,2025-07-03 13:37:50
308,344,YlNCwE,https://opswise.net/amber/valley/308,Quarterly brief uplink,True,2025-09-11 01:23:49,2025-12-14 05:22:48
309,158,4k6uDY,https://seeded.app/calm/engine/309,Incident notes window,True,2025-01-01 06:04:44,2025-10-03 18:06:02
310,250,XKwQZI,https://opswise.net/proud/engine/310,Quarterly brief delta,True,2025-02-22 11:54:53,2025-06-20 07:17:40
311,382,Lm44HB,https://example.com/lively/garden/311,Roadmap update trail,True,2025-06-30 21:01:04,2025-10-26 05:29:51
312,41,B0JRf3,https://seeded.app/calm/lagoon/312,Status board journey,False,2025-07-30 12:03:33,2025-09-18 09:07:04
313,92,SCZRGi,https://hackstack.io/clear/island/313,Alert feed quartz,True,2025-03-25 13:26:41,2025-09-09 05:58:08
314,24,3bkXTb,https://relay.cloud/young/yard/314,Demo link kernel,True,2025-07-25 01:15:54,2025-08-01 01:46:20
315,329,vjYwzR,https://hackstack.io/tidy/beacon/315,Launch deck window,False,2026-02-07 02:35:30,2026-02-09 21:19:19
316,283,BM7evy,https://acme.dev/warm/engine/316,Quarterly brief lagoon,True,2025-11-10 04:13:11,2025-12-02 18:48:31
317,295,LFZ29H,https://seeded.app/jade/window/317,Demo link zenith,False,2025-10-11 04:40:05,2025-12-10 14:16:56
318,235,2Le1Q7,https://hackstack.io/navy/quartz/318,Launch deck field,True,2025-12-09 17:25:14,2026-01-20 16:51:10
319,93,WN5XP3,https://relay.cloud/jade/orbit/319,Alert feed island,True,2026-02-05 15:33:08,2026-02-20 06:55:35
320,392,jrJnGO,https://acme.dev/silver/pioneer/320,Demo link network,True,2025-07-01 05:18:56,2026-01-10 00:00:43
321,147,MLulIM,https://seeded.app/young/window/321,Campaign page journey,True,2026-01-10 06:00:18,2026-01-20 19:31:11
322,228,LypLWK,https://hackstack.io/harbor/window/322,Quarterly brief quartz,True,2026-01-01 04:34:31,2026-01-21 09:00:18
323,20,FBd2Va,https://hackstack.io/calm/anchor/323,Status board harvest,True,2025-09-15 13:18:27,2026-01-06 18:36:54
324,312,TSPyeu,https://opswise.net/harbor/orbit/324,Demo link trail,True,2025-02-18 12:30:43,2026-01-30 18:01:14
325,230,SNDBbe,https://example.com/brisk/journey/325,Roadmap update engine,True,2025-07-10 06:40:35,2025-10-24 09:19:29
326,195,RZFqgE,https://relay.cloud/tidy/meadow/326,Incident notes canyon,True,2025-12-23 19:05:54,2026-02-05 07:15:59
327,71,oGEUi7,https://hackstack.io/warm/meadow/327,Campaign page orbit,True,2025-10-07 00:50:59,2025-12-16 14:08:20
328,183,1jc2Sm,https://example.com/keen/quartz/328,Status board signal,False,2025-05-25 20:50:45,2026-01-26 07:49:13
329,213,2tHzCK,https://acme.dev/cobalt/trail/329,Service guide uplink,True,2025-10-20 04:17:19,2025-12-18 06:14:00
330,268,FboeSd,https://acme.dev/opal/engine/330,Launch deck zenith,True,2025-02-02 15:05:36,2025-07-23 05:52:30
331,71,MtLlEJ,https://opswise.net/tidy/harvest/331,Service guide field,True,2025-10-03 20:09:56,2025-10-13 09:11:21
332,375,HtKOgr,https://relay.cloud/forest/kernel/332,Ops review window,False,2025-09-03 20:55:33,2026-01-01 20:16:52
333,126,gbHT2A,https://example.com/quiet/anchor/333,Quarterly brief lagoon,True,2026-01-09 12:56:34,2026-01-22 10:11:06
334,119,M5vWUI,https://relay.cloud/quiet/zenith/334,Demo link yard,True,2025-06-05 13:01:27,2026-01-31 06:28:11
335,279,tzDzqm,https://opswise.net/jade/field/335,Launch deck harvest,True,2025-07-22 18:10:31,2025-12-28 16:12:59
336,304,PYomZT,https://relay.cloud/ivory/pioneer/336,Status board signal,True,2025-04-05 04:05:19,2025-05-12 09:54:22
337,327,yP8hyE,https://example.com/dawn/orbit/337,Status board delta,True,2025-08-14 15:47:40,2025-11-26 15:57:20
338,315,cmaJpJ,https://relay.cloud/clear/island/338,Status board journey,True,2025-02-07 13:02:06,2026-02-10 23:47:44
339,40,Qe8qzc,https://opswise.net/opal/signal/339,Service guide engine,True,2026-02-02 05:42:20,2026-02-13 13:02:32
340,14,NCd9Or,https://relay.cloud/silver/engine/340,Alert feed garden,True,2025-11-08 06:38:00,2025-11-28 08:18:03
341,189,5gbqNb,https://seeded.app/lively/engine/341,Quarterly brief meadow,True,2025-10-03 05:17:26,2025-12-24 10:22:44
342,392,jyUhs7,https://hackstack.io/gold/orbit/342,Ops review field,True,2026-02-10 16:20:01,2026-02-16 21:01:02
343,380,bZ3zHA,https://example.com/mellow/orbit/343,Ops review yard,True,2026-01-09 23:24:00,2026-02-12 23:43:43
344,47,gSKtN5,https://hackstack.io/ivory/trail/344,Status board meadow,True,2025-12-18 01:17:54,2025-12-29 09:14:15
345,337,GukBRX,https://example.com/ivory/trail/345,Quarterly brief uplink,True,2025-06-14 01:31:40,2025-11-15 13:16:37
346,247,nANWqJ,https://acme.dev/rapid/signal/346,Ops review engine,True,2025-10-28 22:11:04,2026-02-20 19:54:58
347,364,XiAmdb,https://example.com/cobalt/canyon/347,Launch deck quartz,True,2026-02-18 16:15:10,2026-02-18 19:28:02
348,357,Uz5mdo,https://acme.dev/urban/network/348,Quarterly brief signal,False,2025-11-17 12:57:23,2025-11-23 20:02:19
349,2,2Jo2cF,https://hackstack.io/navy/delta/349,Roadmap update garden,True,2025-10-10 13:15:09,2026-01-17 18:59:55
350,347,cT3fmS,https://seeded.app/jade/pioneer/350,Service guide journey,True,2025-02-28 20:52:40,2025-12-12 10:31:33
351,270,t5wqoC,https://acme.dev/vivid/delta/351,Ops review signal,False,2025-10-10 02:18:26,2025-11-18 19:47:21
352,320,9Uoda9,https://acme.dev/lively/delta/352,Alert feed valley,False,2025-02-05 13:30:13,2025-09-17 15:38:53
353,284,uiQXAV,https://hackstack.io/keen/canyon/353,Status board pioneer,False,2025-04-29 10:46:55,2025-07-21 02:39:48
354,47,aLMHVA,https://hackstack.io/ivory/network/354,Quarterly brief network,True,2025-11-18 11:56:18,2026-01-10 15:11:30
355,99,WXNHf0,https://acme.dev/jade/window/355,Status board valley,True,2025-03-03 23:58:42,2025-03-11 15:05:58
356,347,BZqqvV,https://hackstack.io/lively/meadow/356,Launch deck island,True,2025-08-14 09:43:42,2026-01-04 17:37:10
357,174,4k184q,https://seeded.app/quiet/yard/357,Quarterly brief kernel,True,2025-02-02 18:00:38,2025-08-20 12:06:50
358,64,9qwzwD,https://example.com/brisk/uplink/358,Alert feed harvest,True,2025-03-13 19:07:25,2025-06-27 19:17:33
359,175,DHY3IJ,https://relay.cloud/ember/lagoon/359,Incident notes river,True,2025-10-30 18:56:26,2025-12-18 02:48:27
360,10,IcGw61,https://acme.dev/opal/delta/360,Incident notes beacon,False,2025-12-16 11:43:28,2026-02-08 13:53:08
361,340,to4iDB,https://acme.dev/dawn/network/361,Ops review island,True,2025-05-10 10:06:21,2025-09-23 20:49:31
362,298,4Udtwu,https://example.com/silver/zenith/362,Demo link orbit,True,2025-04-28 22:07:26,2026-01-10 01:58:55
363,139,E3RJGx,https://seeded.app/vivid/network/363,Ops review anchor,False,2025-08-21 21:58:24,2026-02-02 18:05:35
364,66,PMgHmJ,https://relay.cloud/keen/quartz/364,Roadmap update island,True,2025-02-09 10:23:40,2025-03-03 17:56:03
365,51,TNQz6g,https://opswise.net/harbor/kernel/365,Campaign page uplink,True,2025-06-28 20:38:21,2025-07-02 05:29:52
366,316,YEhwGi,https://relay.cloud/rapid/engine/366,Incident notes canyon,True,2025-10-18 08:53:40,2026-02-16 11:12:43
367,158,qFNaeX,https://example.com/warm/network/367,Incident notes garden,True,2025-02-07 03:06:27,2025-07-10 21:31:16
368,110,tTmlKU,https://hackstack.io/urban/yard/368,Campaign page kernel,True,2025-11-09 10:19:56,2025-12-15 18:23:51
369,1,dBRKgz,https://acme.dev/tidy/valley/369,Incident notes anchor,True,2025-01-02 09:29:42,2025-11-17 19:16:14
370,149,54Rc0F,https://example.com/calm/valley/370,Status board harvest,False,2025-02-01 17:35:19,2025-12-22 10:13:04
371,379,Xz7bXI,https://acme.dev/brisk/river/371,Incident notes canyon,True,2026-01-21 10:49:37,2026-01-29 00:40:28
372,363,wy0UA7,https://hackstack.io/cobalt/valley/372,Campaign page zenith,False,2025-07-31 09:31:48,2025-09-04 03:04:28
373,81,QKI1WK,https://example.com/forest/journey/373,Alert feed uplink,False,2025-08-08 03:18:14,2026-01-04 05:55:55
374,132,nzPuJn,https://opswise.net/cobalt/valley/374,Quarterly brief network,True,2025-05-26 09:19:28,2025-07-11 07:41:50
375,342,IqC5i8,https://example.com/cobalt/island/375,Ops review harvest,True,2025-09-14 15:19:22,2026-01-26 19:22:39
376,383,awAHJH,https://acme.dev/lively/pioneer/376,Demo link river,False,2025-11-11 07:17:28,2025-11-13 01:33:46
377,180,zNIlPz,https://seeded.app/cobalt/orbit/377,Alert feed journey,True,2025-08-28 05:37:30,2025-11-20 00:59:25
378,47,I78Nqq,https://relay.cloud/calm/engine/378,Quarterly brief river,True,2025-03-08 01:09:42,2025-07-26 01:13:34
379,222,Jj1kUz,https://acme.dev/brisk/uplink/379,Campaign page garden,True,2025-04-20 11:51:38,2026-01-23 14:05:49
380,385,oCH7kf,https://relay.cloud/brisk/lagoon/380,Campaign page pioneer,True,2025-04-01 17:57:54,2025-07-24 02:22:39
381,224,OzbZy8,https://acme.dev/amber/island/381,Ops review field,True,2025-05-07 20:22:11,2025-08-22 02:49:57
382,368,qjXk4R,https://relay.cloud/cobalt/pioneer/382,Incident notes meadow,True,2025-12-20 13:34:15,2026-01-06 20:37:22
383,135,kpg2dM,https://acme.dev/jade/uplink/383,Demo link valley,False,2025-07-05 05:03:16,2025-12-20 21:11:45
384,316,lXVbLf,https://example.com/clear/field/384,Roadmap update trail,True,2025-07-25 20:06:13,2025-09-03 07:25:13
385,23,hhZqkc,https://relay.cloud/calm/uplink/385,Launch deck lagoon,True,2025-06-16 11:59:06,2025-09-20 05:24:21
386,354,leb88y,https://acme.dev/harbor/garden/386,Alert feed garden,True,2025-06-26 08:44:47,2026-01-08 06:41:10
387,186,xQYKex,https://relay.cloud/forest/orbit/387,Launch deck network,True,2025-05-17 19:15:27,2025-11-09 06:16:36
388,291,wHCEmQ,https://seeded.app/forest/harvest/388,Campaign page window,True,2025-10-30 17:12:53,2025-12-11 16:58:44
389,139,A4d0By,https://acme.dev/mellow/engine/389,Quarterly brief beacon,True,2025-05-20 20:24:54,2025-08-21 12:52:46
390,240,jqq9I6,https://acme.dev/forest/meadow/390,Ops review garden,True,2025-07-02 07:02:03,2025-10-01 16:45:28
391,3,17O9pN,https://opswise.net/calm/island/391,Roadmap update canyon,True,2025-05-14 23:18:32,2025-08-19 17:11:17
392,359,tZBfJG,https://acme.dev/navy/island/392,Status board kernel,False,2026-01-11 13:22:13,2026-01-18 21:59:30
393,236,wdgu4X,https://seeded.app/quiet/network/393,Service guide network,False,2025-11-05 04:31:09,2025-12-20 02:23:14
394,158,Kzs1yo,https://opswise.net/forest/signal/394,Demo link window,True,2025-07-23 05:46:58,2025-09-28 09:03:18
395,336,8JVcxO,https://seeded.app/calm/meadow/395,Launch deck zenith,True,2026-01-09 03:10:24,2026-01-31 08:47:34
396,191,lFOpSv,https://example.com/opal/garden/396,Quarterly brief harvest,True,2025-05-03 20:56:22,2026-02-04 04:38:49
397,107,2hP5sm,https://acme.dev/silver/river/397,Roadmap update quartz,False,2026-02-20 23:59:25,2026-02-20 23:59:35
398,187,uxMjCP,https://example.com/forest/field/398,Demo link zenith,True,2025-10-12 11:25:24,2025-10-23 14:33:28
399,47,FjR13S,https://acme.dev/ember/trail/399,Alert feed river,True,2026-01-04 09:55:14,2026-02-20 02:05:27
400,128,9rASbH,https://example.com/brisk/orbit/400,Service guide anchor,True,2025-09-12 17:48:33,2025-09-16 05:55:11
401,66,AghXVD,https://seeded.app/calm/kernel/401,Status board meadow,True,2025-04-13 03:05:02,2025-10-17 13:17:55
402,280,HddCl5,https://relay.cloud/opal/zenith/402,Service guide delta,True,2025-01-14 20:00:46,2026-01-21 02:38:19
403,396,WtTv7u,https://hackstack.io/harbor/lagoon/403,Campaign page field,True,2025-08-18 08:43:26,2026-02-01 01:26:09
404,113,4V2Rh2,https://acme.dev/keen/pioneer/404,Incident notes garden,True,2026-02-14 08:49:24,2026-02-15 10:53:49
405,50,eetxYS,https://example.com/urban/journey/405,Ops review window,True,2025-10-24 09:50:48,2026-01-21 12:16:41
406,292,gS0uGo,https://relay.cloud/navy/network/406,Launch deck harvest,True,2025-11-11 08:10:46,2025-11-25 17:24:11
407,369,fg2ArN,https://opswise.net/ivory/yard/407,Roadmap update garden,True,2025-06-13 04:38:46,2026-02-08 20:54:25
408,87,euAZ7y,https://seeded.app/dawn/garden/408,Ops review meadow,True,2026-01-03 22:00:00,2026-02-01 15:38:20
409,162,42BUfW,https://hackstack.io/young/orbit/409,Roadmap update orbit,True,2025-08-16 13:15:28,2025-10-04 13:01:39
410,57,Fv7F70,https://acme.dev/mellow/delta/410,Service guide garden,True,2025-09-02 17:05:58,2025-09-17 22:03:31
411,196,LnYlKC,https://seeded.app/silver/meadow/411,Campaign page garden,True,2025-11-24 14:52:48,2025-12-14 16:55:57
412,85,Ow4V6G,https://relay.cloud/clear/journey/412,Launch deck trail,False,2025-06-30 04:35:40,2025-10-17 05:42:33
413,332,XMy5pX,https://relay.cloud/quiet/garden/413,Campaign page yard,True,2026-02-11 21:03:49,2026-02-17 00:37:32
414,87,uSSpC8,https://seeded.app/navy/garden/414,Alert feed uplink,True,2025-07-18 17:28:36,2025-08-18 16:44:49
415,127,OHIx3T,https://example.com/harbor/harvest/415,Campaign page lagoon,True,2025-12-06 14:26:09,2026-01-08 20:53:32
416,388,whzV3Z,https://acme.dev/keen/anchor/416,Launch deck window,True,2025-07-09 17:09:56,2025-11-30 06:09:56
417,57,2KyBZa,https://hackstack.io/clear/valley/417,Incident notes trail,False,2025-05-24 20:37:11,2025-12-15 18:44:11
418,275,a0IurK,https://hackstack.io/ember/pioneer/418,Alert feed harvest,True,2025-04-12 06:22:40,2025-04-29 19:55:11
419,137,jbAD1K,https://relay.cloud/young/garden/419,Alert feed delta,True,2025-03-16 09:48:05,2025-04-17 12:39:33
420,164,ec8JtF,https://acme.dev/opal/lagoon/420,Demo link field,False,2026-01-16 04:09:14,2026-01-21 22:22:59
421,329,IPaGKj,https://opswise.net/warm/quartz/421,Incident notes kernel,False,2025-07-09 09:41:14,2025-11-14 03:45:25
422,377,hAGqOi,https://example.com/vivid/garden/422,Status board zenith,True,2025-07-01 09:02:02,2026-02-01 03:08:52
423,345,gCyybc,https://relay.cloud/rapid/garden/423,Service guide canyon,True,2025-04-13 05:25:35,2025-11-20 14:55:04
424,89,ZkQRcw,https://acme.dev/harbor/trail/424,Service guide garden,True,2025-06-27 20:15:04,2025-07-27 15:52:16
425,149,M6jo9F,https://seeded.app/clear/island/425,Roadmap update river,False,2025-01-24 17:58:42,2025-05-09 23:44:38
426,229,UQ8pG7,https://acme.dev/warm/pioneer/426,Service guide window,True,2025-03-18 17:35:45,2025-10-01 22:28:00
427,41,uiprlR,https://acme.dev/lively/valley/427,Alert feed beacon,True,2025-08-08 09:41:16,2025-08-18 19:57:33
428,229,ynEDxH,https://acme.dev/rapid/orbit/428,Launch deck beacon,True,2025-04-19 10:16:54,2025-06-08 03:02:25
429,77,FHRud3,https://relay.cloud/proud/delta/429,Alert feed orbit,False,2025-05-23 17:04:43,2025-09-05 02:41:29
430,385,DjZT2y,https://acme.dev/cobalt/zenith/430,Campaign page uplink,True,2025-02-15 02:20:12,2025-05-16 03:58:02
431,124,PMFQ0g,https://relay.cloud/brisk/quartz/431,Demo link river,True,2026-01-22 23:11:58,2026-02-06 16:08:14
432,329,gaz4i6,https://relay.cloud/silver/trail/432,Demo link uplink,True,2025-09-09 04:05:47,2025-12-14 14:39:03
433,290,u1SXmy,https://relay.cloud/young/orbit/433,Status board yard,True,2025-08-04 14:18:29,2026-01-12 00:11:10
434,374,Sam3Ti,https://seeded.app/cobalt/engine/434,Service guide yard,True,2025-02-22 19:26:29,2025-07-08 13:28:41
435,185,sLI9Ed,https://relay.cloud/urban/delta/435,Quarterly brief uplink,True,2025-03-25 16:22:36,2026-01-22 07:50:59
436,21,ov4J7R,https://opswise.net/warm/kernel/436,Roadmap update yard,True,2025-11-01 03:24:33,2025-12-01 19:44:59
437,305,T6nNbl,https://acme.dev/amber/anchor/437,Alert feed canyon,True,2025-10-22 17:22:49,2025-12-08 21:59:55
438,147,BpgJjg,https://acme.dev/amber/field/438,Launch deck signal,True,2025-05-23 15:57:32,2025-12-04 18:06:23
439,378,RyLu69,https://hackstack.io/gold/harvest/439,Status board yard,True,2025-03-02 18:08:40,2025-12-30 13:48:43
440,391,B8xHle,https://relay.cloud/ember/meadow/440,Quarterly brief window,True,2026-01-05 01:17:14,2026-01-22 23:50:52
441,262,9fY9tN,https://example.com/tidy/field/441,Roadmap update river,True,2025-11-18 13:01:04,2025-12-07 18:40:15
442,104,kLLB2c,https://relay.cloud/warm/uplink/442,Demo link harvest,True,2026-01-03 15:35:51,2026-01-15 11:22:05
443,31,VxLGrE,https://example.com/ember/yard/443,Alert feed lagoon,True,2025-07-31 17:56:56,2025-10-22 06:21:46
444,121,KMWr6P,https://hackstack.io/urban/signal/444,Roadmap update pioneer,True,2026-02-05 05:28:33,2026-02-16 19:38:57
445,201,fL7suT,https://example.com/brisk/kernel/445,Quarterly brief kernel,False,2025-05-23 10:06:53,2025-07-13 22:15:33
446,236,CQPYEN,https://example.com/amber/lagoon/446,Quarterly brief yard,True,2025-09-11 13:39:04,2026-01-06 13:43:31
447,85,YWvRsD,https://seeded.app/cobalt/canyon/447,Status board engine,True,2025-07-23 07:07:38,2025-11-03 06:32:36
448,18,SpoSsB,https://example.com/rapid/signal/448,Ops review uplink,True,2026-01-11 23:28:15,2026-01-19 13:40:38
449,220,Y3uFG0,https://seeded.app/vivid/trail/449,Status board pioneer,True,2025-12-30 06:41:33,2026-02-02 13:05:44
450,377,Nbf50d,https://acme.dev/ember/river/450,Roadmap update orbit,False,2025-06-22 02:17:59,2025-07-17 04:54:26
451,271,9aVcVl,https://opswise.net/forest/network/451,Demo link valley,True,2025-12-19 01:58:05,2025-12-26 15:47:23
452,285,9GjtOp,https://opswise.net/clear/beacon/452,Demo link field,True,2025-12-31 06:13:49,2026-01-15 21:32:57
453,327,vm7J5p,https://example.com/harbor/river/453,Service guide harvest,True,2025-01-03 21:00:05,2025-05-21 03:06:42
454,143,bLFyzo,https://example.com/ember/uplink/454,Campaign page kernel,True,2025-05-12 21:19:23,2025-10-31 04:53:27
455,376,uS4tJ7,https://seeded.app/jade/garden/455,Quarterly brief window,True,2026-02-08 00:40:12,2026-02-08 01:43:07
456,339,w9OBrc,https://seeded.app/urban/river/456,Launch deck journey,True,2025-08-12 21:18:46,2026-02-02 02:23:13
457,288,xlUyoB,https://hackstack.io/jade/valley/457,Launch deck lagoon,True,2025-08-27 09:43:33,2025-10-05 17:09:55
458,75,QITqNT,https://example.com/opal/journey/458,Demo link journey,True,2025-03-09 05:01:52,2025-10-01 02:41:15
459,388,s7JRJV,https://opswise.net/ivory/network/459,Status board network,True,2026-01-11 14:45:12,2026-01-27 22:33:01
460,374,lGmRl7,https://acme.dev/mellow/field/460,Service guide harvest,False,2025-11-02 16:32:36,2025-11-06 05:09:44
461,213,087CW5,https://opswise.net/calm/delta/461,Roadmap update kernel,True,2025-08-04 17:51:30,2025-12-05 10:02:54
462,331,VbkomF,https://relay.cloud/tidy/beacon/462,Incident notes pioneer,True,2025-12-16 18:27:20,2026-02-13 09:23:19
463,59,ddKWVW,https://relay.cloud/ivory/lagoon/463,Roadmap update engine,True,2026-01-11 18:00:51,2026-02-07 20:36:11
464,203,KBSVpb,https://hackstack.io/cobalt/anchor/464,Incident notes uplink,True,2025-08-11 14:02:17,2025-09-26 03:19:57
465,386,I6jnYA,https://example.com/rapid/canyon/465,Demo link window,True,2025-04-14 15:54:56,2025-06-24 10:22:10
466,221,Vfh4zX,https://seeded.app/lively/valley/466,Incident notes meadow,True,2025-07-26 21:06:43,2026-01-10 00:16:27
467,280,Y4b1x8,https://acme.dev/rapid/yard/467,Status board yard,True,2025-12-01 13:19:28,2025-12-07 21:18:55
468,187,LtTen0,https://hackstack.io/forest/orbit/468,Status board kernel,True,2025-10-16 06:17:44,2025-10-17 21:50:25
469,49,2QxeN0,https://relay.cloud/dawn/trail/469,Status board canyon,False,2025-02-05 21:13:58,2025-09-25 08:03:23
470,171,2ppmt8,https://acme.dev/quiet/field/470,Incident notes zenith,True,2025-10-13 00:42:12,2026-02-05 09:48:11
471,186,vPFFW3,https://opswise.net/harbor/yard/471,Service guide yard,True,2025-01-05 16:04:40,2025-03-30 13:59:02
472,217,HPp2Ps,https://hackstack.io/harbor/anchor/472,Quarterly brief engine,False,2025-11-18 09:02:32,2026-02-11 23:17:40
473,191,fZaczw,https://acme.dev/opal/field/473,Campaign page signal,True,2026-01-26 13:45:23,2026-02-09 09:05:57
474,257,6J1HTp,https://opswise.net/navy/network/474,Demo link uplink,True,2026-01-31 14:30:46,2026-02-03 13:22:10
475,380,qdcJd2,https://relay.cloud/brisk/zenith/475,Service guide engine,True,2025-07-13 02:56:12,2025-12-23 12:45:00
476,347,siUXAq,https://hackstack.io/dawn/signal/476,Incident notes engine,True,2025-12-13 11:37:47,2026-02-13 04:43:04
477,61,kqHTIk,https://opswise.net/proud/uplink/477,Service guide pioneer,True,2025-07-18 15:03:53,2025-11-04 07:09:06
478,23,VfrNVe,https://acme.dev/warm/quartz/478,Incident notes journey,True,2026-01-29 10:16:11,2026-02-20 22:24:27
479,279,1Mxpn6,https://hackstack.io/forest/island/479,Launch deck pioneer,True,2025-04-07 00:25:31,2025-04-16 03:41:10
480,349,DtkhrQ,https://hackstack.io/clear/river/480,Roadmap update engine,True,2025-07-21 00:57:30,2026-01-17 05:11:36
481,104,qBx1HO,https://relay.cloud/silver/signal/481,Ops review beacon,True,2025-03-25 18:38:20,2025-12-20 13:30:14
482,299,d7EHFy,https://acme.dev/opal/zenith/482,Status board valley,True,2026-02-04 20:20:29,2026-02-18 03:25:34
483,40,l3gF2d,https://example.com/young/garden/483,Status board engine,False,2025-12-11 22:09:39,2026-01-06 06:46:24
484,2,bg5VOl,https://relay.cloud/calm/delta/484,Ops review beacon,True,2025-06-13 19:07:43,2026-02-01 16:13:59
485,297,az8xzv,https://relay.cloud/silver/zenith/485,Roadmap update garden,True,2025-06-17 17:18:13,2025-10-31 02:59:45
486,79,MkC3LS,https://hackstack.io/navy/network/486,Roadmap update valley,True,2025-08-17 11:38:25,2026-01-30 03:07:19
487,379,EZF3cb,https://seeded.app/quiet/uplink/487,Campaign page network,True,2025-05-23 15:05:57,2025-10-29 01:16:17
488,326,HNbIXJ,https://acme.dev/quiet/river/488,Campaign page signal,True,2025-03-10 10:45:17,2025-11-24 05:38:35
489,18,r1gMEI,https://relay.cloud/proud/window/489,Ops review river,True,2025-04-13 20:47:39,2025-08-12 23:07:50
490,188,rRv2Bu,https://seeded.app/proud/signal/490,Status board anchor,True,2025-01-14 08:54:09,2026-02-13 07:43:00
491,65,TOk46k,https://acme.dev/vivid/engine/491,Status board engine,True,2025-07-03 02:27:21,2025-08-18 22:58:23
492,389,DgLSXU,https://acme.dev/clear/island/492,Campaign page valley,True,2025-04-20 22:42:56,2025-12-27 22:04:56
493,105,EEU9Ka,https://relay.cloud/ivory/harvest/493,Roadmap update valley,True,2025-08-29 03:39:43,2026-01-27 05:26:23
494,119,Wz4y8S,https://example.com/dawn/anchor/494,Launch deck journey,True,2025-05-10 15:04:02,2025-10-25 16:45:25
495,250,siVOIY,https://example.com/young/beacon/495,Ops review canyon,True,2025-10-14 09:10:33,2025-11-15 21:25:51
496,90,fwt6T7,https://relay.cloud/vivid/zenith/496,Alert feed valley,True,2025-09-17 16:58:00,2025-12-23 06:16:33
497,296,v9Ftsl,https://seeded.app/silver/orbit/497,Status board orbit,True,2025-03-02 06:00:41,2025-12-10 18:28:20
498,43,DCNiee,https://relay.cloud/harbor/engine/498,Launch deck harvest,False,2025-11-26 01:17:19,2026-02-11 08:56:05
499,211,Z8m7Up,https://relay.cloud/ivory/beacon/499,Campaign page canyon,True,2025-11-22 22:29:04,2025-12-01 19:14:30
500,133,QWwSx0,https://relay.cloud/dawn/orbit/500,Ops review field,True,2025-06-06 04:07:24,2025-10-24 19:02:30
501,215,ApclEV,https://opswise.net/brisk/kernel/501,Status board river,True,2025-05-25 05:39:21,2025-07-31 11:19:53
502,187,ofiY9C,https://hackstack.io/vivid/pioneer/502,Roadmap update kernel,True,2026-02-09 00:59:19,2026-02-14 16:31:40
503,291,LgPlk2,https://relay.cloud/gold/kernel/503,Roadmap update signal,False,2025-06-28 23:04:25,2025-09-15 19:39:07
504,109,zZU5ee,https://example.com/amber/valley/504,Campaign page window,True,2025-12-07 07:21:07,2025-12-20 16:54:01
505,156,UbUvZA,https://example.com/lively/window/505,Launch deck kernel,False,2025-06-29 13:50:37,2025-07-29 22:39:29
506,289,RmA495,https://hackstack.io/keen/window/506,Incident notes orbit,True,2025-01-23 12:38:55,2025-08-03 05:44:58
507,122,Xkuu8n,https://seeded.app/opal/window/507,Quarterly brief lagoon,True,2025-07-22 20:52:21,2026-01-07 04:11:47
508,2,lFgFjb,https://seeded.app/proud/engine/508,Ops review valley,True,2025-04-30 17:12:45,2026-02-02 16:53:01
509,104,YE7DDB,https://seeded.app/opal/garden/509,Status board kernel,True,2025-04-23 15:28:47,2025-07-15 18:37:56
510,129,pQgMBB,https://relay.cloud/brisk/zenith/510,Roadmap update garden,True,2025-02-25 14:38:03,2025-08-27 05:11:11
511,104,EISF8r,https://hackstack.io/tidy/river/511,Demo link pioneer,False,2025-12-16 08:26:22,2026-01-19 16:30:47
512,64,4wsEaH,https://seeded.app/clear/meadow/512,Service guide meadow,True,2025-12-15 00:43:22,2026-02-10 03:59:23
513,381,bkGCAJ,https://opswise.net/navy/quartz/513,Alert feed canyon,True,2025-10-20 23:22:49,2025-12-21 01:34:45
514,165,W6otJB,https://opswise.net/gold/quartz/514,Ops review canyon,False,2025-08-23 10:29:10,2025-11-01 17:11:17
515,213,15gYmT,https://hackstack.io/amber/garden/515,Incident notes pioneer,False,2025-08-19 03:00:52,2026-01-06 20:39:50
516,380,eFBJd2,https://opswise.net/ivory/journey/516,Incident notes window,True,2025-07-02 19:06:24,2026-01-22 16:22:19
517,133,1HQiRv,https://relay.cloud/vivid/orbit/517,Demo link harvest,True,2025-07-11 02:13:03,2025-08-15 20:14:29
518,311,qlw2S3,https://seeded.app/dawn/window/518,Campaign page anchor,True,2026-01-25 08:09:24,2026-01-30 06:57:52
519,169,HckrhY,https://relay.cloud/clear/signal/519,Ops review lagoon,True,2025-12-12 14:48:27,2026-01-20 03:12:07
520,350,ypBywT,https://opswise.net/amber/anchor/520,Launch deck field,False,2025-11-17 20:30:12,2025-11-18 22:36:59
521,328,IyUQN6,https://seeded.app/lively/island/521,Incident notes engine,True,2025-07-04 03:33:23,2025-09-13 11:26:35
522,261,3sEZe0,https://relay.cloud/dawn/quartz/522,Launch deck yard,False,2025-12-25 17:20:33,2025-12-28 08:14:03
523,65,XdjndO,https://example.com/clear/delta/523,Incident notes beacon,True,2025-09-26 04:07:45,2026-01-28 12:24:14
524,160,KbJEUn,https://acme.dev/opal/quartz/524,Launch deck valley,True,2025-09-30 11:24:53,2026-02-14 02:27:42
525,245,LYyTNN,https://seeded.app/opal/anchor/525,Launch deck network,True,2025-12-18 20:17:42,2026-01-08 18:46:14
526,364,9WdYQE,https://opswise.net/rapid/anchor/526,Quarterly brief island,True,2025-05-23 00:19:43,2025-08-21 02:26:34
527,107,gEENjk,https://hackstack.io/cobalt/engine/527,Campaign page delta,False,2026-01-31 02:10:38,2026-02-17 08:13:11
528,174,qGG4e1,https://seeded.app/urban/field/528,Service guide orbit,True,2025-10-14 06:50:53,2025-11-29 14:21:20
529,301,giNodF,https://seeded.app/dawn/zenith/529,Status board valley,True,2025-10-14 15:28:16,2025-11-28 01:35:06
530,221,4cJtdu,https://acme.dev/jade/uplink/530,Quarterly brief kernel,True,2025-01-11 00:42:25,2025-01-18 23:26:05
531,81,nyAamD,https://seeded.app/opal/journey/531,Service guide quartz,True,2025-02-09 16:03:35,2025-03-24 23:58:03
532,246,tVgTpH,https://hackstack.io/warm/zenith/532,Ops review meadow,True,2025-04-27 23:04:08,2025-07-23 12:35:23
533,54,nxquWI,https://relay.cloud/warm/anchor/533,Incident notes engine,True,2025-11-06 01:37:30,2026-01-16 16:39:10
534,258,eyJhPf,https://acme.dev/gold/uplink/534,Incident notes canyon,False,2025-07-09 09:49:19,2025-12-23 01:25:01
535,262,z59DZq,https://relay.cloud/ivory/island/535,Quarterly brief beacon,True,2025-11-22 01:36:37,2026-01-15 20:26:26
536,98,PHuUL4,https://relay.cloud/amber/kernel/536,Demo link lagoon,False,2025-02-04 16:57:52,2025-11-14 17:31:28
537,174,nvEaOc,https://acme.dev/amber/garden/537,Campaign page delta,False,2025-11-24 14:19:36,2026-01-23 20:02:25
538,163,aHfyGY,https://opswise.net/ember/lagoon/538,Alert feed anchor,True,2025-10-19 08:38:04,2025-11-20 11:13:27
539,113,mAmmD4,https://seeded.app/vivid/canyon/539,Service guide beacon,False,2025-01-28 13:30:18,2026-01-24 14:10:09
540,299,FaGWKn,https://opswise.net/urban/garden/540,Demo link anchor,True,2025-05-13 09:13:26,2025-07-03 09:35:41
541,71,ABeiuB,https://acme.dev/proud/lagoon/541,Campaign page network,True,2025-08-10 02:23:18,2025-09-19 12:29:48
542,22,pHxyoc,https://relay.cloud/cobalt/field/542,Alert feed engine,False,2025-12-14 13:55:54,2026-02-17 02:07:19
543,398,tw8Uoz,https://seeded.app/brisk/beacon/543,Alert feed anchor,True,2025-12-05 14:40:58,2026-01-03 14:33:37
544,27,LC0pIN,https://hackstack.io/rapid/orbit/544,Ops review garden,True,2026-02-13 06:36:07,2026-02-19 17:44:27
545,63,p8KDvD,https://seeded.app/forest/meadow/545,Status board orbit,True,2025-05-18 17:55:44,2025-06-08 05:23:31
546,129,NZbW6x,https://hackstack.io/proud/yard/546,Alert feed lagoon,True,2025-03-19 17:50:03,2025-04-30 01:32:15
547,165,DY3ibr,https://example.com/proud/window/547,Ops review pioneer,True,2025-08-17 08:09:45,2026-01-01 06:05:41
548,26,TUHXsW,https://relay.cloud/young/yard/548,Roadmap update river,True,2025-09-02 19:24:25,2025-12-13 13:06:22
549,323,pQoSbq,https://opswise.net/forest/zenith/549,Roadmap update field,True,2025-02-05 12:02:55,2025-03-31 20:45:22
550,256,d5D1Ca,https://example.com/opal/window/550,Roadmap update lagoon,True,2026-01-30 13:33:58,2026-02-05 06:21:58
551,200,HZKyEE,https://relay.cloud/rapid/journey/551,Status board meadow,True,2025-01-10 08:33:28,2025-12-21 04:15:39
552,170,hMhq2d,https://example.com/amber/orbit/552,Quarterly brief journey,True,2025-07-09 13:36:08,2025-09-13 08:43:12
553,240,3vcHRc,https://seeded.app/ember/trail/553,Service guide river,True,2025-12-09 01:11:13,2026-02-18 01:52:11
554,291,GB3K0i,https://hackstack.io/navy/kernel/554,Service guide quartz,True,2026-02-17 00:10:45,2026-02-19 16:33:12
555,399,Kyqadj,https://example.com/rapid/lagoon/555,Launch deck field,False,2025-03-14 19:46:22,2026-01-31 09:29:14
556,309,ejupgQ,https://acme.dev/dawn/kernel/556,Service guide engine,True,2025-12-25 12:49:22,2026-01-04 17:36:29
557,14,e4VkSv,https://example.com/vivid/beacon/557,Status board island,True,2025-04-03 10:45:08,2026-01-16 14:47:19
558,392,z4ZNRk,https://opswise.net/lively/valley/558,Launch deck yard,True,2025-09-25 18:29:32,2026-01-20 21:14:46
559,176,G5RpTh,https://acme.dev/forest/valley/559,Ops review uplink,True,2026-01-23 16:53:56,2026-02-14 16:42:47
560,153,PMxWx5,https://seeded.app/lively/zenith/560,Ops review network,True,2025-02-17 03:14:44,2025-04-13 20:01:39
561,33,1vnTyX,https://hackstack.io/dawn/kernel/561,Launch deck lagoon,True,2025-05-11 13:38:54,2025-08-07 15:59:49
562,134,mIpGgS,https://opswise.net/amber/trail/562,Incident notes engine,True,2025-01-25 17:50:28,2025-08-31 20:48:37
563,6,gV24Ud,https://acme.dev/jade/zenith/563,Service guide beacon,True,2026-01-06 13:22:43,2026-01-15 01:02:51
564,338,PWWX75,https://example.com/calm/canyon/564,Roadmap update signal,True,2025-12-21 08:08:22,2026-02-20 01:23:26
565,63,4g50cZ,https://relay.cloud/proud/beacon/565,Campaign page delta,False,2025-12-31 21:45:45,2026-02-16 00:30:17
566,202,GsFuZO,https://opswise.net/cobalt/yard/566,Status board window,False,2026-01-26 02:10:06,2026-02-17 19:05:51
567,387,fYlcGb,https://hackstack.io/tidy/river/567,Roadmap update garden,True,2025-04-21 16:02:37,2025-12-04 14:11:36
568,73,bVnjEr,https://seeded.app/urban/quartz/568,Roadmap update river,True,2025-06-14 04:54:24,2025-10-09 01:31:38
569,52,2uUYMU,https://seeded.app/tidy/island/569,Service guide beacon,True,2025-07-07 09:37:29,2025-12-05 16:26:03
570,182,AlPiXV,https://hackstack.io/opal/pioneer/570,Quarterly brief beacon,False,2025-03-18 14:46:58,2025-10-16 14:29:02
571,188,EgSKXX,https://seeded.app/amber/kernel/571,Service guide island,True,2025-06-11 14:33:58,2025-08-17 20:16:13
572,306,YkcHxg,https://relay.cloud/mellow/journey/572,Launch deck delta,True,2025-11-02 15:08:33,2025-12-15 03:23:49
573,308,iKe2Ek,https://example.com/amber/canyon/573,Status board quartz,True,2025-04-04 06:40:01,2026-02-15 16:25:04
574,220,IPwxa5,https://acme.dev/young/meadow/574,Service guide harvest,True,2025-04-22 11:35:55,2026-01-19 03:10:01
575,243,LABDhn,https://opswise.net/dawn/canyon/575,Roadmap update engine,True,2025-11-10 14:53:30,2026-02-04 05:43:59
576,98,7c9Yzm,https://acme.dev/vivid/garden/576,Ops review field,True,2025-11-25 15:51:38,2025-12-29 07:29:19
577,142,iIJe3g,https://acme.dev/proud/delta/577,Alert feed engine,True,2025-09-20 01:16:56,2025-10-09 19:21:50
578,224,O8j7Uq,https://relay.cloud/calm/engine/578,Roadmap update orbit,True,2025-06-20 12:22:44,2026-02-03 22:50:46
579,192,DZvNFc,https://seeded.app/cobalt/river/579,Alert feed meadow,True,2025-07-05 07:02:55,2025-09-22 18:21:06
580,23,x0qTHo,https://acme.dev/gold/anchor/580,Roadmap update kernel,True,2025-12-08 19:40:09,2026-01-02 01:10:12
581,265,25s79O,https://acme.dev/navy/uplink/581,Demo link valley,True,2025-04-02 09:25:39,2026-01-29 23:15:35
582,114,uSsjbc,https://opswise.net/jade/delta/582,Quarterly brief trail,True,2025-08-12 21:46:26,2026-02-17 21:02:55
583,150,Os4Ess,https://opswise.net/vivid/yard/583,Alert feed anchor,True,2025-01-05 11:11:28,2025-05-15 08:24:43
584,177,RNHf5s,https://seeded.app/clear/trail/584,Roadmap update river,True,2025-10-02 22:20:20,2026-02-07 09:20:20
585,113,68Np1W,https://relay.cloud/silver/window/585,Incident notes river,True,2025-09-11 09:04:31,2026-02-16 06:36:08
586,127,agAxaH,https://hackstack.io/ivory/pioneer/586,Incident notes uplink,True,2025-01-12 05:29:09,2026-02-07 14:41:18
587,282,ixqsJr,https://seeded.app/tidy/trail/587,Ops review canyon,True,2025-10-19 09:37:53,2025-12-12 04:01:47
588,370,7spAnn,https://relay.cloud/brisk/anchor/588,Quarterly brief engine,True,2025-08-12 09:01:59,2025-12-27 11:38:37
589,113,AeIoSH,https://example.com/tidy/network/589,Demo link anchor,True,2025-12-07 10:34:37,2026-02-02 07:22:33
590,140,bwbG42,https://seeded.app/amber/window/590,Roadmap update quartz,True,2025-06-09 10:31:10,2026-01-09 11:50:12
591,357,Lht1d1,https://seeded.app/brisk/uplink/591,Roadmap update meadow,False,2025-05-26 11:09:26,2025-06-29 11:51:18
592,212,XNqtRs,https://acme.dev/calm/canyon/592,Campaign page pioneer,True,2025-11-25 02:46:46,2025-11-28 19:32:07
593,110,Pk6DWx,https://hackstack.io/lively/valley/593,Campaign page valley,True,2025-04-10 04:54:50,2025-12-20 02:03:54
594,105,mZMrgq,https://acme.dev/opal/river/594,Service guide trail,True,2025-08-17 17:20:55,2025-09-05 03:39:50
595,8,QghSfo,https://relay.cloud/forest/uplink/595,Status board uplink,True,2025-05-03 17:37:40,2025-06-06 19:32:19
596,262,EHI2p5,https://relay.cloud/urban/pioneer/596,Incident notes trail,True,2025-03-17 04:14:52,2025-07-14 00:39:42
597,17,JJjZCm,https://acme.dev/dawn/journey/597,Quarterly brief beacon,True,2026-01-09 16:14:36,2026-02-07 09:33:52
598,263,zTvQN7,https://opswise.net/opal/quartz/598,Demo link valley,True,2025-09-24 07:58:55,2026-01-12 21:58:57
599,261,IjNq78,https://seeded.app/vivid/beacon/599,Service guide lagoon,True,2025-01-26 15:27:01,2025-02-21 12:09:04
600,164,AgYiAF,https://hackstack.io/jade/beacon/600,Alert feed canyon,True,2025-07-31 10:33:29,2025-10-11 23:24:07
601,100,pvyUH7,https://example.com/silver/meadow/601,Ops review orbit,True,2025-09-01 03:20:48,2025-12-21 06:03:09
602,373,kGepdF,https://hackstack.io/cobalt/engine/602,Incident notes uplink,True,2025-10-13 08:11:26,2025-10-30 00:03:01
603,321,9TdrgS,https://example.com/brisk/yard/603,Service guide window,True,2025-03-10 13:34:00,2025-05-24 12:11:11
604,347,YuaJGq,https://example.com/quiet/field/604,Roadmap update trail,False,2026-02-19 16:04:27,2026-02-20 03:51:22
605,57,UIDP2b,https://hackstack.io/brisk/signal/605,Quarterly brief pioneer,False,2025-03-14 17:57:09,2025-05-20 03:05:07
606,321,SzRkIV,https://example.com/silver/network/606,Launch deck anchor,True,2025-03-22 04:01:45,2025-04-20 09:43:45
607,241,72p7vL,https://acme.dev/forest/network/607,Ops review island,True,2025-09-29 11:32:25,2025-09-29 17:51:42
608,161,0gkk21,https://seeded.app/brisk/pioneer/608,Alert feed trail,True,2025-01-06 20:44:34,2025-04-08 22:37:32
609,53,DqqxaS,https://acme.dev/tidy/network/609,Incident notes quartz,True,2025-08-22 23:23:35,2025-10-01 14:34:01
610,341,0htcs0,https://hackstack.io/brisk/lagoon/610,Incident notes valley,True,2025-06-09 00:26:18,2026-01-02 12:42:37
611,32,LpjVIZ,https://seeded.app/warm/valley/611,Incident notes harvest,True,2025-08-12 15:18:31,2025-09-05 16:48:40
612,114,H9Jfou,https://hackstack.io/ember/orbit/612,Ops review canyon,True,2025-11-20 04:56:17,2025-12-27 02:10:17
613,229,HplF17,https://example.com/harbor/garden/613,Campaign page orbit,True,2025-09-22 21:45:21,2026-01-02 09:57:48
614,289,TvT6Fc,https://hackstack.io/amber/kernel/614,Campaign page signal,True,2025-05-02 16:08:24,2025-07-06 07:30:59
615,277,O480M3,https://relay.cloud/ember/meadow/615,Campaign page anchor,True,2025-03-11 16:58:11,2025-04-30 19:59:13
616,131,6Uz7Bv,https://hackstack.io/warm/field/616,Launch deck meadow,True,2026-01-17 08:47:40,2026-01-24 20:31:57
617,306,lcpiYd,https://example.com/quiet/network/617,Campaign page signal,True,2025-05-20 10:35:38,2025-12-23 11:57:07
618,169,NOnzZ6,https://hackstack.io/forest/valley/618,Demo link orbit,True,2025-10-17 08:05:00,2026-01-30 09:00:09
619,149,ymQipE,https://relay.cloud/clear/kernel/619,Campaign page zenith,True,2025-06-16 16:53:44,2025-10-26 18:12:23
620,392,pmvsTg,https://acme.dev/silver/delta/620,Roadmap update lagoon,True,2025-09-28 05:12:22,2026-01-23 00:46:44
621,75,yPiWPE,https://hackstack.io/keen/garden/621,Service guide pioneer,True,2025-06-04 10:30:40,2026-01-09 08:46:03
622,187,IINjAg,https://acme.dev/jade/yard/622,Status board harvest,True,2025-07-21 18:25:44,2026-02-06 02:35:38
623,363,sYHLc0,https://example.com/amber/zenith/623,Alert feed signal,True,2025-10-01 01:16:53,2025-11-21 20:31:47
624,83,5HyFm1,https://example.com/vivid/canyon/624,Status board field,True,2025-08-03 10:52:17,2025-08-29 15:49:55
625,218,WFmlNf,https://relay.cloud/rapid/beacon/625,Quarterly brief lagoon,True,2025-04-24 23:32:02,2025-12-26 00:33:19
626,94,Jg35PJ,https://example.com/vivid/harvest/626,Campaign page signal,True,2025-03-22 02:59:18,2025-12-01 21:14:44
627,35,mAX1QE,https://acme.dev/proud/lagoon/627,Status board beacon,True,2025-06-21 19:45:17,2026-02-16 08:23:41
628,235,CZsbXG,https://seeded.app/gold/lagoon/628,Demo link zenith,True,2025-02-14 05:38:06,2025-07-15 05:58:42
629,228,V4BeEC,https://example.com/jade/harvest/629,Demo link uplink,False,2025-10-17 13:45:31,2025-12-23 19:11:38
630,162,zJTqhN,https://seeded.app/dawn/harvest/630,Campaign page trail,True,2025-02-22 05:22:58,2025-10-05 22:54:07
631,202,HJYqE2,https://example.com/calm/yard/631,Demo link valley,True,2025-03-13 02:23:46,2025-05-29 11:25:56
632,24,Vq9TOE,https://example.com/dawn/river/632,Launch deck orbit,True,2025-07-02 11:13:10,2025-07-04 19:04:55
633,171,9rkooD,https://hackstack.io/quiet/engine/633,Incident notes signal,True,2025-10-13 13:27:33,2025-11-14 04:26:01
634,338,VOYdPS,https://seeded.app/clear/uplink/634,Ops review uplink,True,2026-02-19 18:09:37,2026-02-20 01:04:20
635,372,7Tmfnj,https://opswise.net/tidy/signal/635,Alert feed yard,True,2026-02-16 07:18:15,2026-02-19 01:40:59
636,376,cV9e98,https://acme.dev/navy/anchor/636,Roadmap update garden,True,2025-02-26 04:41:19,2026-02-11 03:56:15
637,148,LSu2NG,https://hackstack.io/warm/valley/637,Quarterly brief orbit,False,2025-10-17 13:12:54,2026-02-14 17:41:02
638,14,0G7n85,https://opswise.net/rapid/river/638,Demo link kernel,True,2025-09-23 18:53:30,2025-12-29 23:39:34
639,180,bhkafF,https://example.com/quiet/pioneer/639,Campaign page field,True,2025-03-19 10:00:46,2026-02-11 15:02:29
640,100,VAPzf8,https://example.com/gold/zenith/640,Campaign page canyon,True,2025-12-22 10:51:44,2026-01-11 14:37:17
641,364,T6TP6V,https://example.com/silver/river/641,Service guide beacon,True,2025-11-06 00:14:59,2025-12-25 20:51:20
642,389,Yi11bo,https://example.com/urban/network/642,Demo link yard,True,2025-01-25 05:34:53,2025-08-07 16:32:35
643,61,gPX9ue,https://acme.dev/calm/orbit/643,Alert feed anchor,True,2026-02-18 04:51:39,2026-02-20 02:55:47
644,265,g47azP,https://hackstack.io/forest/network/644,Incident notes engine,True,2025-05-18 20:34:00,2025-10-18 02:13:03
645,337,2WmNFe,https://hackstack.io/silver/kernel/645,Demo link river,True,2026-02-03 12:36:16,2026-02-08 10:15:42
646,251,AGSl4u,https://hackstack.io/tidy/kernel/646,Status board pioneer,True,2026-02-04 13:57:23,2026-02-06 07:33:53
647,284,4hTW4S,https://seeded.app/quiet/network/647,Campaign page delta,True,2025-10-02 01:09:14,2026-02-07 06:54:19
648,285,VhPPVq,https://hackstack.io/ember/canyon/648,Campaign page uplink,True,2025-06-04 05:48:14,2025-11-22 20:08:39
649,308,DoE0Ej,https://acme.dev/brisk/journey/649,Demo link island,False,2025-08-19 07:48:15,2026-01-28 08:12:31
650,215,HD6yN5,https://example.com/rapid/harvest/650,Launch deck beacon,True,2025-02-13 15:44:20,2025-04-04 13:24:40
651,173,k039Mk,https://acme.dev/gold/valley/651,Ops review harvest,True,2025-07-07 15:15:59,2025-09-14 22:28:00
652,364,yn2bB1,https://relay.cloud/jade/harvest/652,Roadmap update meadow,True,2025-10-21 19:23:04,2026-01-14 06:33:55
653,63,KABc4i,https://relay.cloud/dawn/meadow/653,Campaign page canyon,True,2025-03-15 20:42:13,2025-08-03 04:26:52
654,300,0aIfzq,https://acme.dev/quiet/island/654,Launch deck meadow,True,2025-05-13 06:11:48,2025-11-07 15:57:47
655,313,tq8VOW,https://seeded.app/lively/harvest/655,Status board canyon,False,2025-08-04 03:03:17,2025-08-25 22:53:59
656,68,QCZOWi,https://seeded.app/harbor/uplink/656,Campaign page journey,True,2025-06-03 07:35:33,2025-09-13 13:46:18
657,203,P3QRvp,https://hackstack.io/clear/zenith/657,Campaign page harvest,True,2026-01-19 19:25:40,2026-02-13 13:57:14
658,44,3y3Ty5,https://acme.dev/brisk/canyon/658,Launch deck network,False,2025-08-09 07:42:14,2026-01-03 01:18:42
659,355,do5kUH,https://relay.cloud/gold/harvest/659,Launch deck anchor,True,2025-12-21 05:37:20,2026-02-19 06:53:00
660,109,1JUaRu,https://seeded.app/proud/island/660,Launch deck signal,True,2025-09-14 19:36:46,2025-09-18 11:27:42
661,292,XgaAyW,https://relay.cloud/urban/journey/661,Launch deck window,False,2025-09-07 07:57:24,2025-09-20 01:15:47
662,320,034y54,https://opswise.net/keen/trail/662,Incident notes uplink,True,2025-03-30 05:57:55,2025-11-15 03:13:17
663,335,Lwo7bY,https://acme.dev/harbor/harvest/663,Campaign page network,True,2025-05-09 23:55:37,2025-06-16 11:56:47
664,31,IdhLPw,https://example.com/opal/orbit/664,Service guide field,True,2025-10-14 06:56:54,2025-11-11 22:06:36
665,230,NWUAqr,https://acme.dev/proud/harvest/665,Launch deck river,True,2025-01-21 06:38:16,2025-08-02 21:11:12
666,81,89Le3C,https://seeded.app/ember/lagoon/666,Service guide beacon,True,2025-05-08 20:11:05,2025-09-06 20:15:40
667,215,gwKm1M,https://relay.cloud/urban/uplink/667,Alert feed canyon,True,2025-07-16 18:43:08,2026-02-19 08:22:25
668,285,bWibUO,https://example.com/forest/lagoon/668,Ops review journey,True,2025-04-13 19:33:38,2025-12-14 00:09:58
669,381,ZSNqoC,https://seeded.app/gold/engine/669,Ops review network,True,2025-06-04 11:22:09,2025-12-31 00:54:11
670,387,AgY1VQ,https://relay.cloud/warm/orbit/670,Demo link island,True,2025-02-11 08:45:34,2025-12-26 16:29:16
671,32,nhU2Zy,https://hackstack.io/urban/kernel/671,Status board yard,True,2025-01-21 09:44:11,2025-04-03 21:59:04
672,271,rdd9sW,https://relay.cloud/mellow/quartz/672,Incident notes zenith,True,2026-01-31 08:05:05,2026-02-19 19:37:32
673,254,LB0GWT,https://hackstack.io/proud/field/673,Roadmap update zenith,False,2025-03-13 12:56:36,2025-11-15 22:01:24
674,92,j3YfgD,https://seeded.app/cobalt/harvest/674,Status board orbit,True,2026-01-08 04:52:01,2026-02-07 00:10:55
675,372,sWEiZG,https://hackstack.io/clear/anchor/675,Service guide harvest,True,2025-08-18 17:01:57,2025-10-18 14:13:21
676,122,AbVlPc,https://relay.cloud/harbor/orbit/676,Alert feed window,True,2025-01-30 03:30:15,2025-12-31 14:44:59
677,365,vu7tAn,https://opswise.net/gold/window/677,Campaign page uplink,True,2025-04-16 12:45:53,2026-01-19 03:16:57
678,361,Qn43cc,https://example.com/opal/lagoon/678,Roadmap update signal,True,2025-04-20 20:53:43,2026-02-05 16:38:15
679,358,bUq93k,https://relay.cloud/forest/kernel/679,Launch deck signal,True,2025-02-28 20:19:59,2025-03-26 04:39:26
680,32,9Xru6z,https://hackstack.io/brisk/journey/680,Alert feed uplink,False,2025-02-05 20:06:00,2025-06-25 00:35:01
681,66,c3flZb,https://hackstack.io/rapid/canyon/681,Quarterly brief kernel,True,2025-04-26 21:32:55,2026-02-10 08:51:12
682,259,8FtXL0,https://example.com/warm/journey/682,Alert feed river,True,2025-02-27 00:43:03,2025-03-05 04:28:00
683,268,3MaxZi,https://seeded.app/vivid/engine/683,Incident notes yard,True,2025-09-01 08:15:12,2026-02-10 08:53:07
684,127,LPXMc9,https://hackstack.io/forest/island/684,Demo link lagoon,True,2025-02-06 18:33:19,2025-03-23 23:56:15
685,377,zWuI9U,https://acme.dev/harbor/harvest/685,Service guide island,True,2025-07-09 11:35:06,2025-12-17 16:36:27
686,166,liRJ6C,https://relay.cloud/brisk/beacon/686,Ops review lagoon,True,2025-12-13 15:27:57,2026-01-19 07:50:36
687,88,Nc2Q2C,https://seeded.app/cobalt/beacon/687,Alert feed anchor,False,2025-07-26 06:58:38,2025-12-08 15:35:00
688,310,xZp5iM,https://example.com/opal/garden/688,Service guide river,True,2025-08-08 21:07:39,2025-10-04 12:12:54
689,328,UdAmGJ,https://seeded.app/tidy/uplink/689,Status board beacon,True,2025-01-05 22:15:37,2025-09-28 19:38:01
690,90,UaN9wM,https://seeded.app/brisk/kernel/690,Service guide pioneer,True,2025-10-19 20:28:49,2025-12-23 08:53:29
691,18,ds0IRu,https://acme.dev/calm/canyon/691,Ops review uplink,False,2025-04-10 04:37:41,2025-05-12 19:21:40
692,266,hkEZYU,https://example.com/quiet/delta/692,Status board quartz,True,2025-05-26 13:21:40,2025-10-17 14:52:03
693,384,PdFEiy,https://seeded.app/opal/engine/693,Roadmap update quartz,False,2025-04-18 09:07:53,2025-12-15 07:47:05
694,210,WX7GQg,https://opswise.net/rapid/anchor/694,Alert feed canyon,True,2025-12-08 23:10:46,2026-01-23 08:58:58
695,56,CsMiVi,https://hackstack.io/opal/engine/695,Incident notes lagoon,True,2025-01-13 10:56:30,2025-07-13 00:39:54
696,125,KWDlAV,https://example.com/brisk/engine/696,Launch deck lagoon,False,2025-02-21 07:54:03,2025-06-17 20:30:06
697,372,KhDKKy,https://acme.dev/warm/journey/697,Alert feed canyon,False,2025-04-29 15:30:22,2025-11-20 02:04:54
698,378,VFYB0q,https://opswise.net/cobalt/zenith/698,Ops review kernel,True,2025-11-09 21:27:23,2026-01-06 04:29:38
699,213,CWRk5a,https://opswise.net/opal/orbit/699,Demo link trail,True,2025-09-16 23:41:46,2025-10-09 14:33:53
700,369,vREsgu,https://opswise.net/amber/valley/700,Demo link uplink,True,2025-11-27 18:06:18,2025-12-14 16:12:40
701,95,vzqGnC,https://relay.cloud/proud/pioneer/701,Incident notes uplink,True,2025-01-07 12:31:09,2025-03-11 08:36:32
702,147,FDcnAz,https://seeded.app/rapid/uplink/702,Roadmap update zenith,True,2026-01-30 07:35:21,2026-02-02 19:50:09
703,322,BnzUlb,https://hackstack.io/navy/canyon/703,Service guide harvest,True,2025-06-17 16:14:37,2025-06-25 07:48:39
704,38,s0Vg28,https://acme.dev/clear/uplink/704,Quarterly brief orbit,True,2025-05-15 22:24:39,2025-06-06 00:20:03
705,382,das8kg,https://acme.dev/proud/trail/705,Incident notes trail,True,2025-06-04 20:16:08,2025-12-10 22:25:40
706,81,Ukg895,https://hackstack.io/lively/kernel/706,Launch deck delta,True,2025-05-14 18:03:55,2025-10-08 06:30:24
707,288,e5DLnT,https://example.com/amber/pioneer/707,Alert feed window,True,2025-01-07 01:26:10,2025-10-08 04:12:29
708,101,gp23tI,https://relay.cloud/warm/network/708,Demo link zenith,True,2025-08-13 09:54:05,2025-09-09 20:54:29
709,266,6NtytX,https://hackstack.io/young/kernel/709,Service guide anchor,True,2025-12-25 05:03:38,2026-01-30 03:50:26
710,94,WgncCo,https://opswise.net/keen/orbit/710,Status board field,True,2025-07-22 11:31:15,2025-08-15 04:52:35
711,64,e3AX2v,https://seeded.app/keen/lagoon/711,Status board beacon,True,2025-02-02 17:44:45,2025-07-08 10:50:05
712,140,20xoTK,https://seeded.app/clear/lagoon/712,Status board river,True,2025-12-18 11:11:02,2026-01-09 00:56:38
713,125,wcxPo5,https://hackstack.io/keen/uplink/713,Campaign page river,True,2025-10-26 19:23:59,2026-01-24 07:12:05
714,95,GeEDo1,https://acme.dev/amber/quartz/714,Demo link journey,True,2025-09-17 14:26:16,2025-10-18 13:42:11
715,291,hyiAoQ,https://hackstack.io/brisk/island/715,Campaign page island,True,2025-04-27 12:27:26,2026-02-12 03:22:56
716,241,JCmgSi,https://relay.cloud/urban/field/716,Campaign page garden,True,2025-06-05 17:00:31,2026-01-04 00:12:44
717,218,zUYkvp,https://example.com/lively/zenith/717,Roadmap update orbit,False,2025-05-15 23:58:07,2025-05-29 09:54:48
718,379,8Cb0ka,https://example.com/silver/harvest/718,Campaign page uplink,True,2025-08-10 18:10:59,2025-12-17 06:34:56
719,81,FPZNKK,https://example.com/keen/meadow/719,Incident notes field,True,2025-11-23 18:36:04,2026-01-18 12:35:08
720,207,bcDpEA,https://hackstack.io/lively/zenith/720,Launch deck uplink,True,2026-02-16 16:52:13,2026-02-20 00:21:39
721,145,qAGmpE,https://acme.dev/jade/garden/721,Roadmap update valley,True,2026-01-23 20:41:15,2026-02-19 15:12:14
722,171,qf3myJ,https://example.com/vivid/kernel/722,Launch deck delta,True,2025-11-23 19:26:57,2026-02-03 17:43:40
723,156,6xdYH6,https://hackstack.io/proud/kernel/723,Launch deck anchor,False,2026-02-12 22:26:50,2026-02-17 16:16:58
724,350,r2VW4r,https://seeded.app/vivid/beacon/724,Campaign page kernel,True,2025-03-13 23:18:17,2025-08-25 17:17:44
725,351,xj8fB7,https://opswise.net/cobalt/signal/725,Launch deck field,True,2025-05-08 17:13:05,2026-01-27 12:05:20
726,224,7f9VNM,https://example.com/opal/quartz/726,Demo link uplink,True,2025-12-13 07:37:08,2026-02-14 11:20:08
727,39,nfAb1B,https://seeded.app/brisk/window/727,Campaign page orbit,True,2025-11-05 09:11:01,2026-02-03 22:23:15
728,85,yq08PG,https://opswise.net/dawn/meadow/728,Alert feed harvest,True,2025-05-22 20:54:16,2025-10-17 10:25:04
729,346,MRcB32,https://seeded.app/tidy/journey/729,Quarterly brief kernel,True,2025-01-21 18:55:37,2025-05-23 06:03:45
730,152,abSOl7,https://relay.cloud/cobalt/harvest/730,Demo link garden,True,2025-04-28 14:57:17,2025-11-19 15:23:37
731,170,6nZco3,https://hackstack.io/proud/quartz/731,Incident notes island,False,2025-11-18 09:14:17,2026-01-02 05:21:30
732,11,pL0X87,https://example.com/ivory/canyon/732,Campaign page trail,True,2026-01-08 00:33:29,2026-02-12 21:55:06
733,322,LwJQD3,https://hackstack.io/tidy/valley/733,Service guide beacon,True,2025-06-07 23:15:57,2025-12-08 04:29:40
734,18,GQ1CEP,https://hackstack.io/calm/garden/734,Alert feed meadow,True,2025-04-10 21:27:45,2025-09-03 13:59:52
735,30,pYTj4F,https://seeded.app/vivid/field/735,Campaign page meadow,True,2025-03-11 01:29:57,2026-01-18 23:10:14
736,266,LD91MA,https://opswise.net/calm/engine/736,Campaign page anchor,True,2026-01-26 06:23:23,2026-02-05 07:16:43
737,157,WlcfPp,https://hackstack.io/navy/valley/737,Roadmap update beacon,True,2025-09-19 18:54:33,2025-10-27 11:16:43
738,61,ntq3To,https://seeded.app/amber/anchor/738,Demo link lagoon,True,2025-12-05 12:16:58,2026-02-09 09:02:36
739,103,6HG3RQ,https://example.com/dawn/trail/739,Service guide pioneer,True,2025-11-26 10:07:21,2025-12-19 02:47:30
740,145,l8JB29,https://hackstack.io/harbor/valley/740,Roadmap update field,True,2025-06-30 21:36:09,2025-08-30 14:58:51
741,359,p0N53f,https://relay.cloud/ivory/field/741,Launch deck quartz,False,2025-07-01 18:06:43,2025-09-26 16:46:35
742,363,T5X3Nv,https://acme.dev/silver/yard/742,Alert feed journey,False,2025-04-24 10:36:52,2025-07-30 17:18:00
743,111,Yx1sOY,https://example.com/brisk/field/743,Campaign page delta,True,2025-05-16 20:42:41,2026-01-01 02:15:57
744,119,ChY4NV,https://relay.cloud/forest/orbit/744,Alert feed valley,True,2025-12-03 14:08:52,2026-01-28 02:46:00
745,270,Zz0zWN,https://opswise.net/ivory/kernel/745,Demo link river,True,2025-01-04 22:03:07,2025-10-30 22:42:21
746,205,GBZabx,https://example.com/urban/field/746,Alert feed yard,True,2026-01-15 16:42:18,2026-02-13 14:10:56
747,340,R21wR6,https://relay.cloud/cobalt/signal/747,Launch deck pioneer,True,2025-03-21 23:51:45,2025-12-07 12:58:33
748,55,d8rsUZ,https://hackstack.io/keen/signal/748,Service guide field,True,2025-12-26 01:16:13,2026-01-09 14:31:59
749,149,8RLZrw,https://seeded.app/silver/meadow/749,Campaign page trail,True,2025-09-23 20:48:56,2026-02-16 15:37:16
750,282,AgyBsl,https://seeded.app/navy/meadow/750,Demo link valley,True,2025-03-09 18:05:12,2025-06-13 09:34:21
751,46,YEE50Y,https://seeded.app/brisk/orbit/751,Demo link garden,False,2025-08-17 15:55:41,2026-01-23 09:34:20
752,3,s7jOLr,https://seeded.app/opal/island/752,Ops review engine,True,2025-12-15 17:44:58,2025-12-16 19:43:10
753,91,cuhOud,https://example.com/clear/anchor/753,Quarterly brief quartz,False,2026-01-12 14:26:06,2026-02-04 23:58:40
754,262,cuw1y0,https://relay.cloud/tidy/beacon/754,Roadmap update beacon,True,2025-10-16 07:16:38,2026-02-18 14:22:13
755,377,8MRqCl,https://seeded.app/young/zenith/755,Roadmap update canyon,True,2025-08-09 19:26:21,2025-09-25 04:34:17
756,208,IMAk2g,https://opswise.net/quiet/engine/756,Status board beacon,True,2025-08-23 15:00:05,2025-08-29 05:28:26
757,293,x3V3jh,https://seeded.app/brisk/field/757,Launch deck river,True,2025-08-30 18:18:15,2026-01-23 16:04:39
758,363,pzOyBO,https://example.com/rapid/anchor/758,Demo link garden,True,2025-12-01 05:41:12,2026-01-11 23:46:27
759,292,hRphds,https://acme.dev/amber/river/759,Quarterly brief valley,True,2026-01-18 06:23:22,2026-01-24 02:18:05
760,64,4EvRlO,https://opswise.net/quiet/field/760,Campaign page anchor,True,2025-08-24 12:55:07,2025-12-02 02:39:21
761,359,06GTEu,https://hackstack.io/amber/kernel/761,Ops review canyon,True,2025-12-29 10:43:10,2026-02-02 10:48:41
762,376,nCOlqj,https://relay.cloud/proud/island/762,Demo link island,True,2025-08-14 19:10:03,2025-09-23 03:09:50
763,132,nhbS7a,https://example.com/opal/trail/763,Campaign page signal,True,2025-06-13 02:19:10,2025-09-26 14:26:57
764,397,MGtdxI,https://acme.dev/urban/network/764,Quarterly brief field,True,2025-03-29 13:37:23,2025-07-04 00:12:18
765,116,xbhDgS,https://example.com/dawn/kernel/765,Launch deck uplink,True,2025-12-25 23:02:41,2026-01-23 23:16:19
766,43,EtQOjp,https://seeded.app/ember/journey/766,Ops review pioneer,True,2025-11-21 20:18:22,2025-11-29 10:48:12
767,317,PQgxQJ,https://relay.cloud/ember/canyon/767,Status board kernel,False,2025-12-03 14:54:26,2026-01-16 04:19:58
768,75,KejU15,https://opswise.net/silver/harvest/768,Status board engine,True,2025-04-22 01:04:18,2025-07-13 03:22:40
769,210,dB2SPg,https://example.com/opal/lagoon/769,Roadmap update beacon,True,2025-05-11 07:55:06,2025-06-09 05:10:39
770,326,sotGE6,https://hackstack.io/opal/canyon/770,Status board journey,False,2025-02-06 19:01:28,2025-07-03 05:48:28
771,278,RAGFYU,https://opswise.net/clear/journey/771,Alert feed yard,False,2025-11-18 02:38:46,2026-01-28 13:31:03
772,395,GKMll7,https://relay.cloud/mellow/island/772,Alert feed uplink,True,2025-03-07 01:09:51,2025-07-05 08:08:12
773,114,tKRxIA,https://hackstack.io/warm/garden/773,Campaign page field,True,2025-08-13 17:14:43,2025-12-15 02:26:17
774,205,8UMuRK,https://hackstack.io/vivid/zenith/774,Quarterly brief yard,True,2026-02-04 20:52:51,2026-02-19 04:38:59
775,45,Fb7FAd,https://example.com/harbor/window/775,Ops review network,False,2025-12-05 05:50:12,2026-01-25 23:52:24
776,315,79GFVB,https://relay.cloud/jade/beacon/776,Launch deck field,True,2025-04-05 22:40:20,2025-05-12 00:55:43
777,93,JkpM0u,https://example.com/ivory/quartz/777,Launch deck valley,False,2025-11-26 10:01:40,2025-12-03 20:48:28
778,399,IZB5OS,https://acme.dev/ember/kernel/778,Service guide zenith,True,2025-07-15 02:30:07,2025-12-16 21:26:16
779,132,Z0JNeh,https://acme.dev/vivid/network/779,Quarterly brief journey,True,2025-07-05 11:03:43,2025-11-18 01:25:10
780,260,RlqcXq,https://hackstack.io/silver/garden/780,Campaign page uplink,True,2025-03-24 19:24:10,2026-01-10 03:14:59
781,228,Uh17lA,https://seeded.app/ivory/valley/781,Roadmap update zenith,True,2025-03-01 21:46:54,2025-05-05 06:52:29
782,213,mWBF3l,https://acme.dev/keen/lagoon/782,Incident notes harvest,True,2025-10-29 23:30:49,2025-12-16 09:11:35
783,180,ua2P6l,https://opswise.net/harbor/signal/783,Alert feed river,True,2025-11-02 13:11:28,2026-01-11 10:30:24
784,335,YKLcIl,https://seeded.app/warm/engine/784,Campaign page valley,True,2025-06-22 11:34:49,2025-08-04 15:01:37
785,240,tLBzHg,https://relay.cloud/silver/field/785,Ops review network,False,2025-08-11 12:37:15,2026-01-01 17:17:53
786,374,IXAIWO,https://relay.cloud/mellow/signal/786,Service guide pioneer,True,2025-11-27 21:17:31,2026-01-26 16:01:25
787,379,zjltP3,https://hackstack.io/keen/lagoon/787,Alert feed field,True,2025-01-18 13:42:06,2025-04-04 06:25:56
788,167,01wjK4,https://opswise.net/jade/uplink/788,Alert feed lagoon,False,2025-10-29 15:18:52,2026-01-18 22:10:17
789,82,vO281R,https://seeded.app/young/delta/789,Demo link beacon,False,2025-11-12 12:51:57,2025-11-21 19:09:55
790,10,EZ2xus,https://example.com/opal/yard/790,Campaign page beacon,True,2025-09-21 19:12:12,2026-02-09 17:55:27
791,317,LJ6wUZ,https://opswise.net/amber/zenith/791,Status board beacon,True,2025-02-23 08:56:02,2025-11-21 05:14:32
792,315,9wEBqf,https://relay.cloud/silver/lagoon/792,Status board engine,True,2025-01-05 05:07:43,2025-07-13 06:39:55
793,375,ahjATf,https://relay.cloud/rapid/yard/793,Status board window,True,2026-01-10 14:55:29,2026-01-17 19:19:00
794,55,Tqpb7O,https://relay.cloud/proud/quartz/794,Status board pioneer,True,2026-01-09 22:00:27,2026-01-23 22:58:28
795,125,gnjE9M,https://hackstack.io/brisk/journey/795,Alert feed quartz,False,2025-03-29 11:10:21,2025-11-19 10:01:04
796,203,FMBSoW,https://acme.dev/urban/river/796,Quarterly brief yard,True,2025-12-23 01:59:43,2026-02-04 08:04:55
797,144,0jRAz8,https://relay.cloud/warm/field/797,Service guide trail,True,2026-01-17 04:40:21,2026-02-08 06:53:01
798,246,qBbBiN,https://example.com/warm/delta/798,Demo link garden,True,2025-05-10 13:25:26,2025-11-20 02:11:39
799,393,tLKq5i,https://example.com/calm/lagoon/799,Campaign page network,True,2025-03-08 14:45:16,2025-06-11 22:58:15
800,45,81LPaa,https://acme.dev/young/engine/800,Ops review field,True,2025-11-14 03:55:53,2026-02-14 12:07:59
801,95,9WJlxv,https://seeded.app/lively/trail/801,Service guide lagoon,True,2025-09-03 19:30:37,2026-01-30 00:03:18
802,314,I2Ag5U,https://seeded.app/brisk/canyon/802,Campaign page anchor,True,2025-07-15 06:42:53,2025-08-28 20:57:13
803,107,s94Tb7,https://relay.cloud/urban/valley/803,Demo link field,True,2025-06-07 01:05:55,2025-09-11 11:56:38
804,113,LNz2td,https://acme.dev/dawn/yard/804,Alert feed signal,True,2025-03-15 22:02:15,2025-11-06 04:32:04
805,191,Do26s4,https://acme.dev/brisk/anchor/805,Campaign page meadow,False,2025-11-14 00:24:51,2025-12-27 09:36:14
806,301,q2BXsN,https://example.com/urban/journey/806,Ops review garden,True,2026-01-30 00:39:48,2026-02-02 23:06:44
807,185,2qAmS4,https://relay.cloud/jade/engine/807,Demo link yard,True,2025-09-07 21:33:00,2025-12-28 18:29:08
808,206,k5AQrO,https://relay.cloud/clear/meadow/808,Status board journey,True,2025-06-11 11:36:59,2025-08-01 02:32:45
809,230,ka73Ze,https://seeded.app/rapid/delta/809,Campaign page river,True,2025-12-04 02:48:35,2026-01-04 01:17:28
810,298,B8QSLD,https://relay.cloud/rapid/canyon/810,Roadmap update network,True,2026-01-30 00:17:41,2026-02-01 13:42:10
811,89,Ru4AMW,https://acme.dev/gold/pioneer/811,Service guide lagoon,True,2025-05-17 14:26:57,2025-06-07 22:15:52
812,323,5LoHSj,https://example.com/keen/trail/812,Campaign page garden,True,2025-10-02 19:13:01,2026-02-12 16:16:51
813,233,1uJvb1,https://example.com/navy/window/813,Launch deck engine,True,2025-08-02 00:39:28,2025-09-27 08:29:07
814,170,Yw1GGy,https://seeded.app/calm/network/814,Alert feed uplink,True,2026-01-19 14:22:12,2026-02-14 14:23:11
815,50,fxHmfu,https://seeded.app/dawn/journey/815,Demo link yard,True,2025-03-17 04:40:18,2025-11-09 16:04:53
816,281,nnaprZ,https://hackstack.io/vivid/beacon/816,Campaign page quartz,True,2025-12-28 07:30:47,2026-01-06 11:51:55
817,91,oPPZh9,https://seeded.app/forest/anchor/817,Quarterly brief beacon,True,2026-02-18 02:09:48,2026-02-19 09:42:12
818,183,EvLUF7,https://seeded.app/lively/orbit/818,Service guide beacon,False,2025-07-16 14:27:10,2026-01-24 02:56:05
819,17,yZYvkA,https://example.com/urban/orbit/819,Status board canyon,False,2026-01-21 19:30:14,2026-02-13 00:06:59
820,91,LL2hMG,https://example.com/dawn/canyon/820,Incident notes trail,True,2026-01-04 14:33:31,2026-01-15 20:57:37
821,64,jLnMOU,https://acme.dev/mellow/quartz/821,Quarterly brief journey,False,2025-10-07 01:53:17,2025-12-22 05:47:13
822,127,gyZCsP,https://hackstack.io/ivory/anchor/822,Roadmap update orbit,True,2025-09-11 15:26:41,2026-02-15 16:18:31
823,303,zYJ53J,https://example.com/opal/pioneer/823,Campaign page yard,True,2025-01-17 04:50:18,2025-12-06 09:11:12
824,224,p8KfRq,https://example.com/quiet/anchor/824,Ops review harvest,True,2025-10-28 21:19:27,2025-11-10 22:10:30
825,332,VQuzcE,https://example.com/vivid/delta/825,Status board quartz,True,2026-01-06 20:43:24,2026-01-16 04:36:28
826,206,KaD6Ls,https://hackstack.io/calm/valley/826,Ops review canyon,False,2025-02-04 08:01:25,2025-10-28 18:48:56
827,334,Mc4rmX,https://opswise.net/amber/river/827,Launch deck zenith,False,2025-06-06 17:05:50,2025-11-16 00:47:40
828,201,3xFytn,https://hackstack.io/urban/engine/828,Ops review garden,True,2025-11-09 10:35:40,2025-12-30 06:09:29
829,112,Y6lXRp,https://acme.dev/clear/pioneer/829,Demo link anchor,True,2025-06-24 17:56:29,2026-01-16 06:16:52
830,135,ZTEZSw,https://hackstack.io/tidy/uplink/830,Roadmap update meadow,False,2025-08-04 20:26:33,2026-01-20 06:37:07
831,224,iEdnGZ,https://relay.cloud/gold/delta/831,Service guide field,True,2025-11-01 00:53:38,2025-12-27 15:31:08
832,223,kbyz9S,https://opswise.net/cobalt/lagoon/832,Ops review meadow,True,2025-01-23 18:27:39,2026-01-22 02:03:09
833,137,DLtgJG,https://opswise.net/brisk/anchor/833,Incident notes delta,True,2025-09-08 22:29:11,2025-12-23 03:38:08
834,200,StOsxg,https://relay.cloud/rapid/zenith/834,Incident notes trail,True,2025-09-12 05:49:32,2025-12-27 17:26:42
835,79,fdfMHA,https://relay.cloud/ember/garden/835,Alert feed anchor,True,2026-01-05 01:34:49,2026-01-30 10:17:19
836,385,94z0Iu,https://acme.dev/forest/trail/836,Roadmap update lagoon,False,2025-10-17 03:31:43,2026-02-07 12:38:53
837,250,m5TQPl,https://example.com/gold/signal/837,Incident notes field,True,2025-02-18 13:16:23,2025-07-10 23:01:53
838,104,ShMqUH,https://relay.cloud/clear/valley/838,Service guide harvest,False,2026-02-04 12:38:28,2026-02-18 01:01:18
839,371,FmjtTG,https://acme.dev/forest/lagoon/839,Campaign page engine,False,2025-06-14 20:09:59,2025-12-24 22:31:35
840,114,aS1D2K,https://opswise.net/mellow/lagoon/840,Campaign page garden,True,2025-08-18 11:27:20,2026-01-17 06:28:05
841,275,k4mN6g,https://example.com/cobalt/harvest/841,Alert feed orbit,True,2025-12-01 08:01:46,2026-01-15 16:13:13
842,38,VVO9Tx,https://acme.dev/harbor/field/842,Launch deck journey,True,2025-08-11 13:01:34,2025-12-26 22:46:21
843,125,Gh6IfN,https://relay.cloud/navy/pioneer/843,Demo link field,True,2025-05-11 21:29:19,2025-08-17 01:10:07
844,201,WB1W6o,https://acme.dev/rapid/canyon/844,Roadmap update window,True,2025-02-04 07:07:20,2026-01-02 19:40:44
845,137,YTt7Xa,https://example.com/calm/island/845,Ops review journey,True,2025-03-28 21:33:36,2025-06-26 11:10:57
846,41,IeRP9V,https://relay.cloud/tidy/meadow/846,Campaign page pioneer,True,2026-02-07 17:42:09,2026-02-20 14:34:09
847,382,kUeYrz,https://acme.dev/warm/valley/847,Quarterly brief delta,False,2025-04-13 15:04:03,2025-05-25 15:42:02
848,375,8KjOc9,https://acme.dev/warm/lagoon/848,Ops review pioneer,False,2025-06-21 01:05:34,2025-11-10 05:36:31
849,191,NHt2tW,https://relay.cloud/silver/canyon/849,Roadmap update trail,True,2025-02-12 02:50:05,2025-03-06 05:10:26
850,95,ebYgwh,https://seeded.app/cobalt/signal/850,Demo link trail,True,2025-09-28 01:23:11,2025-09-30 19:48:02
851,247,FhvNou,https://acme.dev/warm/field/851,Service guide window,False,2025-08-31 22:05:17,2026-01-23 21:32:15
852,374,ciJsl8,https://seeded.app/quiet/journey/852,Demo link beacon,True,2025-10-04 23:19:00,2026-01-08 12:56:48
853,176,tveonH,https://acme.dev/warm/uplink/853,Launch deck kernel,True,2025-12-08 17:51:32,2026-01-21 10:56:44
854,78,Kpwk0Z,https://seeded.app/cobalt/garden/854,Ops review island,True,2025-10-26 03:43:59,2025-11-06 12:29:54
855,17,ctlrlY,https://opswise.net/forest/trail/855,Roadmap update window,True,2025-11-25 19:09:57,2025-12-05 23:48:49
856,377,JBAbGv,https://acme.dev/forest/network/856,Launch deck field,True,2025-08-28 21:46:20,2026-01-15 11:53:58
857,373,AyXiUt,https://acme.dev/amber/trail/857,Incident notes canyon,False,2025-11-22 09:13:02,2025-12-09 21:20:01
858,390,OAsvDY,https://acme.dev/dawn/network/858,Roadmap update harvest,True,2025-04-15 18:37:35,2026-01-18 10:50:18
859,349,UOlX44,https://relay.cloud/harbor/canyon/859,Launch deck orbit,True,2025-07-20 21:59:58,2025-12-06 09:20:46
860,268,UZVawY,https://hackstack.io/navy/trail/860,Status board delta,True,2025-08-07 04:46:44,2025-12-10 11:30:43
861,297,n3sVA1,https://example.com/clear/canyon/861,Launch deck kernel,True,2025-01-18 15:04:28,2025-09-29 03:18:36
862,201,BIZSd5,https://hackstack.io/silver/signal/862,Quarterly brief harvest,True,2025-06-06 10:39:46,2025-10-06 17:11:52
863,39,aJdmji,https://acme.dev/lively/journey/863,Quarterly brief garden,True,2025-06-01 18:50:29,2026-02-01 19:19:26
864,250,cohknh,https://hackstack.io/tidy/harvest/864,Ops review canyon,True,2026-01-23 18:03:25,2026-02-07 05:12:04
865,370,YH2X7K,https://relay.cloud/ember/canyon/865,Alert feed yard,True,2025-10-09 09:08:20,2025-11-07 09:02:23
866,267,mziF3g,https://relay.cloud/vivid/yard/866,Campaign page harvest,True,2025-09-01 01:07:42,2025-10-03 12:22:03
867,142,L2JUXl,https://opswise.net/cobalt/delta/867,Roadmap update river,True,2025-10-15 17:02:15,2025-12-08 19:52:44
868,279,DBkU7Q,https://seeded.app/mellow/river/868,Service guide yard,True,2025-09-06 18:37:38,2026-01-28 20:14:13
869,235,PucJuY,https://example.com/opal/journey/869,Campaign page journey,True,2025-12-15 08:42:24,2025-12-27 18:21:31
870,119,osri05,https://example.com/navy/field/870,Campaign page lagoon,True,2025-02-03 03:33:52,2026-02-08 10:39:01
871,177,02KWEK,https://example.com/tidy/canyon/871,Service guide lagoon,True,2025-05-01 07:19:41,2025-09-26 10:40:08
872,356,UjUVpK,https://seeded.app/opal/anchor/872,Quarterly brief canyon,True,2026-01-24 20:26:31,2026-02-03 20:31:09
873,21,FXAyEv,https://relay.cloud/harbor/orbit/873,Demo link zenith,True,2025-07-31 09:38:46,2026-01-22 03:14:55
874,174,93EJJF,https://relay.cloud/ember/harvest/874,Ops review orbit,True,2025-03-30 11:17:36,2025-06-06 01:58:08
875,357,ZItrXx,https://example.com/jade/anchor/875,Roadmap update window,False,2025-11-22 20:50:21,2026-01-11 02:46:38
876,89,Chm0nA,https://opswise.net/dawn/signal/876,Alert feed yard,True,2025-08-06 20:32:20,2025-08-26 01:02:28
877,380,EKJ3kQ,https://hackstack.io/ember/field/877,Ops review trail,True,2025-02-16 12:23:25,2026-01-31 17:33:52
878,254,B7m3TK,https://opswise.net/navy/canyon/878,Service guide signal,True,2025-06-22 16:45:45,2025-06-29 22:39:55
879,279,Ivjhgo,https://opswise.net/opal/meadow/879,Status board valley,True,2025-05-02 09:16:23,2025-06-30 04:58:43
880,254,rzPLGh,https://hackstack.io/keen/quartz/880,Alert feed pioneer,True,2025-08-06 02:29:04,2026-01-18 17:26:29
881,345,tf8uSJ,https://acme.dev/keen/harvest/881,Roadmap update garden,False,2025-03-21 00:43:40,2025-12-11 15:40:11
882,16,Oc5kL6,https://relay.cloud/dawn/quartz/882,Alert feed kernel,True,2026-02-05 08:20:02,2026-02-13 05:58:09
883,157,2K67Sj,https://relay.cloud/vivid/delta/883,Roadmap update lagoon,False,2025-02-03 08:16:29,2025-10-12 01:03:18
884,181,i8lDpu,https://example.com/amber/beacon/884,Demo link window,True,2025-04-04 06:44:48,2025-11-17 11:47:56
885,133,ztcQvG,https://acme.dev/urban/beacon/885,Launch deck garden,False,2025-03-26 04:36:11,2025-08-03 01:10:34
886,391,grpdUe,https://acme.dev/lively/journey/886,Demo link anchor,True,2025-01-25 19:36:44,2025-11-27 18:36:42
887,264,xcIYdD,https://hackstack.io/warm/window/887,Demo link beacon,True,2026-01-07 22:08:45,2026-02-04 12:42:04
888,399,oMUWwx,https://seeded.app/ivory/network/888,Roadmap update anchor,True,2025-12-31 06:26:56,2026-01-04 19:57:31
889,339,v3XVf5,https://acme.dev/cobalt/river/889,Ops review network,True,2025-05-21 15:36:15,2025-10-04 22:32:01
890,266,a84oWr,https://hackstack.io/harbor/beacon/890,Campaign page harvest,True,2025-07-21 04:11:52,2025-08-19 23:31:14
891,338,oTxNkR,https://example.com/ivory/engine/891,Alert feed meadow,True,2025-11-18 11:36:00,2026-01-11 13:19:57
892,42,kNfLrP,https://seeded.app/mellow/kernel/892,Quarterly brief meadow,True,2025-07-05 18:08:55,2025-07-12 03:22:24
893,281,DWryv2,https://opswise.net/tidy/island/893,Service guide lagoon,True,2025-01-15 18:43:04,2025-06-24 11:27:10
894,215,dQxtOx,https://relay.cloud/amber/valley/894,Campaign page delta,True,2025-06-23 18:32:32,2025-09-17 10:23:41
895,65,QwHNMf,https://hackstack.io/warm/journey/895,Demo link zenith,True,2025-09-18 15:53:30,2025-10-14 13:48:12
896,239,Ynv2OW,https://relay.cloud/clear/beacon/896,Service guide trail,False,2025-03-28 04:05:10,2025-04-05 09:05:32
897,355,ou22tu,https://example.com/forest/journey/897,Incident notes valley,False,2025-10-03 12:32:34,2025-12-29 05:05:45
898,353,ZPgJxZ,https://seeded.app/brisk/orbit/898,Ops review lagoon,False,2025-05-20 15:12:21,2025-07-26 08:35:54
899,99,s5Cfsn,https://example.com/gold/garden/899,Alert feed orbit,True,2025-10-01 20:03:18,2025-10-07 18:28:02
900,48,N9c3Ks,https://relay.cloud/opal/journey/900,Service guide yard,True,2025-08-17 18:41:06,2025-11-04 13:27:54
901,112,lCKWKx,https://acme.dev/keen/zenith/901,Launch deck signal,True,2025-03-28 10:14:12,2025-08-09 21:03:18
902,200,NhVit0,https://relay.cloud/gold/valley/902,Roadmap update quartz,True,2025-01-06 17:17:19,2025-02-01 21:03:31
903,303,s7PPtT,https://acme.dev/calm/window/903,Demo link delta,True,2025-03-25 09:18:35,2026-01-21 13:20:29
904,326,lNE5cK,https://hackstack.io/opal/delta/904,Quarterly brief canyon,True,2025-12-29 16:46:13,2026-01-23 22:38:50
905,79,HvKhLc,https://seeded.app/gold/trail/905,Roadmap update canyon,True,2025-12-14 00:15:48,2026-01-11 00:08:12
906,72,3ASdD7,https://example.com/warm/uplink/906,Quarterly brief delta,True,2025-04-15 16:17:56,2025-05-06 00:03:25
907,12,ruvcyQ,https://acme.dev/lively/uplink/907,Roadmap update signal,True,2025-01-31 13:36:31,2025-11-26 08:31:45
908,311,yL1lCE,https://acme.dev/warm/engine/908,Roadmap update harvest,True,2026-01-16 13:16:18,2026-01-31 00:22:55
909,334,Mj2oOX,https://opswise.net/tidy/delta/909,Incident notes network,True,2026-01-14 11:27:32,2026-02-11 12:27:36
910,391,4X6nUf,https://opswise.net/clear/beacon/910,Alert feed island,True,2025-05-20 23:28:23,2025-05-27 16:52:54
911,203,zOUleS,https://hackstack.io/dawn/river/911,Roadmap update valley,True,2025-12-27 06:42:14,2026-02-16 16:53:28
912,137,8FMsEi,https://acme.dev/proud/quartz/912,Quarterly brief pioneer,False,2025-07-12 16:52:47,2025-07-15 15:45:46
913,105,dfhHAO,https://opswise.net/amber/yard/913,Ops review meadow,True,2025-08-15 10:16:41,2025-09-04 14:28:44
914,19,XF73ft,https://hackstack.io/tidy/anchor/914,Ops review uplink,False,2025-10-29 15:32:54,2025-11-22 21:22:32
915,319,BLStSQ,https://acme.dev/jade/kernel/915,Status board engine,True,2025-10-06 16:42:03,2026-01-06 23:29:47
916,266,6FPvhI,https://hackstack.io/young/engine/916,Quarterly brief beacon,True,2025-11-26 13:35:56,2026-01-09 04:22:36
917,32,sCrzTV,https://acme.dev/forest/kernel/917,Launch deck canyon,False,2025-02-11 19:58:20,2025-11-08 17:50:15
918,214,Fm467P,https://opswise.net/opal/quartz/918,Campaign page quartz,True,2025-08-14 00:39:30,2025-10-02 00:28:14
919,294,rYvDZ1,https://relay.cloud/proud/trail/919,Ops review yard,True,2025-02-13 16:46:12,2025-11-21 17:31:32
920,135,tXeONn,https://hackstack.io/lively/quartz/920,Status board zenith,False,2026-01-14 18:00:32,2026-01-29 04:32:07
921,303,sMprK3,https://opswise.net/vivid/journey/921,Demo link river,True,2025-11-04 00:23:57,2025-12-07 17:46:59
922,217,zz5C0s,https://opswise.net/tidy/orbit/922,Launch deck journey,True,2025-08-26 23:59:20,2025-10-17 20:17:34
923,114,OJS25s,https://opswise.net/vivid/river/923,Status board island,True,2025-07-26 12:04:56,2025-08-30 12:53:52
924,288,KMavH5,https://opswise.net/dawn/delta/924,Status board canyon,True,2025-01-28 22:46:55,2025-09-09 08:51:14
925,203,RpAr2q,https://relay.cloud/urban/signal/925,Incident notes uplink,True,2025-06-18 19:48:37,2025-10-03 22:33:41
926,134,2EhDzs,https://relay.cloud/brisk/trail/926,Campaign page anchor,True,2025-02-22 21:22:51,2026-02-14 00:00:39
927,204,9q60Qn,https://seeded.app/mellow/signal/927,Demo link canyon,True,2025-06-07 23:52:43,2025-10-28 20:08:53
928,272,38we5x,https://seeded.app/proud/signal/928,Launch deck island,True,2025-05-13 14:17:55,2025-08-16 03:50:56
929,3,MEqvfy,https://relay.cloud/brisk/meadow/929,Ops review window,True,2025-11-28 05:23:26,2026-02-05 18:12:10
930,389,pA5u2V,https://example.com/forest/quartz/930,Alert feed quartz,True,2025-08-10 02:37:08,2025-09-19 19:38:30
931,103,Hrdpbu,https://seeded.app/clear/valley/931,Launch deck beacon,True,2025-02-16 19:35:06,2025-03-21 19:30:11
932,367,Vl7o76,https://hackstack.io/rapid/pioneer/932,Demo link delta,True,2025-09-23 19:50:27,2025-10-01 14:28:53
933,142,8LmTMp,https://acme.dev/rapid/quartz/933,Service guide trail,True,2025-03-20 07:40:34,2025-11-01 17:50:41
934,379,128dOM,https://opswise.net/silver/valley/934,Status board valley,True,2025-06-10 17:00:12,2025-09-26 14:14:11
935,218,Dhfm4i,https://hackstack.io/opal/trail/935,Alert feed engine,True,2025-07-25 10:52:16,2025-10-27 04:33:42
936,20,XEdALp,https://relay.cloud/ember/zenith/936,Campaign page orbit,True,2025-08-18 11:38:04,2026-02-14 07:26:04
937,333,Qqg8HT,https://example.com/gold/orbit/937,Campaign page delta,False,2025-01-04 15:26:34,2025-01-19 10:02:57
938,328,lxX0fZ,https://relay.cloud/tidy/island/938,Ops review signal,True,2025-04-05 03:34:17,2025-10-04 07:06:28
939,73,D1Xk5c,https://hackstack.io/ember/delta/939,Launch deck field,True,2025-07-26 07:33:50,2025-10-13 01:43:30
940,54,urWPAx,https://relay.cloud/tidy/uplink/940,Ops review yard,True,2026-01-20 21:33:27,2026-02-03 09:14:27
941,20,d7eyMQ,https://relay.cloud/dawn/lagoon/941,Demo link network,True,2025-03-27 09:05:50,2025-09-01 11:02:15
942,188,pAwiNj,https://example.com/forest/orbit/942,Incident notes garden,True,2026-02-07 21:51:00,2026-02-19 03:14:19
943,153,WGw81D,https://example.com/ember/kernel/943,Service guide delta,True,2025-09-05 21:03:02,2025-11-19 21:47:10
944,181,HcpWJo,https://relay.cloud/jade/trail/944,Alert feed zenith,True,2025-05-08 10:38:17,2025-12-22 16:43:28
945,230,r2B33X,https://seeded.app/lively/delta/945,Alert feed island,True,2025-02-24 09:18:44,2025-06-12 06:21:22
946,127,OvOIZm,https://acme.dev/cobalt/canyon/946,Alert feed kernel,True,2025-07-27 20:51:45,2025-10-31 14:59:17
947,260,VghqpI,https://acme.dev/navy/lagoon/947,Roadmap update kernel,True,2025-02-24 04:50:58,2025-05-27 19:40:57
948,247,vdLmI2,https://relay.cloud/navy/kernel/948,Launch deck beacon,False,2025-01-18 23:07:55,2025-09-10 02:06:53
949,83,DLAbv0,https://seeded.app/amber/lagoon/949,Incident notes zenith,True,2025-04-15 08:35:08,2025-10-13 04:06:16
950,49,j3b1As,https://opswise.net/young/network/950,Launch deck beacon,True,2025-10-30 13:35:37,2026-02-05 08:11:38
951,102,HTVqsp,https://opswise.net/harbor/beacon/951,Incident notes network,True,2025-07-19 01:56:40,2025-10-03 01:11:07
952,318,tdYjE8,https://example.com/clear/delta/952,Status board delta,True,2025-06-18 22:47:29,2025-12-21 02:42:11
953,356,oFiXEL,https://acme.dev/warm/delta/953,Demo link field,True,2025-08-04 00:05:27,2026-01-24 03:26:21
954,206,3BwqPU,https://seeded.app/forest/anchor/954,Status board window,True,2025-07-19 01:01:39,2025-12-04 01:12:59
955,251,0xhjpe,https://opswise.net/young/anchor/955,Quarterly brief window,True,2025-06-24 06:07:42,2025-09-11 01:57:08
956,325,nOyuPv,https://example.com/forest/canyon/956,Launch deck window,False,2025-09-02 12:50:37,2025-10-24 22:15:13
957,296,mvQnZ0,https://hackstack.io/harbor/window/957,Service guide beacon,True,2025-12-30 05:20:33,2026-01-04 14:00:12
958,177,GnIHTh,https://opswise.net/young/valley/958,Demo link canyon,True,2025-09-17 21:19:10,2025-11-21 09:04:19
959,2,vTCRMX,https://seeded.app/jade/lagoon/959,Service guide orbit,True,2025-12-01 05:24:21,2026-02-13 20:53:49
960,340,yHRMZI,https://acme.dev/calm/signal/960,Demo link pioneer,True,2025-05-31 01:21:12,2025-09-19 10:09:01
961,325,PtX7dx,https://seeded.app/forest/zenith/961,Incident notes orbit,False,2025-04-09 10:17:31,2026-01-24 10:01:02
962,221,sOCJq4,https://example.com/dawn/island/962,Status board zenith,False,2026-02-02 10:51:32,2026-02-07 07:09:44
963,31,Mbu8Dp,https://opswise.net/ember/network/963,Launch deck quartz,True,2025-07-06 06:49:40,2025-11-02 14:34:37
964,105,GJqMOy,https://hackstack.io/harbor/kernel/964,Incident notes delta,True,2025-01-07 15:36:28,2025-12-05 23:34:47
965,150,NBUxsd,https://hackstack.io/urban/beacon/965,Demo link garden,True,2025-12-18 15:39:17,2025-12-18 21:41:10
966,60,5wVdR8,https://acme.dev/jade/meadow/966,Launch deck harvest,True,2025-05-22 18:30:11,2025-06-04 03:08:30
967,241,CywoFH,https://hackstack.io/forest/harvest/967,Launch deck lagoon,False,2025-06-04 21:37:55,2025-12-16 03:48:11
968,149,1MfKc6,https://hackstack.io/clear/garden/968,Demo link zenith,True,2025-02-05 11:08:54,2025-06-08 20:44:52
969,390,hJ1Lzl,https://seeded.app/ivory/harvest/969,Launch deck valley,True,2025-05-20 21:32:50,2026-01-12 15:35:38
970,207,CYWrfw,https://seeded.app/dawn/network/970,Demo link lagoon,True,2025-10-20 05:00:19,2025-11-09 12:02:06
971,255,MY04i4,https://opswise.net/tidy/pioneer/971,Ops review trail,True,2026-02-10 00:00:09,2026-02-10 09:39:58
972,87,gZAnVk,https://hackstack.io/cobalt/kernel/972,Demo link yard,True,2025-08-08 15:11:59,2025-09-07 15:53:09
973,105,EA0hTk,https://acme.dev/cobalt/pioneer/973,Roadmap update zenith,True,2025-01-10 19:40:41,2025-11-16 19:56:36
974,276,TyAWrF,https://opswise.net/dawn/uplink/974,Roadmap update window,True,2025-03-10 19:34:36,2025-10-26 03:04:33
975,163,s3L5DP,https://example.com/quiet/island/975,Launch deck uplink,False,2025-03-16 18:22:28,2025-10-18 15:49:20
976,69,hvWQio,https://acme.dev/jade/valley/976,Launch deck anchor,True,2025-01-23 15:14:22,2025-03-06 23:52:33
977,222,XJqwKO,https://hackstack.io/warm/river/977,Incident notes trail,True,2025-02-27 13:30:48,2026-01-17 21:07:39
978,174,oKbSch,https://hackstack.io/proud/canyon/978,Incident notes uplink,True,2025-07-08 01:26:05,2025-08-13 07:48:52
979,46,h6Zen1,https://hackstack.io/clear/signal/979,Incident notes yard,True,2025-03-03 18:33:45,2025-05-27 18:07:49
980,147,xsxUkT,https://hackstack.io/vivid/kernel/980,Ops review pioneer,True,2025-11-26 01:20:05,2025-12-08 10:02:39
981,140,cqvn4E,https://hackstack.io/cobalt/window/981,Ops review valley,True,2025-03-18 09:57:57,2025-11-09 08:08:03
982,328,hHsBQ5,https://example.com/rapid/garden/982,Launch deck yard,True,2025-04-26 10:30:52,2025-06-16 20:30:19
983,361,MRT8ua,https://seeded.app/quiet/delta/983,Service guide yard,True,2025-10-24 08:59:38,2025-11-01 12:31:38
984,18,YhTGl6,https://seeded.app/navy/uplink/984,Service guide delta,True,2025-07-20 08:01:16,2025-07-29 01:35:15
985,29,5wl1Ft,https://relay.cloud/calm/island/985,Status board window,True,2025-09-12 19:33:09,2025-11-18 22:08:51
986,369,kns4jU,https://relay.cloud/silver/signal/986,Status board trail,True,2025-10-06 11:36:11,2026-01-23 01:06:20
987,57,G6BNiO,https://opswise.net/lively/field/987,Status board engine,True,2025-02-07 09:17:31,2025-03-16 13:31:23
988,225,7KLcGa,https://hackstack.io/gold/garden/988,Alert feed river,False,2025-12-11 04:25:03,2025-12-14 15:43:03
989,199,uWPMIR,https://relay.cloud/brisk/island/989,Ops review uplink,True,2025-11-12 03:57:30,2025-12-20 15:19:40
990,4,ajZvBG,https://relay.cloud/warm/signal/990,Ops review valley,False,2025-04-10 16:38:22,2026-01-12 16:17:35
991,138,76NYqR,https://seeded.app/clear/field/991,Ops review journey,True,2025-06-30 04:08:17,2025-10-15 08:16:15
992,103,6OnGgg,https://relay.cloud/keen/zenith/992,Launch deck signal,True,2025-01-25 21:29:26,2025-08-22 22:48:43
993,303,o1Usoa,https://hackstack.io/harbor/lagoon/993,Quarterly brief kernel,True,2026-01-16 01:26:49,2026-02-05 02:41:32
994,381,DacZaj,https://acme.dev/young/orbit/994,Launch deck harvest,True,2025-03-30 20:52:15,2025-12-06 23:29:39
995,200,jegvPQ,https://hackstack.io/clear/pioneer/995,Demo link beacon,True,2025-07-12 12:57:41,2025-09-25 16:44:00
996,287,rtqC86,https://opswise.net/navy/harvest/996,Status board network,True,2025-10-01 03:02:37,2026-01-22 11:04:13
997,140,SQa438,https://opswise.net/young/uplink/997,Demo link uplink,True,2026-02-13 09:46:53,2026-02-15 09:49:30
998,358,7ta8RV,https://seeded.app/quiet/yard/998,Ops review trail,True,2026-01-25 09:51:27,2026-02-17 12:36:30
999,58,MWX9gb,https://seeded.app/proud/garden/999,Launch deck signal,True,2026-02-13 02:48:13,2026-02-18 05:16:03
1000,286,Vv1e2P,https://hackstack.io/urban/yard/1000,Incident notes trail,True,2025-08-24 17:53:35,2025-09-07 04:17:01
1001,154,6OBElK,https://acme.dev/silver/lagoon/1001,Alert feed garden,True,2025-01-08 13:00:20,2025-04-23 18:43:42
1002,24,tRSoIx,https://example.com/young/harvest/1002,Campaign page pioneer,True,2025-11-03 06:35:07,2026-01-17 14:58:56
1003,36,bAG1vz,https://acme.dev/gold/canyon/1003,Service guide journey,True,2025-11-01 08:26:26,2025-12-19 06:26:56
1004,335,HTmrGw,https://acme.dev/calm/canyon/1004,Ops review orbit,False,2025-12-15 04:46:25,2026-01-06 11:38:55
1005,283,ZyBI1A,https://example.com/warm/orbit/1005,Ops review garden,True,2025-10-07 21:08:13,2025-10-29 09:18:42
1006,135,YQq1QN,https://example.com/tidy/garden/1006,Launch deck island,True,2026-02-14 22:32:02,2026-02-16 23:13:12
1007,260,iIRHKw,https://hackstack.io/rapid/beacon/1007,Quarterly brief engine,True,2025-10-15 00:41:29,2025-10-21 04:23:08
1008,344,kH0RRW,https://hackstack.io/quiet/lagoon/1008,Campaign page meadow,True,2025-06-25 10:05:35,2026-02-13 17:09:26
1009,205,RXWtub,https://hackstack.io/tidy/pioneer/1009,Launch deck quartz,True,2025-04-05 03:08:34,2025-07-24 01:41:52
1010,129,vXZyL5,https://seeded.app/navy/field/1010,Status board quartz,True,2026-01-14 12:31:41,2026-02-02 00:09:04
1011,260,wvtIwR,https://hackstack.io/proud/field/1011,Roadmap update field,True,2025-06-30 17:06:48,2026-02-20 11:53:46
1012,187,fpgR3P,https://opswise.net/tidy/island/1012,Service guide orbit,False,2025-09-05 09:00:30,2025-11-27 12:33:18
1013,157,A4NpPe,https://example.com/quiet/trail/1013,Ops review anchor,True,2025-03-15 15:13:06,2025-06-22 16:56:59
1014,367,UlHdFB,https://seeded.app/young/canyon/1014,Incident notes garden,True,2026-02-20 19:39:06,2026-02-20 23:31:13
1015,28,qpaDcT,https://hackstack.io/ember/kernel/1015,Ops review harvest,True,2025-08-07 21:32:20,2025-08-21 12:17:03
1016,223,2Imi9T,https://opswise.net/navy/harvest/1016,Incident notes beacon,True,2025-07-23 06:35:26,2025-09-17 20:34:19
1017,170,HkkNZf,https://relay.cloud/vivid/journey/1017,Campaign page yard,True,2025-02-06 20:07:43,2025-06-21 19:52:23
1018,194,CpsSxq,https://relay.cloud/rapid/pioneer/1018,Alert feed delta,True,2025-02-12 20:34:39,2026-01-08 18:54:12
1019,178,ttDIx4,https://hackstack.io/calm/journey/1019,Service guide window,True,2025-02-16 12:17:52,2025-07-28 21:06:43
1020,235,DGUbQx,https://hackstack.io/forest/orbit/1020,Campaign page canyon,True,2026-01-22 19:48:58,2026-01-25 12:10:50
1021,319,3cAN71,https://relay.cloud/cobalt/field/1021,Service guide delta,True,2025-05-30 02:57:06,2025-12-10 08:24:27
1022,191,hrJ77i,https://example.com/gold/orbit/1022,Alert feed canyon,False,2025-05-29 14:18:14,2025-10-13 05:38:39
1023,201,6fSZ1z,https://relay.cloud/cobalt/beacon/1023,Demo link river,True,2025-11-10 22:51:13,2025-11-28 19:10:26
1024,98,DoaTQr,https://relay.cloud/clear/anchor/1024,Demo link yard,True,2026-02-12 13:18:54,2026-02-15 06:49:27
1025,109,1sPbqD,https://relay.cloud/mellow/anchor/1025,Status board field,True,2025-03-04 19:04:26,2025-06-20 19:08:21
1026,388,IwMgHc,https://acme.dev/jade/island/1026,Launch deck network,True,2025-06-07 07:45:51,2025-12-15 10:19:42
1027,380,Z6Rsy2,https://hackstack.io/navy/delta/1027,Status board river,True,2025-04-06 16:15:16,2025-06-23 21:56:22
1028,46,1ePtYb,https://hackstack.io/calm/meadow/1028,Quarterly brief orbit,True,2025-03-16 17:25:40,2025-12-22 10:12:50
1029,329,niK9go,https://hackstack.io/gold/valley/1029,Roadmap update signal,False,2025-06-14 15:06:55,2025-08-10 02:26:59
1030,23,0a66Ax,https://seeded.app/proud/meadow/1030,Quarterly brief pioneer,True,2025-01-03 15:32:29,2025-05-28 04:11:05
1031,112,brMsJc,https://opswise.net/ivory/quartz/1031,Roadmap update network,False,2025-12-08 18:11:33,2026-01-15 22:42:19
1032,363,WOswcb,https://opswise.net/quiet/island/1032,Demo link zenith,True,2025-09-14 10:58:40,2025-11-02 05:04:17
1033,61,nMAnAW,https://acme.dev/harbor/garden/1033,Incident notes yard,True,2025-05-28 01:57:00,2025-07-19 15:13:28
1034,356,IHIR2p,https://example.com/vivid/uplink/1034,Alert feed network,True,2025-03-09 14:16:34,2026-02-12 07:32:29
1035,174,w28oXG,https://example.com/mellow/window/1035,Ops review meadow,True,2025-09-06 19:45:09,2026-02-07 06:18:24
1036,334,lLNeos,https://seeded.app/vivid/uplink/1036,Service guide beacon,False,2025-05-24 02:12:01,2026-01-21 15:28:54
1037,234,qt8fPJ,https://hackstack.io/ivory/canyon/1037,Launch deck lagoon,True,2025-12-05 06:53:00,2026-02-05 05:08:48
1038,235,iBAHsW,https://example.com/keen/field/1038,Demo link beacon,True,2025-02-07 02:30:08,2025-08-04 23:40:29
1039,331,sGqayN,https://example.com/keen/signal/1039,Alert feed signal,True,2025-10-11 18:53:51,2026-02-06 17:12:29
1040,112,tdW7jv,https://opswise.net/opal/zenith/1040,Quarterly brief field,False,2025-05-11 21:22:15,2025-11-13 05:35:32
1041,99,ePNmHz,https://relay.cloud/calm/orbit/1041,Launch deck signal,True,2025-07-17 20:39:40,2026-01-28 16:13:05
1042,148,xcwqRC,https://acme.dev/young/quartz/1042,Roadmap update signal,True,2025-07-22 00:25:10,2025-08-24 08:54:55
1043,396,BTlAAc,https://acme.dev/cobalt/window/1043,Ops review engine,True,2025-09-15 07:31:14,2025-11-30 19:02:46
1044,302,33vfAX,https://seeded.app/silver/network/1044,Demo link harvest,True,2026-01-18 19:33:32,2026-02-20 09:28:25
1045,67,vhMOx1,https://example.com/jade/lagoon/1045,Status board kernel,True,2025-09-02 04:05:47,2026-02-05 08:27:48
1046,79,yPmDF8,https://seeded.app/clear/journey/1046,Service guide anchor,True,2025-04-14 09:37:52,2025-04-17 10:58:35
1047,348,DkpXOr,https://hackstack.io/clear/pioneer/1047,Status board anchor,True,2025-12-22 03:41:20,2026-02-04 11:49:07
1048,67,ZX9fdk,https://seeded.app/dawn/beacon/1048,Alert feed lagoon,True,2025-09-07 22:27:47,2026-01-14 18:51:08
1049,183,WEV1AO,https://opswise.net/silver/island/1049,Ops review harvest,False,2025-03-31 16:53:21,2025-05-23 23:26:25
1050,119,h594bY,https://relay.cloud/ivory/kernel/1050,Incident notes beacon,False,2025-12-14 18:28:10,2026-02-01 02:35:30
1051,43,HhP7z3,https://relay.cloud/amber/island/1051,Alert feed field,True,2025-12-07 15:16:20,2025-12-11 08:15:10
1052,123,dinpnt,https://example.com/young/signal/1052,Quarterly brief harvest,True,2025-11-30 20:18:24,2026-01-05 11:43:37
1053,156,edTihP,https://seeded.app/tidy/meadow/1053,Status board beacon,True,2025-06-07 04:26:00,2026-02-05 08:31:50
1054,230,ihnaKW,https://opswise.net/calm/yard/1054,Status board engine,True,2025-10-30 02:24:03,2026-01-16 17:08:31
1055,146,kvfmcm,https://hackstack.io/gold/zenith/1055,Incident notes island,True,2025-06-12 03:43:31,2026-01-25 00:38:27
1056,156,3QV74N,https://example.com/ember/delta/1056,Demo link kernel,True,2025-10-08 00:12:57,2026-01-14 19:12:31
1057,102,wxbiXs,https://hackstack.io/vivid/quartz/1057,Roadmap update signal,True,2026-01-08 16:28:18,2026-01-18 22:35:08
1058,315,NwOu2T,https://hackstack.io/cobalt/yard/1058,Quarterly brief window,True,2025-07-05 10:05:17,2026-02-09 21:00:51
1059,354,hKdf5s,https://example.com/cobalt/river/1059,Alert feed kernel,True,2025-11-29 19:40:43,2026-02-19 18:49:16
1060,395,qbAjHO,https://example.com/mellow/yard/1060,Ops review window,True,2025-03-30 06:45:28,2025-09-14 17:16:32
1061,304,JCCsB9,https://seeded.app/harbor/delta/1061,Status board orbit,False,2025-08-17 13:21:35,2025-09-22 03:11:38
1062,134,3OTzy4,https://seeded.app/keen/uplink/1062,Ops review trail,True,2025-09-07 13:53:11,2025-12-19 17:17:19
1063,147,v97eid,https://hackstack.io/jade/river/1063,Launch deck beacon,False,2026-01-25 10:15:28,2026-02-16 15:44:13
1064,184,jf4Ixs,https://relay.cloud/warm/window/1064,Ops review kernel,True,2025-12-22 04:46:48,2026-02-19 20:47:18
1065,184,EDaJoc,https://relay.cloud/ivory/river/1065,Incident notes island,True,2025-12-08 13:15:34,2025-12-12 02:49:06
1066,195,Z8v3Ie,https://relay.cloud/calm/harvest/1066,Incident notes valley,True,2025-05-10 01:56:18,2025-06-28 03:11:15
1067,163,GJ8TvI,https://seeded.app/tidy/garden/1067,Alert feed pioneer,False,2025-01-23 23:37:36,2026-01-15 13:43:17
1068,365,tVFWIX,https://opswise.net/harbor/lagoon/1068,Quarterly brief meadow,True,2025-07-06 09:56:03,2025-09-01 15:49:03
1069,314,3yRkwc,https://opswise.net/tidy/valley/1069,Ops review quartz,True,2025-09-01 10:39:41,2026-01-09 06:39:48
1070,100,8I70oW,https://relay.cloud/silver/meadow/1070,Launch deck zenith,True,2025-10-08 02:44:57,2025-12-28 23:54:50
1071,14,GWamyc,https://opswise.net/jade/signal/1071,Demo link orbit,True,2025-02-07 14:00:43,2025-03-04 13:58:33
1072,179,UpNOHh,https://relay.cloud/ivory/field/1072,Demo link meadow,True,2025-08-08 16:31:06,2025-09-20 04:18:09
1073,140,UrDvlE,https://hackstack.io/harbor/beacon/1073,Status board lagoon,True,2025-09-20 02:09:41,2026-01-15 11:45:29
1074,353,3gufT0,https://relay.cloud/lively/canyon/1074,Ops review network,False,2025-12-27 19:24:26,2026-01-03 18:16:07
1075,153,fEHyxD,https://example.com/tidy/delta/1075,Ops review pioneer,False,2025-05-18 06:12:28,2025-10-02 17:45:51
1076,45,sunj34,https://example.com/amber/anchor/1076,Alert feed network,True,2025-03-29 15:52:12,2026-02-05 11:48:38
1077,344,mLOtqi,https://relay.cloud/amber/journey/1077,Quarterly brief anchor,True,2025-05-30 23:31:10,2025-07-17 17:20:57
1078,196,Ym5jxL,https://seeded.app/cobalt/beacon/1078,Launch deck signal,True,2025-12-29 00:41:35,2026-01-05 10:08:58
1079,394,mwDIiG,https://relay.cloud/gold/lagoon/1079,Service guide pioneer,True,2025-02-25 12:11:13,2025-03-10 09:44:59
1080,84,nNmQel,https://hackstack.io/ivory/canyon/1080,Service guide canyon,False,2025-07-06 23:24:52,2025-07-19 22:14:46
1081,89,zKyfux,https://opswise.net/cobalt/lagoon/1081,Roadmap update trail,True,2025-10-13 02:22:27,2026-01-10 09:55:39
1082,365,A4u9M5,https://acme.dev/cobalt/quartz/1082,Quarterly brief field,True,2025-09-09 15:23:46,2025-12-24 17:41:04
1083,398,FdqaL5,https://hackstack.io/silver/window/1083,Alert feed garden,True,2025-06-28 05:04:37,2026-01-15 03:28:02
1084,74,POqbmU,https://example.com/calm/kernel/1084,Demo link orbit,False,2025-12-15 12:46:17,2026-01-26 03:52:48
1085,322,uBIjL0,https://opswise.net/ivory/trail/1085,Roadmap update harvest,True,2026-01-10 00:10:16,2026-01-26 11:15:17
1086,266,XEKDvf,https://hackstack.io/ember/pioneer/1086,Alert feed engine,True,2025-11-28 04:09:36,2025-12-01 04:36:05
1087,251,Yfnx9S,https://hackstack.io/mellow/window/1087,Status board canyon,True,2026-02-10 08:42:48,2026-02-17 20:18:15
1088,151,wF3Iti,https://acme.dev/urban/beacon/1088,Alert feed yard,True,2025-06-28 23:25:44,2025-07-10 00:55:20
1089,201,lbTy64,https://seeded.app/lively/signal/1089,Demo link network,True,2026-02-01 06:24:32,2026-02-18 11:08:51
1090,135,97vioN,https://relay.cloud/ivory/network/1090,Campaign page engine,False,2025-03-25 04:24:49,2025-05-07 15:01:51
1091,391,K6M0F1,https://seeded.app/lively/island/1091,Service guide signal,True,2025-04-09 12:21:56,2025-09-12 20:05:31
1092,332,TdVn7n,https://relay.cloud/amber/network/1092,Service guide field,True,2025-06-22 17:53:25,2026-02-16 19:41:04
1093,178,86mDy6,https://opswise.net/silver/river/1093,Quarterly brief zenith,False,2025-11-04 04:03:36,2026-02-12 17:22:02
1094,323,VI6FnE,https://relay.cloud/gold/window/1094,Ops review quartz,True,2025-02-05 06:37:03,2026-02-03 02:08:38
1095,90,GCvBYE,https://example.com/vivid/beacon/1095,Ops review quartz,True,2026-01-10 22:47:08,2026-01-29 13:18:45
1096,285,u9rkEt,https://seeded.app/mellow/engine/1096,Demo link lagoon,True,2025-12-22 01:04:11,2026-01-03 17:43:55
1097,40,QzzgqV,https://opswise.net/jade/valley/1097,Incident notes river,True,2026-02-15 00:37:54,2026-02-17 16:36:18
1098,218,GwY7ij,https://seeded.app/calm/uplink/1098,Incident notes canyon,True,2025-02-14 09:16:47,2025-12-19 02:21:40
1099,102,BAlMST,https://relay.cloud/warm/quartz/1099,Campaign page journey,True,2025-07-26 16:26:12,2025-10-24 03:03:13
1100,126,EIGTrC,https://hackstack.io/ivory/valley/1100,Demo link delta,False,2025-04-29 16:35:31,2025-09-15 20:44:36
1101,289,NktXMm,https://hackstack.io/opal/signal/1101,Status board delta,True,2025-01-26 12:52:29,2025-07-03 04:53:52
1102,117,56SPc8,https://opswise.net/mellow/engine/1102,Alert feed window,True,2025-05-26 09:43:06,2025-12-02 18:31:36
1103,174,E1GARO,https://opswise.net/rapid/island/1103,Quarterly brief orbit,True,2026-01-22 02:22:31,2026-01-23 16:32:09
1104,66,eDNftt,https://seeded.app/proud/engine/1104,Quarterly brief journey,True,2025-07-12 13:25:02,2025-12-18 16:52:01
1105,245,nQfbPf,https://hackstack.io/urban/garden/1105,Quarterly brief delta,True,2025-06-17 10:21:23,2025-08-11 03:54:20
1106,176,lusBAW,https://example.com/keen/uplink/1106,Alert feed river,True,2025-03-11 21:00:09,2025-06-12 11:21:44
1107,218,2M3mAJ,https://example.com/lively/trail/1107,Roadmap update field,True,2025-07-22 03:39:43,2025-08-24 01:52:46
1108,373,LzGagQ,https://acme.dev/gold/yard/1108,Launch deck network,False,2025-02-13 04:20:27,2026-02-12 16:56:01
1109,293,th7XKm,https://relay.cloud/harbor/garden/1109,Launch deck delta,True,2025-02-10 10:20:10,2025-11-18 05:02:12
1110,133,kx3b7U,https://hackstack.io/clear/harvest/1110,Campaign page river,True,2025-03-12 11:31:37,2025-12-24 11:22:07
1111,207,N7C7MF,https://seeded.app/amber/beacon/1111,Service guide delta,True,2025-02-24 10:36:54,2025-03-12 17:49:03
1112,237,A6KbK3,https://acme.dev/cobalt/journey/1112,Alert feed quartz,True,2025-10-01 08:48:51,2025-10-25 08:41:20
1113,78,06LTLF,https://seeded.app/forest/field/1113,Status board window,True,2026-02-09 04:13:29,2026-02-17 00:05:54
1114,1,Mxvat4,https://opswise.net/clear/trail/1114,Service guide garden,True,2025-12-06 01:45:33,2026-01-02 07:59:49
1115,213,3zDDq1,https://seeded.app/ember/zenith/1115,Alert feed island,False,2025-03-03 18:40:12,2025-11-06 08:39:44
1116,182,iUFPov,https://acme.dev/silver/field/1116,Ops review network,True,2025-07-27 15:24:45,2025-10-25 14:43:53
1117,74,xw5UdI,https://example.com/brisk/orbit/1117,Campaign page river,False,2025-12-19 12:46:32,2026-01-05 01:41:54
1118,165,bm39Um,https://opswise.net/cobalt/beacon/1118,Demo link meadow,True,2025-12-23 23:19:55,2026-02-01 00:47:00
1119,180,QkfejV,https://seeded.app/opal/quartz/1119,Demo link river,True,2025-04-16 08:07:24,2025-09-16 01:28:37
1120,135,8Z6AHM,https://relay.cloud/warm/window/1120,Demo link signal,True,2025-10-13 15:10:56,2025-12-07 14:04:15
1121,319,Gk33wf,https://example.com/lively/lagoon/1121,Service guide network,True,2025-12-04 00:23:08,2025-12-19 01:45:37
1122,241,ap7vua,https://relay.cloud/dawn/valley/1122,Alert feed garden,False,2025-09-29 23:33:11,2025-12-24 02:46:12
1123,391,EaklEt,https://opswise.net/tidy/garden/1123,Launch deck journey,False,2025-05-18 14:30:12,2026-01-02 12:01:17
1124,379,CglAIt,https://acme.dev/mellow/signal/1124,Incident notes island,False,2025-01-25 03:37:37,2025-09-30 08:27:06
1125,77,TAwjYI,https://opswise.net/vivid/signal/1125,Demo link yard,True,2026-01-19 13:45:20,2026-01-23 05:40:02
1126,97,M270Pb,https://opswise.net/cobalt/harvest/1126,Status board quartz,True,2025-06-17 01:04:57,2025-07-05 15:44:22
1127,245,Bko9ua,https://example.com/proud/engine/1127,Roadmap update garden,True,2026-01-12 21:15:26,2026-01-28 18:01:35
1128,235,m0Zn3w,https://relay.cloud/keen/field/1128,Campaign page meadow,True,2026-02-18 17:55:57,2026-02-18 19:21:07
1129,291,9qFSOC,https://seeded.app/ember/kernel/1129,Roadmap update journey,True,2025-02-26 00:26:19,2025-03-05 22:23:19
1130,110,y5dSjd,https://relay.cloud/tidy/signal/1130,Service guide field,True,2025-09-25 03:05:47,2026-01-17 13:19:23
1131,161,1eKjks,https://example.com/ember/engine/1131,Demo link uplink,True,2025-02-12 10:54:12,2025-04-15 19:28:54
1132,156,L22Ohm,https://seeded.app/clear/quartz/1132,Demo link engine,True,2025-06-15 16:09:15,2025-07-16 22:58:41
1133,134,f3DQgL,https://relay.cloud/ember/anchor/1133,Alert feed anchor,True,2025-11-26 04:15:04,2025-12-08 03:57:26
1134,328,BHfM4a,https://acme.dev/navy/harvest/1134,Status board canyon,True,2025-09-11 02:22:42,2025-10-29 09:48:37
1135,17,tJuIkN,https://seeded.app/proud/river/1135,Launch deck pioneer,False,2025-07-31 22:22:36,2025-08-07 04:26:44
1136,97,kpHHiV,https://seeded.app/warm/anchor/1136,Campaign page orbit,True,2026-01-14 02:50:56,2026-01-21 19:58:52
1137,349,pwDYGU,https://example.com/dawn/island/1137,Service guide kernel,False,2025-07-15 22:59:07,2026-01-23 21:35:02
1138,208,FOL0cV,https://seeded.app/ivory/zenith/1138,Incident notes anchor,True,2026-01-03 06:58:43,2026-02-17 01:43:48
1139,37,W499qD,https://hackstack.io/silver/signal/1139,Alert feed kernel,True,2025-03-30 07:41:00,2025-10-30 16:17:58
1140,101,PWlNWS,https://example.com/lively/garden/1140,Service guide uplink,True,2025-01-04 14:05:53,2025-04-25 04:57:38
1141,81,6RVqQQ,https://relay.cloud/silver/window/1141,Service guide island,True,2025-10-08 16:51:51,2025-11-15 13:12:03
1142,320,Cb3EBH,https://relay.cloud/young/signal/1142,Quarterly brief trail,True,2025-08-13 14:04:55,2026-02-20 19:50:30
1143,158,5hidSD,https://example.com/brisk/uplink/1143,Alert feed lagoon,True,2026-01-23 14:08:43,2026-02-03 04:40:47
1144,220,bU6qLn,https://seeded.app/navy/harvest/1144,Service guide network,True,2025-02-21 09:50:00,2025-12-05 10:59:22
1145,336,A7xD38,https://seeded.app/mellow/beacon/1145,Roadmap update garden,False,2025-10-30 23:56:36,2025-12-04 03:53:22
1146,312,sr0EFg,https://example.com/brisk/network/1146,Quarterly brief anchor,True,2025-10-03 06:56:43,2026-01-21 03:56:52
1147,351,EEfcg6,https://acme.dev/calm/window/1147,Service guide zenith,True,2025-10-27 15:12:16,2026-01-27 20:05:59
1148,54,MTi34T,https://acme.dev/ember/pioneer/1148,Campaign page window,True,2025-03-28 20:08:55,2025-04-23 19:16:52
1149,258,bvQEHC,https://seeded.app/keen/network/1149,Roadmap update engine,True,2025-04-07 02:14:50,2025-12-24 12:15:47
1150,357,OU13tY,https://seeded.app/warm/river/1150,Launch deck orbit,True,2025-08-29 22:49:47,2025-10-06 17:33:24
1151,180,EgArFg,https://example.com/young/garden/1151,Status board pioneer,True,2025-06-14 23:13:32,2025-07-21 14:03:15
1152,116,4Zf4Zf,https://opswise.net/calm/anchor/1152,Roadmap update window,False,2025-10-30 16:45:50,2026-02-14 11:28:48
1153,86,fNxX9g,https://hackstack.io/keen/field/1153,Service guide garden,True,2025-05-27 14:39:26,2025-08-24 18:36:29
1154,188,ZmDOmU,https://seeded.app/mellow/harvest/1154,Incident notes quartz,True,2025-01-10 16:18:21,2025-05-21 13:41:05
1155,229,ETpZTb,https://example.com/tidy/pioneer/1155,Service guide beacon,True,2025-10-21 13:51:44,2025-12-11 17:30:05
1156,115,l2vbnw,https://example.com/brisk/zenith/1156,Roadmap update uplink,True,2025-05-16 23:28:33,2025-11-15 21:29:06
1157,18,3mzCYW,https://example.com/quiet/quartz/1157,Alert feed engine,True,2025-12-23 14:22:53,2026-02-10 01:10:47
1158,323,u5qqeD,https://hackstack.io/young/harvest/1158,Alert feed orbit,True,2025-05-03 05:37:38,2025-06-26 02:53:32
1159,192,DeeNfj,https://hackstack.io/young/harvest/1159,Campaign page field,True,2026-02-12 09:38:33,2026-02-13 14:41:08
1160,273,PF5JQN,https://opswise.net/young/delta/1160,Service guide network,False,2026-02-17 18:34:24,2026-02-18 08:45:23
1161,286,IW2Qcs,https://opswise.net/calm/delta/1161,Quarterly brief meadow,True,2025-12-26 03:29:30,2026-02-02 10:09:50
1162,172,n5Hm0l,https://relay.cloud/proud/beacon/1162,Campaign page harvest,False,2025-09-14 08:43:56,2025-09-27 14:58:05
1163,279,2gjpGV,https://relay.cloud/navy/orbit/1163,Status board valley,True,2025-10-12 02:31:29,2025-12-05 04:10:49
1164,5,swv5Gr,https://example.com/brisk/river/1164,Service guide anchor,True,2025-05-02 01:30:11,2026-01-03 03:45:03
1165,319,CEp0DE,https://relay.cloud/ember/pioneer/1165,Quarterly brief orbit,False,2026-02-13 08:08:05,2026-02-19 00:15:50
1166,150,1ikvGb,https://hackstack.io/brisk/trail/1166,Alert feed river,True,2025-04-29 01:22:28,2025-06-30 02:14:57
1167,90,ojDZKb,https://relay.cloud/jade/meadow/1167,Roadmap update valley,True,2025-07-19 07:44:01,2026-02-09 02:17:40
1168,303,a2WwWi,https://hackstack.io/clear/kernel/1168,Incident notes zenith,True,2025-10-21 20:20:09,2026-01-26 06:24:22
1169,392,cuIloO,https://example.com/jade/quartz/1169,Demo link valley,True,2025-12-26 22:43:34,2026-01-23 16:14:17
1170,285,bxyRlQ,https://hackstack.io/proud/valley/1170,Incident notes journey,False,2025-05-27 22:05:25,2026-01-16 21:35:54
1171,275,aWeIIO,https://acme.dev/warm/engine/1171,Alert feed island,True,2025-05-10 00:23:37,2025-11-07 03:24:15
1172,96,DmrtQr,https://relay.cloud/mellow/orbit/1172,Incident notes harvest,True,2025-10-20 16:32:49,2026-01-01 14:00:48
1173,25,5vxaiD,https://acme.dev/clear/quartz/1173,Ops review network,True,2025-02-10 01:33:19,2026-02-18 03:26:05
1174,60,I6Jokw,https://hackstack.io/navy/zenith/1174,Demo link yard,True,2025-08-23 03:48:22,2025-12-19 17:10:34
1175,125,LJJt4y,https://seeded.app/warm/kernel/1175,Demo link orbit,True,2025-05-21 07:53:59,2025-08-09 13:12:06
1176,109,vtWezX,https://opswise.net/dawn/valley/1176,Quarterly brief field,True,2025-03-20 18:06:17,2025-04-13 04:32:39
1177,245,LuQyhF,https://seeded.app/keen/island/1177,Ops review zenith,True,2025-11-21 16:44:20,2025-12-19 17:16:50
1178,305,05CvRK,https://opswise.net/mellow/network/1178,Status board engine,True,2025-11-04 01:00:32,2025-12-16 07:59:03
1179,126,N44Ifk,https://seeded.app/warm/kernel/1179,Quarterly brief beacon,True,2026-02-04 22:10:48,2026-02-13 16:01:47
1180,361,OF5LtB,https://seeded.app/silver/trail/1180,Alert feed quartz,True,2025-09-08 19:03:36,2025-09-27 18:47:06
1181,134,4TlXJf,https://acme.dev/forest/meadow/1181,Service guide beacon,True,2025-12-16 02:28:03,2026-01-31 11:05:05
1182,390,8uM4y7,https://opswise.net/forest/pioneer/1182,Status board yard,True,2026-01-22 21:58:20,2026-01-27 12:02:14
1183,165,ELAKdb,https://opswise.net/navy/journey/1183,Service guide canyon,False,2025-01-11 21:37:10,2025-03-11 18:51:54
1184,226,TYWHOL,https://seeded.app/jade/network/1184,Campaign page orbit,True,2025-06-23 09:03:22,2025-09-19 11:50:14
1185,320,tDM2nG,https://relay.cloud/navy/garden/1185,Alert feed window,True,2025-01-01 08:52:11,2025-11-14 09:11:40
1186,151,gtEXhY,https://hackstack.io/clear/river/1186,Quarterly brief river,True,2025-08-30 05:09:57,2026-02-18 22:23:01
1187,388,MMCp2n,https://example.com/forest/orbit/1187,Alert feed island,True,2025-06-01 17:32:13,2025-10-29 09:19:57
1188,357,k1B2oG,https://hackstack.io/opal/harvest/1188,Status board anchor,True,2025-03-23 01:22:18,2025-08-31 21:16:35
1189,29,K8nYCG,https://seeded.app/proud/harvest/1189,Incident notes signal,True,2025-08-19 20:19:29,2025-11-24 04:47:27
1190,145,EUwO7G,https://relay.cloud/proud/uplink/1190,Ops review delta,True,2025-12-26 01:53:44,2026-02-12 22:20:53
1191,134,vudoy9,https://relay.cloud/tidy/network/1191,Quarterly brief kernel,False,2025-07-07 00:45:02,2025-08-29 04:01:05
1192,388,ctxcEE,https://seeded.app/amber/signal/1192,Demo link lagoon,True,2025-06-20 05:02:50,2025-12-30 19:07:14
1193,39,hNnlxE,https://relay.cloud/warm/river/1193,Alert feed lagoon,False,2025-03-30 12:36:34,2025-08-07 18:15:19
1194,182,WtizFT,https://example.com/amber/window/1194,Roadmap update meadow,True,2025-11-17 04:07:43,2026-01-14 03:32:25
1195,234,wcrbDO,https://opswise.net/young/field/1195,Incident notes garden,True,2026-02-05 18:58:51,2026-02-18 12:39:20
1196,76,Mgapbt,https://relay.cloud/opal/journey/1196,Quarterly brief canyon,True,2025-10-23 02:52:20,2025-12-22 01:54:39
1197,336,yIb9KZ,https://hackstack.io/vivid/anchor/1197,Quarterly brief anchor,True,2025-09-24 14:27:21,2025-10-12 02:42:36
1198,36,JlkUQr,https://relay.cloud/dawn/beacon/1198,Service guide quartz,True,2025-06-12 22:13:44,2025-07-13 09:00:28
1199,72,OMB4VW,https://relay.cloud/ember/island/1199,Roadmap update pioneer,True,2025-08-19 16:09:48,2025-08-27 05:03:22
1200,156,3bJfJx,https://opswise.net/gold/kernel/1200,Quarterly brief beacon,True,2025-05-25 19:39:54,2025-08-20 18:56:28
1201,101,5cyICs,https://seeded.app/harbor/canyon/1201,Campaign page quartz,False,2025-10-10 17:09:57,2025-10-19 20:18:53
1202,72,zbF0k7,https://seeded.app/ivory/island/1202,Campaign page canyon,True,2025-09-21 17:36:52,2025-09-24 01:22:10
1203,13,gkj2gH,https://hackstack.io/forest/trail/1203,Service guide pioneer,False,2025-11-27 10:19:01,2026-02-06 03:48:46
1204,334,mrWqJJ,https://seeded.app/rapid/delta/1204,Incident notes zenith,False,2025-12-13 23:39:14,2025-12-21 08:56:15
1205,228,R8BK7x,https://seeded.app/proud/valley/1205,Service guide journey,True,2025-02-10 22:56:41,2025-07-28 13:18:03
1206,137,UwmFQr,https://acme.dev/navy/beacon/1206,Demo link harvest,True,2025-12-30 01:34:12,2026-02-03 18:43:16
1207,220,amwTOt,https://seeded.app/cobalt/signal/1207,Campaign page yard,True,2025-02-10 05:08:59,2026-02-18 01:57:59
1208,133,kSLvZH,https://example.com/tidy/garden/1208,Launch deck canyon,True,2025-09-26 08:23:43,2025-12-29 03:09:35
1209,230,tXAp6W,https://opswise.net/mellow/garden/1209,Incident notes engine,True,2025-06-26 09:11:37,2025-09-21 14:25:25
1210,274,0MCfV3,https://hackstack.io/amber/uplink/1210,Demo link field,True,2026-02-07 00:45:14,2026-02-11 10:42:29
1211,58,oABGua,https://hackstack.io/silver/pioneer/1211,Quarterly brief uplink,True,2025-04-30 10:56:36,2025-12-13 17:42:32
1212,191,0sGvFj,https://seeded.app/rapid/network/1212,Roadmap update garden,True,2025-07-14 14:05:04,2025-08-24 07:56:56
1213,113,Sm50hC,https://acme.dev/clear/uplink/1213,Campaign page window,True,2025-10-17 13:28:39,2026-02-12 13:20:54
1214,331,W1t15O,https://example.com/gold/valley/1214,Alert feed garden,True,2025-04-05 00:44:27,2025-08-03 02:20:41
1215,217,QNJlQw,https://relay.cloud/brisk/beacon/1215,Demo link uplink,True,2025-09-25 09:10:57,2025-10-24 04:02:12
1216,130,spEjOB,https://relay.cloud/urban/delta/1216,Demo link meadow,True,2025-12-09 16:52:24,2026-02-10 11:01:33
1217,225,hPVZM0,https://example.com/harbor/zenith/1217,Status board engine,True,2026-01-16 21:42:44,2026-02-12 03:43:51
1218,379,o4bF3q,https://seeded.app/silver/network/1218,Incident notes river,True,2025-08-20 09:53:42,2025-08-21 09:35:04
1219,136,6rkyB5,https://relay.cloud/lively/valley/1219,Launch deck network,True,2025-12-17 14:05:48,2026-01-25 14:34:57
1220,242,Pymyuy,https://seeded.app/ivory/network/1220,Launch deck engine,True,2025-09-19 15:21:44,2025-12-29 16:21:32
1221,294,GNztBR,https://opswise.net/cobalt/pioneer/1221,Ops review beacon,False,2025-09-30 21:15:14,2025-10-31 19:43:26
1222,365,osbyPi,https://relay.cloud/ivory/anchor/1222,Status board zenith,True,2025-03-17 04:20:21,2025-08-26 14:24:33
1223,353,UX8MOG,https://hackstack.io/clear/meadow/1223,Demo link network,True,2025-04-13 01:17:30,2026-01-03 18:05:43
1224,257,j0Oo79,https://relay.cloud/clear/island/1224,Quarterly brief harvest,False,2025-05-22 23:40:59,2025-09-06 16:02:10
1225,243,Wy4p5L,https://opswise.net/cobalt/valley/1225,Ops review engine,False,2025-10-04 23:53:58,2025-11-17 05:24:50
1226,136,4fXfZB,https://seeded.app/calm/yard/1226,Status board delta,True,2026-02-13 19:41:59,2026-02-18 12:40:48
1227,17,mH6gh4,https://example.com/warm/orbit/1227,Demo link harvest,False,2025-02-18 05:34:39,2025-07-26 03:39:52
1228,181,ZdRCAP,https://hackstack.io/dawn/pioneer/1228,Ops review uplink,True,2025-11-15 19:09:15,2026-01-11 20:13:16
1229,263,7kh9TI,https://hackstack.io/ivory/uplink/1229,Status board beacon,True,2025-01-05 15:14:48,2025-05-24 18:58:24
1230,285,DTRtFT,https://relay.cloud/amber/delta/1230,Status board anchor,True,2025-10-27 18:15:35,2025-11-11 07:05:48
1231,213,7e11HN,https://seeded.app/quiet/engine/1231,Demo link engine,False,2025-01-07 18:19:58,2025-12-16 12:38:11
1232,367,3Mqdqo,https://relay.cloud/opal/orbit/1232,Demo link zenith,True,2025-03-03 09:42:33,2025-09-25 14:02:07
1233,222,XBcKLr,https://seeded.app/amber/river/1233,Demo link anchor,True,2025-01-21 09:41:08,2026-02-18 12:22:07
1234,306,xqW9j7,https://opswise.net/rapid/uplink/1234,Ops review garden,False,2026-02-06 14:25:13,2026-02-14 09:12:31
1235,319,ImGbYv,https://seeded.app/jade/canyon/1235,Launch deck harvest,True,2025-09-19 15:10:54,2025-10-17 18:31:48
1236,120,i51g3R,https://acme.dev/opal/pioneer/1236,Ops review river,True,2025-08-13 19:12:27,2025-12-01 19:05:02
1237,99,lx5lEi,https://opswise.net/mellow/lagoon/1237,Service guide orbit,True,2025-08-22 11:14:32,2026-01-01 21:27:58
1238,385,RvTS9m,https://example.com/amber/journey/1238,Status board engine,True,2025-05-29 19:36:15,2025-07-26 14:17:30
1239,11,ECfQF9,https://acme.dev/warm/island/1239,Incident notes window,True,2025-10-27 05:05:58,2025-11-11 19:50:51
1240,262,FS9ksU,https://seeded.app/dawn/lagoon/1240,Ops review zenith,True,2026-02-18 17:19:00,2026-02-19 22:25:11
1241,312,DRuL02,https://hackstack.io/cobalt/field/1241,Alert feed garden,False,2025-12-12 19:35:47,2025-12-28 00:17:57
1242,248,4AFBOL,https://opswise.net/harbor/zenith/1242,Roadmap update engine,True,2025-10-23 09:54:38,2025-12-30 08:03:37
1243,25,pUML1G,https://example.com/young/quartz/1243,Ops review trail,True,2025-07-25 02:58:32,2025-09-12 19:11:16
1244,374,SYTvav,https://opswise.net/ivory/canyon/1244,Ops review beacon,True,2025-05-28 17:05:32,2025-08-09 20:59:30
1245,1,IJf34N,https://hackstack.io/keen/uplink/1245,Incident notes signal,True,2025-05-26 12:59:48,2025-10-06 01:37:29
1246,289,YLh5NX,https://relay.cloud/dawn/zenith/1246,Alert feed delta,True,2025-02-10 13:23:32,2025-08-02 08:31:45
1247,196,ERS8kr,https://relay.cloud/forest/yard/1247,Alert feed network,True,2025-09-14 12:52:35,2025-12-03 09:17:58
1248,72,1tNEop,https://opswise.net/navy/zenith/1248,Roadmap update river,False,2025-09-05 15:03:56,2025-12-17 18:25:30
1249,97,WbTXq4,https://relay.cloud/warm/network/1249,Roadmap update zenith,True,2025-10-04 08:22:33,2025-11-22 01:07:50
1250,232,1q2d46,https://hackstack.io/navy/meadow/1250,Launch deck garden,True,2025-04-19 08:29:15,2025-10-28 05:13:56
1251,7,BVMFmK,https://relay.cloud/forest/beacon/1251,Status board quartz,True,2025-02-16 00:27:30,2025-11-17 04:53:31
1252,2,xLM9hk,https://opswise.net/clear/journey/1252,Service guide field,True,2025-10-24 19:28:59,2026-02-01 04:22:18
1253,105,10fflv,https://seeded.app/rapid/kernel/1253,Status board canyon,True,2025-08-26 04:00:41,2025-10-17 03:50:39
1254,7,7mMieL,https://acme.dev/amber/engine/1254,Service guide anchor,True,2025-12-17 10:42:26,2026-02-02 08:11:39
1255,314,TYFHFJ,https://opswise.net/brisk/signal/1255,Quarterly brief beacon,True,2026-01-26 08:37:34,2026-02-10 02:04:55
1256,55,boWMc9,https://hackstack.io/vivid/beacon/1256,Campaign page signal,True,2025-07-24 06:12:17,2025-07-28 15:49:26
1257,364,7ghRdi,https://opswise.net/brisk/orbit/1257,Service guide uplink,True,2025-11-02 05:59:58,2026-01-08 03:21:46
1258,186,LN0ObM,https://relay.cloud/opal/garden/1258,Incident notes orbit,True,2025-06-20 07:34:55,2025-11-14 13:49:20
1259,10,A8ekUz,https://seeded.app/young/network/1259,Quarterly brief valley,True,2025-10-14 21:39:30,2025-11-09 02:52:00
1260,302,yxVcDg,https://relay.cloud/ember/valley/1260,Alert feed zenith,True,2026-01-26 23:42:55,2026-02-09 12:49:13
1261,258,7zYr6J,https://example.com/mellow/signal/1261,Ops review uplink,True,2025-08-04 15:03:47,2025-09-01 15:44:52
1262,151,OJI0CO,https://relay.cloud/amber/uplink/1262,Campaign page beacon,True,2025-11-16 05:21:40,2026-01-04 02:32:22
1263,26,flrhHu,https://opswise.net/keen/zenith/1263,Campaign page quartz,True,2025-01-25 08:53:01,2025-06-28 02:46:22
1264,366,NyE8S0,https://opswise.net/lively/meadow/1264,Demo link signal,True,2025-07-28 14:25:23,2025-10-14 20:42:07
1265,94,86CbgG,https://seeded.app/jade/zenith/1265,Status board quartz,True,2025-12-28 23:02:09,2026-02-10 07:12:05
1266,79,yESFXW,https://opswise.net/clear/zenith/1266,Service guide engine,False,2025-01-06 18:29:35,2025-04-21 05:24:36
1267,8,lOnxSr,https://opswise.net/navy/field/1267,Demo link network,True,2025-12-18 00:10:57,2026-01-15 08:57:15
1268,354,wYF7Hk,https://acme.dev/rapid/kernel/1268,Service guide delta,True,2025-10-30 15:11:07,2026-01-09 16:29:00
1269,323,9sFwBl,https://acme.dev/amber/river/1269,Incident notes beacon,True,2025-05-24 21:59:53,2025-07-12 16:05:18
1270,285,JXNP4q,https://seeded.app/brisk/zenith/1270,Campaign page garden,False,2025-08-22 22:23:41,2025-10-31 06:01:03
1271,146,72IV9d,https://seeded.app/tidy/uplink/1271,Incident notes orbit,True,2025-05-02 10:26:35,2025-12-10 14:26:56
1272,252,f6fIJR,https://acme.dev/urban/garden/1272,Ops review pioneer,True,2025-12-01 00:37:56,2026-02-19 15:05:25
1273,233,DeuNV8,https://opswise.net/mellow/signal/1273,Launch deck window,True,2025-01-29 22:33:18,2025-08-14 15:39:53
1274,207,8fQyFO,https://example.com/vivid/delta/1274,Alert feed valley,True,2025-08-31 17:54:00,2026-02-17 10:11:32
1275,44,1iA0Fv,https://acme.dev/harbor/valley/1275,Alert feed quartz,True,2026-02-17 20:18:16,2026-02-19 16:07:05
1276,59,QscliT,https://seeded.app/cobalt/network/1276,Roadmap update journey,True,2025-08-31 03:06:03,2025-11-30 19:08:28
1277,277,hE0aGW,https://example.com/keen/window/1277,Quarterly brief lagoon,False,2025-03-13 11:59:52,2025-10-22 20:48:59
1278,63,cEWh1j,https://relay.cloud/ember/anchor/1278,Service guide pioneer,True,2025-01-13 04:42:41,2025-04-26 05:02:02
1279,394,NOnP9d,https://acme.dev/dawn/garden/1279,Launch deck valley,True,2025-08-05 09:00:27,2025-08-06 12:02:00
1280,300,XN5sQo,https://hackstack.io/gold/orbit/1280,Ops review journey,True,2025-07-08 04:48:18,2025-12-10 12:56:32
1281,157,7uopw3,https://acme.dev/urban/network/1281,Service guide window,False,2025-12-31 06:30:34,2026-01-06 11:23:38
1282,267,5qKzMc,https://seeded.app/keen/river/1282,Campaign page orbit,True,2025-11-06 18:46:17,2026-01-31 08:39:33
1283,384,bVnlG8,https://hackstack.io/forest/pioneer/1283,Demo link valley,True,2025-05-21 10:50:05,2025-11-05 07:58:00
1284,277,dBwCeE,https://opswise.net/jade/island/1284,Campaign page network,True,2025-06-17 06:49:33,2025-09-20 04:01:57
1285,88,5ZcmNj,https://hackstack.io/cobalt/network/1285,Demo link beacon,False,2025-07-14 13:50:26,2025-12-27 07:29:32
1286,241,X7zlMA,https://hackstack.io/cobalt/canyon/1286,Status board zenith,True,2025-08-02 18:24:36,2025-11-26 09:21:59
1287,54,fKALJ6,https://example.com/cobalt/window/1287,Demo link yard,True,2025-05-15 07:31:07,2025-09-29 13:19:52
1288,156,vf1Xa1,https://opswise.net/gold/canyon/1288,Ops review meadow,True,2025-12-18 12:07:43,2026-02-10 12:55:39
1289,356,Rwd5Il,https://seeded.app/calm/trail/1289,Launch deck network,True,2025-01-03 22:40:01,2025-04-11 09:48:40
1290,124,NRCe2S,https://hackstack.io/ivory/harvest/1290,Incident notes river,True,2025-01-07 07:55:56,2025-06-04 03:58:13
1291,237,1vowua,https://acme.dev/ember/delta/1291,Campaign page network,True,2025-03-14 12:44:30,2025-06-22 12:58:52
1292,158,x9kVsy,https://opswise.net/ivory/window/1292,Quarterly brief meadow,True,2025-01-04 16:56:59,2026-02-17 00:15:24
1293,232,hWkLxD,https://opswise.net/rapid/canyon/1293,Roadmap update signal,True,2025-02-16 10:08:23,2025-11-17 12:33:36
1294,236,4RGnea,https://hackstack.io/proud/uplink/1294,Campaign page meadow,False,2025-08-18 04:18:36,2026-01-23 07:16:09
1295,125,03KJ1g,https://opswise.net/rapid/lagoon/1295,Quarterly brief window,False,2025-05-04 09:45:11,2025-10-15 10:29:32
1296,96,dPCJs1,https://example.com/brisk/zenith/1296,Alert feed lagoon,True,2025-05-18 12:33:39,2026-01-23 13:55:12
1297,219,VAz18R,https://example.com/opal/pioneer/1297,Service guide delta,True,2025-08-21 19:14:42,2025-12-08 22:27:25
1298,229,OnfnGx,https://acme.dev/clear/lagoon/1298,Quarterly brief kernel,False,2025-07-29 01:36:07,2026-02-07 12:19:01
1299,229,Y5ap54,https://hackstack.io/calm/kernel/1299,Demo link orbit,True,2025-06-18 06:31:47,2025-08-09 18:23:05
1300,333,Ak5SzG,https://example.com/tidy/yard/1300,Status board kernel,True,2025-04-23 01:29:03,2025-05-15 23:38:48
1301,350,hbUlBJ,https://example.com/ivory/journey/1301,Ops review zenith,True,2025-12-16 08:02:47,2026-02-14 17:51:52
1302,222,fq8m0M,https://hackstack.io/rapid/zenith/1302,Launch deck island,True,2026-01-03 11:23:15,2026-01-07 11:55:13
1303,355,UUIpaB,https://acme.dev/ember/orbit/1303,Launch deck yard,True,2025-04-21 07:30:31,2025-11-29 07:33:27
1304,159,e1AQ8P,https://hackstack.io/urban/yard/1304,Roadmap update uplink,True,2025-11-26 21:58:04,2026-01-08 04:47:30
1305,132,7ObaWW,https://hackstack.io/forest/lagoon/1305,Launch deck orbit,True,2025-11-28 00:47:04,2025-12-23 23:18:15
1306,140,CL2xM9,https://relay.cloud/quiet/anchor/1306,Alert feed harvest,True,2025-11-02 23:43:52,2025-11-08 03:40:38
1307,345,Dep6Qd,https://opswise.net/brisk/trail/1307,Service guide pioneer,True,2026-01-21 12:38:54,2026-02-08 13:07:30
1308,49,3P4zsW,https://acme.dev/dawn/valley/1308,Quarterly brief signal,True,2026-01-28 22:14:06,2026-02-07 17:54:30
1309,261,VSb2LV,https://hackstack.io/forest/delta/1309,Ops review river,True,2025-09-24 22:20:30,2025-10-04 07:14:59
1310,184,fCVcST,https://example.com/mellow/trail/1310,Quarterly brief yard,True,2025-01-06 09:06:08,2025-09-09 12:35:42
1311,69,gZKc9m,https://example.com/opal/yard/1311,Demo link island,True,2025-11-09 21:36:45,2025-11-28 20:50:23
1312,157,73Bwiu,https://example.com/vivid/pioneer/1312,Alert feed canyon,False,2025-08-08 03:50:15,2026-02-07 06:29:05
1313,323,aTgZTm,https://hackstack.io/brisk/island/1313,Demo link uplink,True,2025-03-01 12:12:56,2025-03-31 12:58:14
1314,154,bdN5gn,https://opswise.net/rapid/delta/1314,Roadmap update river,True,2026-02-04 00:28:03,2026-02-18 12:26:28
1315,297,vnT7YD,https://opswise.net/opal/uplink/1315,Quarterly brief zenith,True,2025-08-03 09:18:52,2025-12-08 20:28:55
1316,205,35pqXk,https://seeded.app/gold/kernel/1316,Roadmap update journey,True,2025-09-18 11:56:36,2026-01-30 14:52:23
1317,36,NSdqJJ,https://hackstack.io/forest/window/1317,Ops review engine,True,2025-07-02 07:48:08,2025-09-25 20:44:09
1318,214,aLDvM0,https://example.com/cobalt/field/1318,Demo link engine,True,2025-05-16 15:31:18,2025-06-23 15:39:45
1319,193,Mcvja0,https://seeded.app/cobalt/garden/1319,Launch deck garden,True,2025-02-01 00:20:30,2025-02-13 22:02:16
1320,250,jsCKFy,https://acme.dev/ember/kernel/1320,Status board trail,False,2025-02-06 08:19:24,2025-10-01 04:18:10
1321,148,00VKwj,https://hackstack.io/amber/valley/1321,Ops review kernel,True,2025-01-02 17:19:40,2025-02-24 06:35:19
1322,153,zWeNul,https://example.com/ember/anchor/1322,Service guide uplink,True,2025-01-01 23:13:16,2025-06-18 03:18:05
1323,369,dDyxIq,https://acme.dev/brisk/kernel/1323,Demo link quartz,True,2025-04-29 02:32:21,2025-11-12 23:32:42
1324,53,Svcuvc,https://example.com/lively/kernel/1324,Quarterly brief window,False,2025-12-16 07:41:23,2026-01-06 07:39:10
1325,25,VLbMBI,https://example.com/keen/delta/1325,Service guide field,True,2025-04-15 21:00:32,2025-07-03 00:08:23
1326,330,BFJ0Wn,https://relay.cloud/mellow/harvest/1326,Campaign page engine,True,2025-06-04 07:17:14,2025-07-16 02:25:33
1327,198,P1U6Jl,https://seeded.app/harbor/pioneer/1327,Alert feed harvest,True,2025-03-26 15:07:33,2025-11-19 23:48:12
1328,143,TlxJ2e,https://hackstack.io/quiet/meadow/1328,Roadmap update delta,False,2025-04-19 05:03:25,2025-04-24 11:28:36
1329,194,6SnYMi,https://acme.dev/lively/signal/1329,Roadmap update delta,True,2025-10-11 18:48:14,2025-12-08 02:38:03
1330,334,0end1K,https://relay.cloud/harbor/lagoon/1330,Status board lagoon,True,2025-05-15 02:15:57,2025-07-13 03:47:44
1331,291,PA7KNq,https://seeded.app/forest/harvest/1331,Service guide window,True,2025-09-11 10:56:52,2025-09-20 14:34:20
1332,304,AO4ziD,https://hackstack.io/dawn/harvest/1332,Campaign page canyon,False,2025-11-16 07:46:12,2025-11-20 21:32:35
1333,57,hzYB68,https://opswise.net/navy/zenith/1333,Ops review island,True,2025-08-01 08:08:01,2025-09-27 12:23:52
1334,348,bVQUWu,https://acme.dev/forest/orbit/1334,Alert feed trail,False,2025-09-03 03:48:16,2025-11-05 11:24:04
1335,4,AfGSYX,https://relay.cloud/forest/beacon/1335,Ops review signal,True,2026-01-04 03:13:12,2026-01-23 21:07:10
1336,64,fcd4dr,https://opswise.net/gold/beacon/1336,Launch deck yard,True,2025-10-22 08:39:31,2025-12-11 05:10:41
1337,312,46bsjK,https://relay.cloud/harbor/canyon/1337,Roadmap update beacon,True,2025-01-23 02:24:07,2025-11-27 22:17:45
1338,166,mJel99,https://example.com/clear/network/1338,Demo link network,True,2026-01-01 22:08:38,2026-01-25 02:52:40
1339,72,f32e6T,https://seeded.app/forest/anchor/1339,Status board quartz,True,2025-09-09 02:53:23,2026-01-20 21:32:03
1340,231,bWgtXB,https://acme.dev/silver/garden/1340,Alert feed quartz,True,2025-04-21 17:30:47,2025-09-02 06:14:15
1341,293,VNoJN8,https://relay.cloud/forest/anchor/1341,Quarterly brief garden,True,2025-01-08 06:46:08,2025-12-12 22:05:54
1342,374,QPHhYS,https://hackstack.io/lively/canyon/1342,Demo link kernel,True,2025-08-16 09:38:16,2025-11-07 00:22:38
1343,344,MJ0q8z,https://opswise.net/navy/uplink/1343,Launch deck delta,False,2026-01-20 16:02:11,2026-02-20 00:02:54
1344,129,iLw8GB,https://acme.dev/vivid/yard/1344,Alert feed meadow,True,2025-05-07 05:37:53,2025-09-29 22:17:24
1345,332,czxAYl,https://relay.cloud/gold/network/1345,Launch deck zenith,False,2025-11-18 14:07:39,2026-02-04 02:57:12
1346,311,T67uSj,https://seeded.app/opal/beacon/1346,Alert feed kernel,True,2025-08-11 23:00:50,2025-08-26 10:58:49
1347,78,qS2pG2,https://example.com/mellow/island/1347,Service guide pioneer,True,2025-02-26 18:20:54,2025-05-19 00:44:05
1348,378,l4X5AC,https://example.com/tidy/lagoon/1348,Campaign page island,True,2026-01-15 16:42:26,2026-02-19 11:02:27
1349,89,9U9SsR,https://opswise.net/opal/journey/1349,Roadmap update quartz,True,2025-01-28 19:03:42,2025-05-29 05:18:01
1350,158,Eet7D3,https://acme.dev/vivid/river/1350,Quarterly brief journey,True,2025-07-13 12:00:27,2025-09-27 19:37:37
1351,250,Iubjkd,https://relay.cloud/forest/yard/1351,Alert feed uplink,True,2025-06-06 09:09:57,2025-12-17 17:02:43
1352,253,y0dNHK,https://hackstack.io/gold/valley/1352,Roadmap update delta,True,2025-04-01 06:06:34,2025-10-16 07:05:26
1353,363,zMr4Ax,https://opswise.net/jade/uplink/1353,Quarterly brief island,True,2025-03-21 05:56:20,2025-11-03 14:42:02
1354,184,P9h69s,https://relay.cloud/calm/zenith/1354,Launch deck pioneer,False,2025-02-13 11:49:28,2025-03-06 04:55:21
1355,208,Z7V3XZ,https://relay.cloud/opal/quartz/1355,Service guide valley,False,2025-06-25 05:48:00,2025-07-08 09:47:13
1356,102,OyoCaT,https://seeded.app/rapid/canyon/1356,Alert feed network,True,2025-07-01 02:58:38,2025-09-29 02:18:53
1357,304,kYJeP2,https://hackstack.io/vivid/yard/1357,Launch deck kernel,True,2025-05-07 10:31:39,2026-02-08 17:52:23
1358,217,5Apjqo,https://opswise.net/gold/river/1358,Status board canyon,True,2025-09-01 06:41:06,2026-01-05 07:49:26
1359,17,E2LaSg,https://relay.cloud/vivid/pioneer/1359,Campaign page canyon,True,2026-01-06 00:13:11,2026-01-16 03:37:23
1360,289,q32HCv,https://acme.dev/rapid/trail/1360,Service guide zenith,True,2025-04-15 09:15:38,2025-05-06 03:15:39
1361,225,LQerjk,https://opswise.net/proud/trail/1361,Service guide island,False,2025-07-22 11:27:02,2026-01-21 19:13:41
1362,186,s0qKXZ,https://acme.dev/vivid/river/1362,Demo link pioneer,True,2025-03-23 18:31:54,2025-05-14 04:14:12
1363,347,EbXIu1,https://opswise.net/navy/island/1363,Roadmap update network,True,2025-02-17 14:08:21,2025-07-17 02:55:40
1364,84,ogmDcY,https://opswise.net/jade/field/1364,Quarterly brief network,True,2025-02-08 23:17:31,2025-08-22 07:51:26
1365,272,H6KnNq,https://seeded.app/vivid/island/1365,Alert feed delta,True,2025-05-14 23:30:25,2025-09-09 19:26:36
1366,262,PQRRA2,https://hackstack.io/rapid/meadow/1366,Quarterly brief valley,False,2025-08-20 15:38:03,2026-01-14 10:58:14
1367,242,NAXDyS,https://opswise.net/clear/kernel/1367,Quarterly brief journey,True,2025-06-06 04:49:17,2026-02-20 19:29:33
1368,33,MfXTsV,https://relay.cloud/amber/field/1368,Roadmap update field,True,2025-11-16 15:09:19,2026-02-13 21:42:08
1369,51,R9UZUx,https://relay.cloud/harbor/kernel/1369,Launch deck zenith,True,2025-12-19 18:14:57,2026-01-16 20:48:14
1370,325,Wg6mwV,https://relay.cloud/keen/canyon/1370,Campaign page island,True,2025-09-02 13:24:02,2025-09-07 00:36:17
1371,200,rjeT3x,https://relay.cloud/quiet/meadow/1371,Alert feed quartz,False,2026-01-07 10:12:34,2026-01-08 00:02:10
1372,289,S9SN2t,https://hackstack.io/calm/field/1372,Campaign page orbit,True,2025-10-04 03:38:34,2026-01-14 09:58:52
1373,103,t5vhNQ,https://seeded.app/cobalt/garden/1373,Campaign page garden,True,2026-01-17 18:31:14,2026-02-04 12:33:49
1374,174,cCGrxQ,https://example.com/silver/harvest/1374,Alert feed network,True,2025-05-29 13:43:34,2025-12-22 04:43:31
1375,126,jy43v9,https://relay.cloud/vivid/kernel/1375,Service guide quartz,True,2025-05-06 22:41:30,2026-01-11 22:51:53
1376,228,lDzwqr,https://seeded.app/rapid/anchor/1376,Launch deck journey,False,2025-04-05 08:07:35,2025-10-13 21:09:44
1377,85,qg3QUx,https://opswise.net/clear/lagoon/1377,Campaign page trail,True,2025-05-15 10:18:59,2025-11-27 04:49:05
1378,394,kneGt1,https://acme.dev/keen/yard/1378,Demo link uplink,True,2026-01-17 05:49:22,2026-02-09 08:46:11
1379,73,i0AvMU,https://seeded.app/jade/lagoon/1379,Quarterly brief zenith,True,2025-12-13 20:35:24,2026-01-31 17:00:07
1380,364,jAMPZR,https://hackstack.io/gold/island/1380,Alert feed engine,False,2025-08-11 10:25:50,2025-09-27 23:44:28
1381,277,DN3d2o,https://relay.cloud/amber/lagoon/1381,Status board kernel,True,2025-09-22 12:56:40,2025-12-23 00:12:24
1382,23,kjfll6,https://hackstack.io/dawn/beacon/1382,Alert feed valley,True,2025-12-18 16:53:26,2026-02-20 10:46:53
1383,124,roE5iE,https://opswise.net/keen/beacon/1383,Demo link field,True,2025-10-11 11:45:38,2025-11-28 09:26:36
1384,61,0uQJXJ,https://seeded.app/calm/window/1384,Service guide meadow,True,2025-06-09 23:02:01,2025-06-15 08:31:15
1385,269,vrGPzf,https://example.com/quiet/uplink/1385,Alert feed meadow,True,2025-12-12 09:11:02,2025-12-22 22:34:01
1386,104,kRydis,https://opswise.net/jade/window/1386,Campaign page orbit,True,2025-01-11 10:45:56,2025-04-18 17:48:50
1387,239,7avXC1,https://seeded.app/silver/network/1387,Launch deck quartz,True,2025-10-24 16:20:52,2025-11-21 18:40:55
1388,371,buv1JE,https://seeded.app/harbor/harvest/1388,Service guide harvest,False,2025-09-22 14:59:37,2026-01-22 12:18:11
1389,155,qaXVCg,https://relay.cloud/keen/engine/1389,Launch deck zenith,False,2025-03-03 23:10:21,2025-05-19 07:33:39
1390,217,3Kb2d0,https://seeded.app/cobalt/beacon/1390,Status board valley,True,2025-12-29 09:43:12,2026-01-12 00:43:45
1391,253,iq2Z6x,https://hackstack.io/ivory/yard/1391,Campaign page harvest,True,2025-12-11 20:14:18,2026-02-13 18:30:15
1392,351,U8Z5SZ,https://relay.cloud/ember/trail/1392,Quarterly brief meadow,False,2025-11-28 03:50:10,2025-12-08 09:54:01
1393,51,GzhKh9,https://example.com/keen/network/1393,Service guide harvest,True,2025-01-10 02:49:06,2025-04-24 02:29:42
1394,62,yGVynb,https://relay.cloud/navy/beacon/1394,Campaign page harvest,True,2025-01-05 22:12:35,2025-08-25 14:53:19
1395,144,nb2lk1,https://hackstack.io/brisk/valley/1395,Incident notes lagoon,True,2025-06-06 19:51:24,2025-08-12 20:38:57
1396,111,3hFFLJ,https://hackstack.io/cobalt/quartz/1396,Demo link harvest,True,2025-06-05 10:14:30,2025-11-04 09:03:05
1397,110,TdN8ny,https://example.com/keen/engine/1397,Demo link field,True,2025-08-21 00:43:27,2025-09-03 22:04:26
1398,69,dQ0pbS,https://relay.cloud/opal/field/1398,Campaign page beacon,True,2025-09-15 04:43:55,2026-02-07 17:52:24
1399,367,6YjIci,https://relay.cloud/rapid/kernel/1399,Incident notes engine,True,2025-07-30 10:39:17,2026-01-23 05:40:43
1400,216,0TIKCa,https://acme.dev/urban/kernel/1400,Service guide signal,True,2025-08-13 18:10:17,2025-09-02 03:55:23
1401,316,qmt6sw,https://example.com/harbor/quartz/1401,Roadmap update lagoon,True,2025-02-06 15:58:11,2025-05-31 00:48:39
1402,350,uDlyyJ,https://hackstack.io/clear/network/1402,Launch deck uplink,True,2025-02-15 23:09:27,2025-07-21 11:18:59
1403,89,Rly21Q,https://acme.dev/rapid/engine/1403,Service guide journey,True,2025-01-03 14:37:37,2025-08-07 04:40:20
1404,247,hdHmnT,https://seeded.app/gold/field/1404,Service guide kernel,True,2025-12-27 03:05:43,2026-02-15 21:17:48
1405,322,T6JF2k,https://seeded.app/keen/valley/1405,Launch deck kernel,False,2025-12-07 00:14:01,2026-01-17 11:56:30
1406,97,tRmSxD,https://hackstack.io/lively/network/1406,Ops review river,True,2025-11-17 08:43:44,2026-02-09 22:34:57
1407,31,V16tNh,https://example.com/ivory/kernel/1407,Incident notes lagoon,True,2025-05-01 14:19:59,2025-09-22 14:06:31
1408,20,1ciJ2L,https://seeded.app/gold/canyon/1408,Service guide anchor,True,2025-11-25 08:39:53,2026-01-06 14:24:14
1409,213,NG7IEr,https://hackstack.io/ember/engine/1409,Campaign page signal,True,2025-05-23 02:38:30,2026-02-07 20:29:13
1410,388,y0hUUR,https://hackstack.io/tidy/lagoon/1410,Status board island,True,2025-08-28 22:54:15,2025-09-20 23:37:03
1411,245,OWV5JS,https://acme.dev/forest/meadow/1411,Campaign page network,True,2025-01-01 10:04:12,2025-05-08 17:49:14
1412,150,NMPlIF,https://opswise.net/warm/zenith/1412,Campaign page pioneer,True,2025-08-17 15:46:59,2026-02-12 12:47:47
1413,113,fahXbY,https://seeded.app/ember/orbit/1413,Incident notes anchor,True,2026-01-13 05:03:07,2026-01-26 03:01:20
1414,347,7Ws70q,https://relay.cloud/vivid/signal/1414,Demo link uplink,True,2025-12-25 00:10:34,2026-01-30 11:59:30
1415,340,GD3ufs,https://hackstack.io/navy/signal/1415,Status board lagoon,True,2025-04-05 16:33:23,2025-12-05 01:04:19
1416,305,ZaLRLY,https://seeded.app/tidy/river/1416,Roadmap update lagoon,True,2025-06-05 06:14:30,2025-06-15 02:55:09
1417,166,vmzN2a,https://hackstack.io/ember/meadow/1417,Status board valley,True,2025-04-12 15:27:12,2026-01-12 03:35:28
1418,283,0Bvbkm,https://relay.cloud/jade/yard/1418,Service guide island,True,2025-04-30 18:09:29,2025-09-06 12:44:40
1419,362,yqiwLZ,https://acme.dev/navy/valley/1419,Status board lagoon,True,2026-02-20 20:24:26,2026-02-20 22:47:23
1420,20,X9fN18,https://opswise.net/jade/meadow/1420,Status board valley,True,2025-03-20 10:08:25,2026-01-20 00:26:28
1421,199,CqpBCs,https://opswise.net/forest/trail/1421,Launch deck pioneer,True,2025-12-17 05:50:46,2025-12-24 11:21:45
1422,186,Vnj7FA,https://acme.dev/quiet/engine/1422,Alert feed kernel,True,2026-01-24 01:25:02,2026-02-19 08:31:08
1423,95,FogaNt,https://seeded.app/dawn/field/1423,Launch deck pioneer,True,2025-10-15 20:09:03,2025-11-24 13:29:06
1424,44,NvcXRj,https://acme.dev/keen/meadow/1424,Launch deck pioneer,True,2025-01-25 07:57:19,2025-11-08 22:33:25
1425,160,1J4rrd,https://acme.dev/mellow/kernel/1425,Quarterly brief delta,True,2025-12-23 02:18:07,2026-01-11 00:51:01
1426,389,0yxIKu,https://seeded.app/quiet/valley/1426,Incident notes quartz,False,2025-05-08 07:39:32,2025-10-13 13:10:11
1427,252,jCFvtm,https://opswise.net/mellow/canyon/1427,Status board orbit,True,2025-03-18 13:53:27,2025-05-05 18:45:40
1428,396,IKvOWo,https://example.com/jade/garden/1428,Roadmap update network,False,2025-11-28 21:58:54,2026-01-26 17:35:51
1429,85,hAudQg,https://example.com/lively/delta/1429,Service guide island,True,2025-08-16 03:30:04,2025-09-30 19:41:12
1430,194,5fqcEp,https://opswise.net/brisk/engine/1430,Service guide uplink,False,2025-02-15 23:17:47,2025-08-29 21:46:46
1431,207,ZegH0t,https://opswise.net/brisk/quartz/1431,Demo link kernel,True,2025-08-22 11:48:52,2025-10-25 20:09:52
1432,114,uVmffN,https://acme.dev/mellow/river/1432,Demo link meadow,True,2025-05-03 07:55:23,2025-06-21 04:30:55
1433,41,Sj2PIz,https://opswise.net/keen/lagoon/1433,Demo link lagoon,True,2025-10-19 18:01:35,2026-02-10 04:50:14
1434,18,8mWjBw,https://example.com/dawn/island/1434,Launch deck orbit,True,2025-11-13 02:15:10,2025-12-12 18:39:42
1435,178,pTaWUD,https://relay.cloud/dawn/trail/1435,Alert feed uplink,True,2025-09-13 20:21:28,2025-12-03 15:06:26
1436,251,1naXtS,https://opswise.net/ivory/kernel/1436,Demo link uplink,True,2025-08-05 19:33:45,2025-12-17 21:22:58
1437,21,7UWvqQ,https://seeded.app/cobalt/signal/1437,Quarterly brief anchor,True,2025-06-03 13:25:57,2025-09-05 03:25:42
1438,18,0AjtyH,https://seeded.app/ember/journey/1438,Service guide trail,True,2025-04-15 11:20:18,2026-01-10 06:48:57
1439,293,z9jxhV,https://opswise.net/calm/canyon/1439,Service guide garden,True,2025-10-23 13:32:23,2025-12-08 09:45:39
1440,222,X6sABn,https://opswise.net/amber/island/1440,Incident notes trail,True,2025-03-24 17:58:37,2025-10-09 13:12:31
1441,130,kuYcIy,https://seeded.app/young/engine/1441,Roadmap update trail,True,2026-02-17 16:52:00,2026-02-18 07:29:21
1442,247,5gpNDz,https://example.com/brisk/kernel/1442,Campaign page delta,False,2025-01-09 14:13:23,2025-09-15 19:35:38
1443,252,aSf5hA,https://opswise.net/lively/yard/1443,Launch deck zenith,True,2025-04-24 16:41:41,2025-09-04 19:37:17
1444,17,RBKiUT,https://example.com/amber/anchor/1444,Service guide river,True,2025-04-15 22:31:32,2025-06-11 15:24:27
1445,52,KWfmDf,https://example.com/proud/beacon/1445,Alert feed yard,True,2025-08-18 20:43:47,2026-01-16 03:11:55
1446,334,a3DeeP,https://hackstack.io/keen/signal/1446,Service guide beacon,True,2025-11-26 07:42:24,2025-12-07 05:28:21
1447,209,8d1DXM,https://seeded.app/cobalt/orbit/1447,Quarterly brief network,True,2025-04-13 12:14:54,2025-06-24 00:13:35
1448,305,AxtaFZ,https://example.com/vivid/window/1448,Campaign page lagoon,True,2025-03-16 19:43:13,2025-07-11 20:02:15
1449,124,HbKuDB,https://hackstack.io/ember/signal/1449,Incident notes kernel,True,2025-08-08 18:18:38,2025-11-22 10:33:42
1450,123,hRnvgZ,https://hackstack.io/mellow/yard/1450,Demo link yard,True,2026-01-21 15:46:47,2026-01-25 03:07:07
1451,374,CToVOD,https://seeded.app/keen/field/1451,Alert feed signal,True,2026-02-17 06:03:44,2026-02-19 15:16:41
1452,15,fYmsAJ,https://example.com/young/delta/1452,Incident notes kernel,True,2025-05-15 01:27:59,2025-11-10 17:47:02
1453,372,XnKVqb,https://hackstack.io/jade/yard/1453,Campaign page delta,True,2026-02-09 05:39:50,2026-02-17 16:22:49
1454,139,6S9UX1,https://opswise.net/calm/harvest/1454,Demo link harvest,True,2025-06-24 02:54:42,2025-11-06 05:56:13
1455,290,4V2x0N,https://hackstack.io/navy/journey/1455,Quarterly brief journey,True,2025-11-05 03:27:18,2026-02-15 19:14:50
1456,320,xQBG3p,https://acme.dev/keen/quartz/1456,Service guide meadow,True,2025-05-14 09:11:14,2025-11-28 09:43:57
1457,242,grDqq5,https://hackstack.io/jade/pioneer/1457,Status board yard,True,2025-01-25 19:08:16,2025-11-12 00:10:46
1458,308,UX2X3m,https://example.com/ivory/orbit/1458,Roadmap update river,True,2025-07-28 05:49:14,2025-08-01 22:43:44
1459,394,Os5XCh,https://opswise.net/young/anchor/1459,Incident notes island,True,2025-01-09 00:15:19,2025-04-14 18:19:53
1460,150,tc9a4v,https://opswise.net/harbor/uplink/1460,Status board harvest,True,2025-06-22 21:29:40,2026-01-15 21:37:00
1461,162,lIH3iN,https://seeded.app/navy/quartz/1461,Incident notes window,True,2025-12-16 12:17:48,2026-01-17 18:32:58
1462,362,mAETtF,https://hackstack.io/warm/zenith/1462,Incident notes meadow,True,2025-05-09 16:05:25,2025-07-03 00:08:17
1463,201,NdNg9d,https://opswise.net/lively/uplink/1463,Alert feed river,True,2025-03-10 02:08:45,2025-07-02 13:07:14
1464,286,QNreN1,https://example.com/quiet/lagoon/1464,Launch deck delta,True,2025-12-11 13:21:26,2026-02-08 13:40:24
1465,238,p69gxO,https://opswise.net/dawn/zenith/1465,Quarterly brief lagoon,True,2025-06-09 03:18:17,2025-09-22 04:14:44
1466,33,f3Tp5W,https://relay.cloud/quiet/harvest/1466,Campaign page island,True,2025-06-30 14:20:55,2025-09-12 10:53:12
1467,345,TgalGr,https://example.com/warm/trail/1467,Launch deck meadow,False,2026-02-20 02:23:31,2026-02-20 19:41:43
1468,340,L6PJSa,https://example.com/forest/kernel/1468,Campaign page signal,True,2025-06-17 20:53:18,2025-09-09 12:06:26
1469,3,Tt1FT8,https://relay.cloud/opal/canyon/1469,Roadmap update window,True,2025-01-13 06:16:52,2025-07-22 14:02:34
1470,166,4aouZS,https://opswise.net/amber/lagoon/1470,Roadmap update network,True,2025-07-13 02:59:43,2025-08-25 23:24:26
1471,351,QckXMz,https://hackstack.io/quiet/valley/1471,Campaign page delta,True,2025-02-08 16:28:38,2025-06-20 05:39:16
1472,382,so3LG0,https://seeded.app/urban/field/1472,Service guide kernel,True,2025-11-20 08:50:43,2026-02-12 18:58:44
1473,75,FLWfZo,https://seeded.app/dawn/engine/1473,Roadmap update delta,True,2025-04-01 20:00:42,2025-10-03 08:42:18
1474,67,Vn0Bjh,https://opswise.net/brisk/network/1474,Launch deck canyon,True,2026-01-28 07:30:02,2026-02-14 07:55:02
1475,38,VSktec,https://hackstack.io/forest/network/1475,Quarterly brief garden,True,2025-01-03 03:59:06,2025-06-16 05:53:29
1476,343,XWxo3J,https://example.com/tidy/journey/1476,Ops review island,True,2025-12-19 14:30:43,2026-02-08 08:30:33
1477,167,bMd0e4,https://opswise.net/gold/delta/1477,Ops review uplink,True,2025-08-03 07:33:47,2025-10-15 03:10:17
1478,292,aCijAc,https://acme.dev/silver/orbit/1478,Demo link river,True,2025-03-28 15:55:48,2025-05-11 03:50:26
1479,166,DUL6oa,https://hackstack.io/tidy/pioneer/1479,Campaign page signal,True,2025-06-12 03:41:51,2025-07-13 06:08:28
1480,393,r1fYAc,https://opswise.net/quiet/kernel/1480,Incident notes island,True,2025-08-02 22:35:57,2026-01-19 12:01:07
1481,144,LPj5x2,https://relay.cloud/warm/window/1481,Service guide yard,True,2025-12-25 02:28:10,2025-12-28 13:27:29
1482,248,CdSe3l,https://seeded.app/ember/journey/1482,Status board quartz,True,2025-11-08 17:13:04,2025-12-17 03:24:56
1483,194,SqSpp7,https://acme.dev/vivid/river/1483,Incident notes meadow,True,2025-06-09 10:03:13,2025-07-11 18:41:07
1484,372,z8MEmn,https://acme.dev/cobalt/zenith/1484,Alert feed quartz,True,2026-01-15 00:26:06,2026-02-19 23:30:23
1485,273,Rxauuv,https://hackstack.io/warm/valley/1485,Quarterly brief harvest,True,2025-05-01 12:08:24,2025-05-22 15:53:16
1486,124,3U0Lao,https://example.com/young/lagoon/1486,Roadmap update yard,True,2025-04-03 23:35:14,2025-05-25 02:57:12
1487,384,ovjPRN,https://opswise.net/urban/kernel/1487,Quarterly brief harvest,True,2025-11-13 05:44:05,2026-02-18 10:08:34
1488,5,IRrXzx,https://seeded.app/ember/harvest/1488,Campaign page meadow,True,2025-08-18 06:38:13,2025-12-01 17:35:39
1489,194,ZWdxXG,https://opswise.net/warm/yard/1489,Launch deck harvest,True,2025-10-14 18:30:38,2025-10-19 01:53:25
1490,298,Z3Quur,https://relay.cloud/proud/lagoon/1490,Launch deck garden,True,2026-02-20 11:35:22,2026-02-20 12:20:28
1491,113,TibKJZ,https://seeded.app/young/window/1491,Alert feed quartz,True,2025-09-18 20:43:52,2026-01-09 22:41:36
1492,315,XnOTj3,https://acme.dev/urban/lagoon/1492,Service guide kernel,True,2026-02-02 20:46:01,2026-02-11 05:44:15
1493,145,PIk6gx,https://seeded.app/harbor/meadow/1493,Launch deck island,True,2025-11-06 03:04:17,2026-01-19 11:50:57
1494,273,6AYTGF,https://relay.cloud/forest/beacon/1494,Service guide river,True,2025-05-14 10:38:39,2025-12-30 05:32:42
1495,39,Zaqaj9,https://seeded.app/ivory/anchor/1495,Campaign page island,True,2025-10-04 18:51:53,2025-10-31 20:53:24
1496,147,Lf0Je9,https://acme.dev/navy/beacon/1496,Campaign page kernel,True,2025-05-10 02:02:00,2026-01-17 10:28:11
1497,391,BIP9xu,https://acme.dev/ember/network/1497,Ops review field,True,2025-02-11 07:06:56,2026-01-26 23:41:52
1498,376,W2YN6l,https://acme.dev/young/garden/1498,Alert feed engine,True,2025-10-05 05:41:15,2026-01-17 11:33:52
1499,299,WZsCQA,https://opswise.net/quiet/trail/1499,Alert feed network,True,2025-07-07 00:04:58,2025-09-14 08:48:45
1500,168,Z2AFYU,https://relay.cloud/ivory/journey/1500,Incident notes lagoon,True,2025-06-14 09:29:00,2025-07-07 20:13:11
1501,200,MtMBPA,https://acme.dev/calm/quartz/1501,Demo link network,False,2025-04-09 17:15:38,2025-07-11 03:30:54
1502,328,Ko484u,https://relay.cloud/brisk/anchor/1502,Ops review garden,True,2025-09-05 13:18:45,2025-10-13 12:37:13
1503,273,4nLrtE,https://hackstack.io/ivory/uplink/1503,Ops review network,True,2025-04-21 17:19:41,2025-07-04 09:05:31
1504,284,oxdzhP,https://example.com/warm/delta/1504,Alert feed valley,True,2025-01-03 21:21:27,2025-01-12 07:02:16
1505,29,jGW9X5,https://acme.dev/forest/kernel/1505,Status board trail,False,2025-01-21 11:13:32,2025-06-09 17:54:22
1506,9,w35ZFG,https://relay.cloud/jade/zenith/1506,Campaign page meadow,True,2025-02-12 08:46:42,2025-05-15 08:54:29
1507,237,US7j4R,https://opswise.net/warm/anchor/1507,Ops review valley,True,2025-06-14 20:17:17,2025-10-12 10:59:52
1508,198,08JTKV,https://relay.cloud/warm/field/1508,Service guide canyon,True,2025-05-23 12:34:12,2026-01-06 19:29:17
1509,35,5g2wpV,https://example.com/proud/field/1509,Demo link island,True,2026-01-04 09:45:36,2026-02-17 03:00:32
1510,4,H5LhSf,https://example.com/vivid/yard/1510,Demo link network,True,2025-06-22 17:55:26,2025-10-24 23:33:49
1511,251,Knf8dB,https://opswise.net/mellow/meadow/1511,Ops review network,False,2025-08-15 10:02:02,2025-11-20 00:21:11
1512,140,zqgB08,https://hackstack.io/urban/window/1512,Incident notes beacon,False,2025-03-10 15:03:24,2025-11-07 20:17:48
1513,283,rIxSz8,https://acme.dev/opal/quartz/1513,Ops review pioneer,True,2025-06-03 15:49:38,2025-12-26 04:53:29
1514,228,jOUHdU,https://hackstack.io/opal/garden/1514,Campaign page network,False,2025-07-24 03:32:19,2025-10-27 10:32:03
1515,364,cHf9Z7,https://example.com/young/lagoon/1515,Alert feed zenith,True,2025-07-17 06:22:03,2025-12-20 12:36:20
1516,228,a2Umgd,https://seeded.app/young/delta/1516,Ops review uplink,True,2025-03-22 06:40:12,2025-06-22 19:02:03
1517,118,WGCCuN,https://opswise.net/navy/uplink/1517,Ops review anchor,True,2025-05-12 07:07:31,2025-08-31 18:19:23
1518,89,1s3RWu,https://opswise.net/navy/valley/1518,Ops review garden,True,2025-10-11 23:33:55,2026-01-14 16:48:29
1519,28,Sa0OYi,https://relay.cloud/warm/kernel/1519,Campaign page engine,False,2026-01-31 09:04:25,2026-02-07 00:21:30
1520,136,bf4NfN,https://relay.cloud/gold/lagoon/1520,Incident notes signal,True,2026-02-12 21:03:08,2026-02-15 00:37:57
1521,96,QGzTsI,https://acme.dev/forest/river/1521,Roadmap update garden,True,2025-08-25 05:10:39,2025-09-19 08:43:43
1522,303,sNwfND,https://opswise.net/silver/lagoon/1522,Incident notes yard,True,2025-11-06 16:04:48,2026-01-29 00:36:59
1523,157,yWqlz6,https://opswise.net/lively/zenith/1523,Status board pioneer,True,2025-08-01 08:59:47,2025-09-05 00:55:58
1524,268,FDZq6K,https://seeded.app/vivid/engine/1524,Ops review pioneer,True,2025-02-24 16:39:48,2025-08-07 21:48:16
1525,50,jgtaYP,https://relay.cloud/keen/yard/1525,Service guide valley,True,2025-11-22 08:37:04,2025-11-24 11:44:18
1526,183,g5RetO,https://acme.dev/calm/lagoon/1526,Quarterly brief field,True,2026-01-26 23:56:30,2026-02-01 03:47:52
1527,12,DzUYzw,https://acme.dev/navy/yard/1527,Status board garden,True,2025-11-22 14:38:08,2025-11-29 11:48:20
1528,8,a5LxT8,https://example.com/forest/river/1528,Incident notes uplink,True,2026-01-08 05:27:58,2026-02-07 19:03:39
1529,93,YuXPc5,https://seeded.app/brisk/garden/1529,Roadmap update window,True,2025-12-28 10:11:37,2026-02-18 20:43:51
1530,193,UxMaoY,https://seeded.app/jade/canyon/1530,Ops review network,True,2025-09-26 15:48:33,2025-12-21 06:56:12
1531,85,qVAmPf,https://seeded.app/vivid/quartz/1531,Demo link delta,True,2025-02-09 05:42:54,2025-05-27 23:33:09
1532,131,pxhNpJ,https://seeded.app/ember/network/1532,Demo link garden,True,2025-12-17 14:04:55,2026-02-13 02:23:32
1533,69,aEyK1I,https://seeded.app/urban/delta/1533,Roadmap update yard,True,2025-02-03 10:44:08,2025-05-06 06:40:17
1534,387,n94A5i,https://opswise.net/amber/beacon/1534,Alert feed uplink,True,2026-02-15 11:00:17,2026-02-16 15:08:14
1535,302,49O7up,https://hackstack.io/keen/anchor/1535,Incident notes island,False,2025-03-04 15:27:21,2025-05-05 19:03:55
1536,8,tSxp9S,https://opswise.net/harbor/network/1536,Alert feed engine,True,2025-01-14 15:29:11,2025-07-03 14:54:30
1537,70,NeCj1o,https://example.com/lively/canyon/1537,Launch deck anchor,True,2025-04-08 19:17:07,2025-06-22 06:14:03
1538,121,EqoYD5,https://acme.dev/keen/island/1538,Quarterly brief uplink,True,2025-08-10 15:09:42,2025-09-18 15:52:05
1539,291,eNDKAt,https://hackstack.io/young/harvest/1539,Campaign page meadow,False,2025-02-23 11:51:16,2026-01-03 18:42:38
1540,242,NRYav4,https://acme.dev/gold/pioneer/1540,Quarterly brief river,True,2025-11-15 01:30:21,2026-01-03 18:49:54
1541,388,TQXgMS,https://opswise.net/young/island/1541,Campaign page orbit,True,2025-01-26 20:01:34,2026-01-19 16:58:12
1542,184,Zj1Ev2,https://opswise.net/vivid/beacon/1542,Launch deck orbit,True,2025-09-07 10:41:03,2025-11-07 05:57:29
1543,64,SMfgNN,https://example.com/ember/quartz/1543,Demo link delta,True,2025-07-24 22:13:58,2025-09-22 09:04:08
1544,125,QpkcHa,https://relay.cloud/keen/window/1544,Launch deck meadow,False,2025-05-07 18:29:57,2025-11-22 01:41:44
1545,57,hSD59t,https://example.com/quiet/network/1545,Roadmap update delta,True,2025-08-17 11:59:04,2025-10-05 00:09:16
1546,36,CAF5wU,https://example.com/jade/anchor/1546,Incident notes garden,True,2026-02-14 00:36:51,2026-02-18 14:08:23
1547,11,9jN6bv,https://opswise.net/warm/garden/1547,Quarterly brief signal,False,2025-05-16 17:25:47,2025-05-28 01:10:22
1548,167,EQWqKB,https://acme.dev/dawn/river/1548,Status board island,True,2025-03-14 07:06:17,2025-05-26 00:34:00
1549,124,FxA7P8,https://hackstack.io/ember/delta/1549,Quarterly brief network,False,2025-06-16 21:48:34,2025-08-02 10:49:05
1550,145,QNDPnM,https://opswise.net/calm/uplink/1550,Service guide network,True,2025-08-30 08:33:59,2025-09-13 17:40:19
1551,278,JZV604,https://example.com/gold/anchor/1551,Roadmap update garden,True,2025-12-03 02:56:07,2025-12-16 23:04:33
1552,189,FxygTx,https://acme.dev/opal/beacon/1552,Ops review network,True,2025-03-16 23:59:33,2025-03-17 20:34:35
1553,392,yvZedy,https://relay.cloud/ivory/trail/1553,Incident notes network,True,2025-12-22 04:03:33,2026-01-26 10:23:16
1554,190,LeRxwh,https://hackstack.io/urban/island/1554,Launch deck river,True,2025-03-10 08:34:26,2025-05-02 17:29:50
1555,209,05OkKI,https://acme.dev/proud/canyon/1555,Incident notes zenith,True,2025-04-27 19:41:24,2025-11-27 22:54:26
1556,156,W3PyvB,https://hackstack.io/urban/network/1556,Roadmap update field,True,2025-05-28 16:45:56,2025-12-02 01:34:42
1557,40,ms7I8m,https://acme.dev/clear/quartz/1557,Roadmap update river,True,2025-05-23 20:17:41,2025-07-20 16:18:34
1558,63,uoO5nM,https://example.com/rapid/valley/1558,Demo link window,True,2025-12-09 23:04:11,2026-02-17 20:46:08
1559,182,tx8uux,https://hackstack.io/navy/window/1559,Demo link island,True,2025-06-21 05:48:53,2026-01-07 06:46:30
1560,136,ZF0Sbq,https://example.com/warm/zenith/1560,Incident notes trail,True,2025-03-09 13:25:39,2025-04-04 22:52:51
1561,85,xZu5XA,https://opswise.net/ember/zenith/1561,Status board valley,True,2025-07-09 06:58:18,2025-12-28 08:30:47
1562,319,hYEnhT,https://hackstack.io/harbor/delta/1562,Ops review signal,True,2025-06-19 17:40:54,2026-01-31 20:40:24
1563,319,k9WFme,https://example.com/navy/quartz/1563,Ops review beacon,True,2025-01-26 14:15:47,2025-11-28 00:28:58
1564,325,nnmLVA,https://acme.dev/ivory/uplink/1564,Launch deck canyon,True,2025-10-25 15:40:02,2025-11-21 19:02:57
1565,263,NlyE6f,https://opswise.net/young/river/1565,Ops review beacon,True,2025-07-30 00:09:28,2025-12-16 19:33:52
1566,198,ll6jWy,https://hackstack.io/tidy/delta/1566,Launch deck river,True,2025-05-22 18:38:58,2025-10-04 12:40:27
1567,309,WiUUh1,https://opswise.net/tidy/beacon/1567,Alert feed quartz,True,2025-05-25 23:35:54,2025-06-01 21:11:49
1568,314,YV5Wp3,https://example.com/clear/garden/1568,Demo link window,True,2025-01-24 15:25:09,2025-10-26 14:07:14
1569,291,qzW7Nt,https://seeded.app/ember/orbit/1569,Ops review beacon,True,2025-10-15 03:27:26,2026-02-15 22:09:22
1570,11,y7qkK0,https://opswise.net/rapid/yard/1570,Service guide trail,True,2025-03-16 12:26:15,2026-01-31 05:54:56
1571,49,xG8DDE,https://acme.dev/rapid/canyon/1571,Ops review trail,True,2025-12-10 10:32:18,2025-12-27 08:35:01
1572,194,dUEjTd,https://opswise.net/tidy/island/1572,Quarterly brief network,True,2026-02-08 05:56:10,2026-02-18 00:44:08
1573,291,sOEFzH,https://seeded.app/mellow/yard/1573,Quarterly brief uplink,True,2025-09-09 07:27:10,2025-09-22 20:25:11
1574,212,bL9rJd,https://opswise.net/warm/kernel/1574,Launch deck island,True,2026-01-30 19:26:26,2026-02-20 15:48:35
1575,49,fRWlV1,https://relay.cloud/urban/garden/1575,Roadmap update window,True,2025-05-09 17:14:03,2025-12-02 13:18:59
1576,380,uuLWA1,https://acme.dev/brisk/delta/1576,Demo link valley,True,2025-04-16 00:58:02,2025-10-09 13:34:21
1577,214,cQx5zf,https://example.com/urban/trail/1577,Launch deck kernel,False,2025-12-15 12:36:50,2026-02-08 18:09:31
1578,313,jWkAMl,https://acme.dev/mellow/uplink/1578,Demo link engine,True,2026-01-07 12:58:15,2026-02-16 19:22:21
1579,122,60COgq,https://relay.cloud/opal/uplink/1579,Campaign page orbit,True,2025-03-09 22:39:52,2025-11-02 14:50:27
1580,22,PBQXCk,https://relay.cloud/navy/engine/1580,Alert feed yard,True,2025-05-21 18:09:13,2025-11-14 06:32:15
1581,311,NgCsQW,https://seeded.app/brisk/journey/1581,Demo link zenith,True,2026-02-19 10:08:51,2026-02-19 16:15:56
1582,139,Mh7pgD,https://relay.cloud/ember/zenith/1582,Service guide garden,True,2025-04-24 13:21:50,2026-02-11 09:01:31
1583,31,TinJL3,https://acme.dev/jade/pioneer/1583,Status board canyon,True,2025-06-01 09:29:31,2025-06-24 08:58:48
1584,306,hVPiNN,https://hackstack.io/proud/anchor/1584,Ops review island,True,2025-08-24 22:41:02,2025-12-15 23:19:09
1585,8,76Xbmr,https://relay.cloud/ember/beacon/1585,Quarterly brief field,True,2025-03-20 01:24:29,2026-02-13 09:42:31
1586,164,hD31QP,https://opswise.net/mellow/window/1586,Incident notes uplink,True,2026-02-03 22:48:11,2026-02-13 20:27:23
1587,27,UfFq4s,https://hackstack.io/dawn/pioneer/1587,Alert feed beacon,True,2025-03-08 05:37:04,2026-01-18 22:13:10
1588,101,9TNC3l,https://relay.cloud/cobalt/harvest/1588,Quarterly brief beacon,True,2025-06-03 14:40:57,2025-11-20 04:51:24
1589,196,72Urt7,https://relay.cloud/dawn/journey/1589,Quarterly brief beacon,True,2026-01-09 01:46:58,2026-01-20 01:25:18
1590,219,iPhwnH,https://hackstack.io/silver/kernel/1590,Service guide orbit,False,2025-06-06 01:51:13,2026-01-13 23:27:39
1591,400,kVeSdv,https://relay.cloud/ivory/harvest/1591,Roadmap update anchor,True,2025-02-03 03:53:22,2025-05-07 10:03:11
1592,393,OvHP4Q,https://seeded.app/gold/anchor/1592,Quarterly brief anchor,True,2025-08-28 23:28:41,2025-10-01 22:09:10
1593,71,WMBpMm,https://acme.dev/brisk/beacon/1593,Roadmap update meadow,False,2026-02-04 01:33:55,2026-02-06 22:53:58
1594,267,d9Bvdw,https://opswise.net/lively/orbit/1594,Campaign page harvest,True,2025-03-22 23:58:53,2025-06-22 12:44:52
1595,298,4kjIIu,https://example.com/quiet/valley/1595,Service guide quartz,True,2025-08-06 20:40:31,2025-12-27 13:29:04
1596,115,i7Fv64,https://relay.cloud/amber/orbit/1596,Incident notes engine,True,2025-03-06 04:41:09,2025-04-09 22:56:21
1597,296,ZGkZbe,https://opswise.net/harbor/quartz/1597,Roadmap update river,True,2025-10-01 18:41:16,2026-02-11 23:45:26
1598,152,bFK7rd,https://opswise.net/cobalt/island/1598,Roadmap update window,False,2025-10-28 10:10:16,2026-02-16 07:53:07
1599,22,8aF9Ft,https://acme.dev/ember/garden/1599,Demo link canyon,True,2025-10-19 12:29:08,2025-11-13 04:15:54
1600,281,sv6D1I,https://opswise.net/amber/island/1600,Service guide garden,False,2025-06-28 12:03:29,2025-10-04 15:38:26
1601,159,0tDM8E,https://relay.cloud/young/yard/1601,Ops review anchor,True,2025-10-03 18:49:22,2026-01-16 02:36:30
1602,186,RG16w2,https://opswise.net/navy/window/1602,Status board field,True,2025-08-21 01:00:25,2025-11-24 17:35:42
1603,35,KBgJ2t,https://relay.cloud/lively/engine/1603,Incident notes meadow,True,2025-08-18 18:07:12,2025-12-13 14:46:21
1604,207,xoFtw4,https://seeded.app/lively/meadow/1604,Launch deck meadow,True,2025-07-16 09:22:54,2025-07-27 16:44:20
1605,14,AHLhLp,https://example.com/ember/yard/1605,Demo link orbit,True,2025-08-29 23:14:14,2026-01-02 02:20:06
1606,128,EhFGiI,https://hackstack.io/forest/trail/1606,Campaign page yard,True,2025-08-17 22:23:20,2025-09-13 17:04:27
1607,396,z3yCTD,https://opswise.net/young/journey/1607,Incident notes meadow,False,2025-12-17 12:34:45,2025-12-28 19:43:47
1608,268,JWQnaJ,https://hackstack.io/rapid/valley/1608,Demo link island,True,2025-08-27 03:04:29,2025-08-31 10:25:05
1609,114,kvMQDh,https://seeded.app/dawn/orbit/1609,Roadmap update uplink,True,2025-10-12 11:30:38,2026-01-04 19:17:22
1610,158,MfGRmK,https://example.com/amber/orbit/1610,Launch deck harvest,True,2025-03-05 03:46:40,2025-11-20 18:30:21
1611,369,kmNq7c,https://hackstack.io/young/quartz/1611,Demo link window,True,2025-12-14 22:22:19,2025-12-30 22:29:51
1612,39,fBmZGq,https://seeded.app/young/beacon/1612,Roadmap update anchor,True,2025-07-21 14:28:24,2025-11-09 06:20:10
1613,277,0qs4iO,https://seeded.app/clear/valley/1613,Roadmap update uplink,True,2025-03-08 01:40:46,2025-08-25 20:46:41
1614,72,ph9BQv,https://relay.cloud/young/pioneer/1614,Roadmap update trail,True,2026-01-05 19:45:33,2026-01-28 00:35:59
1615,68,nYyghw,https://hackstack.io/lively/quartz/1615,Ops review lagoon,False,2025-02-09 21:54:18,2025-06-10 00:46:40
1616,200,iaHfyk,https://relay.cloud/keen/trail/1616,Service guide garden,True,2025-04-06 06:00:00,2025-12-10 22:03:19
1617,197,x9xbZr,https://example.com/young/journey/1617,Quarterly brief zenith,False,2025-05-01 12:17:44,2025-07-13 04:16:42
1618,44,uvLD75,https://acme.dev/quiet/harvest/1618,Demo link yard,True,2025-12-24 07:19:41,2026-01-23 00:42:27
1619,2,sO8NoQ,https://relay.cloud/jade/meadow/1619,Campaign page uplink,True,2025-07-22 02:07:46,2025-12-25 11:28:19
1620,400,FYr4GM,https://example.com/opal/valley/1620,Alert feed delta,True,2025-07-21 13:02:29,2025-09-13 11:18:28
1621,191,U3yO57,https://opswise.net/quiet/valley/1621,Status board harvest,True,2025-07-23 05:49:28,2026-02-06 06:02:10
1622,235,HeMZ9T,https://opswise.net/keen/valley/1622,Launch deck journey,True,2025-09-08 20:30:55,2025-12-15 19:53:39
1623,159,aehXCc,https://hackstack.io/mellow/zenith/1623,Alert feed yard,True,2025-08-10 08:52:05,2026-01-11 14:59:56
1624,126,CMXjne,https://relay.cloud/warm/engine/1624,Roadmap update zenith,False,2025-03-05 17:23:17,2025-06-14 18:09:56
1625,212,ZQ7Jnl,https://hackstack.io/jade/engine/1625,Incident notes journey,True,2025-11-21 22:00:45,2026-01-22 03:36:12
1626,165,xDM90d,https://relay.cloud/rapid/garden/1626,Alert feed uplink,True,2025-10-23 08:42:20,2025-12-12 06:51:56
1627,314,0nUS0k,https://relay.cloud/quiet/harvest/1627,Status board orbit,True,2025-08-21 06:54:10,2026-02-15 04:06:31
1628,338,TOWvcZ,https://acme.dev/gold/orbit/1628,Alert feed network,True,2025-03-09 01:11:02,2025-11-28 19:09:46
1629,65,eFhORu,https://relay.cloud/tidy/orbit/1629,Alert feed field,True,2025-08-28 01:33:49,2025-10-07 03:04:24
1630,374,Bloe3D,https://opswise.net/proud/field/1630,Campaign page canyon,True,2025-02-15 08:05:55,2025-08-09 11:14:00
1631,61,klrrl5,https://acme.dev/opal/garden/1631,Launch deck valley,True,2025-05-09 04:11:04,2025-11-03 18:20:37
1632,377,pmzmxt,https://hackstack.io/ivory/valley/1632,Demo link island,False,2025-09-18 07:06:16,2026-02-01 09:35:29
1633,180,75aVWr,https://relay.cloud/forest/yard/1633,Quarterly brief field,True,2025-02-14 15:24:23,2025-11-03 00:27:32
1634,371,QgnxFv,https://example.com/ember/beacon/1634,Incident notes delta,True,2025-09-15 22:20:14,2025-10-28 11:50:23
1635,182,1GzXLg,https://opswise.net/ivory/delta/1635,Demo link uplink,False,2025-01-18 17:52:52,2026-01-17 12:27:01
1636,242,2RqtBX,https://hackstack.io/brisk/meadow/1636,Campaign page beacon,True,2025-09-10 19:20:16,2025-11-27 18:27:26
1637,105,E2CgtQ,https://hackstack.io/ember/zenith/1637,Incident notes kernel,True,2025-12-06 04:11:37,2025-12-15 03:59:42
1638,369,VORLW2,https://hackstack.io/brisk/meadow/1638,Incident notes valley,False,2025-07-26 10:57:51,2025-09-06 05:06:56
1639,163,jkPH9R,https://hackstack.io/proud/river/1639,Quarterly brief zenith,True,2025-05-06 08:21:24,2025-08-10 12:09:49
1640,349,IuZTGY,https://seeded.app/warm/signal/1640,Alert feed garden,True,2025-08-31 05:05:44,2025-09-07 09:35:02
1641,229,EZwGUF,https://seeded.app/amber/kernel/1641,Service guide yard,True,2025-09-30 10:27:40,2026-01-21 05:20:38
1642,6,MmhU3E,https://opswise.net/brisk/journey/1642,Demo link anchor,True,2025-08-25 11:49:04,2026-02-09 22:48:35
1643,36,zwx0Yi,https://relay.cloud/urban/delta/1643,Campaign page engine,True,2025-01-10 19:34:18,2025-12-11 11:44:13
1644,338,xE851D,https://relay.cloud/gold/beacon/1644,Demo link beacon,True,2025-02-03 06:15:57,2025-05-11 13:52:11
1645,42,3zhXLk,https://seeded.app/quiet/lagoon/1645,Quarterly brief signal,True,2025-05-22 10:42:48,2025-06-26 11:08:10
1646,390,dYA3yD,https://example.com/harbor/kernel/1646,Campaign page delta,True,2025-02-04 10:45:29,2025-04-30 22:13:03
1647,302,Z9bF9f,https://example.com/gold/valley/1647,Alert feed river,True,2026-01-11 08:52:09,2026-02-09 04:13:06
1648,4,cFHQCP,https://seeded.app/opal/canyon/1648,Ops review uplink,True,2025-07-05 22:17:22,2026-02-05 18:55:04
1649,143,iP8VB4,https://opswise.net/gold/uplink/1649,Service guide yard,True,2025-08-22 23:12:01,2026-01-08 06:43:32
1650,288,ZwNQqE,https://example.com/quiet/harvest/1650,Demo link anchor,True,2025-04-03 19:15:25,2025-04-17 20:10:38
1651,43,gpptSy,https://opswise.net/forest/lagoon/1651,Quarterly brief network,True,2025-06-30 16:27:35,2026-02-09 09:47:22
1652,218,dVGACX,https://acme.dev/dawn/river/1652,Ops review window,True,2025-12-27 17:31:48,2026-01-24 01:40:57
1653,237,Dq30a5,https://hackstack.io/keen/meadow/1653,Status board orbit,True,2025-09-30 10:22:32,2025-12-07 17:45:36
1654,307,533JDm,https://seeded.app/tidy/kernel/1654,Alert feed kernel,True,2025-11-23 04:45:07,2025-12-13 20:59:32
1655,381,YGBbeq,https://relay.cloud/forest/anchor/1655,Service guide network,True,2025-06-22 19:29:35,2025-12-28 15:17:31
1656,209,kBzcvL,https://opswise.net/proud/canyon/1656,Service guide window,True,2025-12-17 00:39:55,2026-02-07 03:16:16
1657,98,xrxaNf,https://seeded.app/brisk/anchor/1657,Ops review anchor,False,2025-04-07 00:44:28,2025-10-29 10:43:10
1658,328,69r3hP,https://hackstack.io/calm/trail/1658,Roadmap update signal,False,2025-02-22 21:25:48,2025-06-24 18:00:31
1659,100,13NOTx,https://hackstack.io/dawn/kernel/1659,Launch deck harvest,False,2026-01-28 21:49:44,2026-01-31 05:35:40
1660,160,lvZJlp,https://example.com/cobalt/field/1660,Incident notes signal,True,2025-02-14 01:52:56,2025-10-22 22:48:37
1661,135,UuSxHD,https://opswise.net/rapid/engine/1661,Campaign page island,True,2025-07-28 14:58:01,2025-11-10 10:54:08
1662,102,UrebKk,https://opswise.net/brisk/orbit/1662,Quarterly brief yard,True,2026-01-26 18:27:02,2026-02-14 12:40:37
1663,182,ZrnFwd,https://acme.dev/lively/quartz/1663,Status board network,True,2026-02-06 07:02:06,2026-02-10 13:43:52
1664,92,AJPlRt,https://example.com/opal/zenith/1664,Launch deck garden,False,2025-11-18 23:26:51,2025-12-11 09:06:24
1665,388,jD4T57,https://example.com/cobalt/lagoon/1665,Alert feed lagoon,True,2025-12-17 17:59:22,2026-02-13 15:56:54
1666,75,9ezebG,https://seeded.app/warm/trail/1666,Launch deck river,True,2025-04-02 14:51:37,2025-05-15 02:54:14
1667,226,W8rPPB,https://hackstack.io/mellow/engine/1667,Incident notes network,True,2025-07-22 19:25:04,2025-09-19 12:54:02
1668,127,ABzlS9,https://example.com/proud/trail/1668,Campaign page yard,False,2025-01-08 12:17:30,2025-07-14 21:53:17
1669,349,59bfzh,https://opswise.net/brisk/canyon/1669,Campaign page island,False,2025-06-22 02:25:30,2026-01-01 12:34:18
1670,206,wbfnyp,https://seeded.app/proud/pioneer/1670,Ops review canyon,True,2025-01-12 15:03:00,2026-01-02 04:29:24
1671,23,3BOEBi,https://seeded.app/keen/lagoon/1671,Quarterly brief yard,True,2025-03-31 18:19:42,2025-09-15 18:12:21
1672,350,Y4MAcW,https://opswise.net/amber/network/1672,Alert feed garden,True,2025-06-24 18:01:38,2025-09-17 06:18:35
1673,358,TaAGlN,https://relay.cloud/clear/yard/1673,Status board quartz,True,2025-10-18 07:40:36,2025-12-22 00:00:59
1674,50,GLIbva,https://seeded.app/clear/field/1674,Alert feed kernel,True,2025-02-02 05:22:41,2025-09-28 01:57:48
1675,13,UXexOO,https://acme.dev/silver/yard/1675,Service guide beacon,True,2025-06-24 12:29:46,2025-08-28 15:01:42
1676,42,xj0NJC,https://hackstack.io/brisk/garden/1676,Demo link engine,True,2025-03-24 02:11:39,2025-07-01 22:29:08
1677,25,Cw9quY,https://opswise.net/vivid/field/1677,Incident notes engine,True,2025-11-20 05:58:33,2025-12-20 19:27:22
1678,290,HdEuvy,https://hackstack.io/gold/island/1678,Alert feed yard,True,2025-07-12 12:38:43,2025-07-28 21:51:22
1679,5,A5x6Dh,https://opswise.net/keen/meadow/1679,Demo link lagoon,False,2025-04-03 03:53:30,2025-10-23 16:04:27
1680,227,BEASEV,https://relay.cloud/tidy/canyon/1680,Ops review engine,False,2026-01-17 11:23:27,2026-02-09 16:22:26
1681,166,z75cep,https://acme.dev/young/uplink/1681,Campaign page garden,False,2025-04-17 02:24:12,2026-02-02 20:30:22
1682,137,0q5Hpk,https://relay.cloud/calm/journey/1682,Incident notes yard,True,2026-01-20 09:44:14,2026-02-09 23:16:27
1683,352,ITkJ58,https://example.com/tidy/island/1683,Roadmap update window,False,2025-11-06 18:03:20,2026-02-04 20:01:14
1684,10,x40XeO,https://relay.cloud/vivid/island/1684,Campaign page lagoon,False,2025-03-15 20:03:46,2025-04-01 03:56:43
1685,374,L9IRLS,https://opswise.net/forest/yard/1685,Demo link anchor,False,2025-02-21 02:37:09,2026-01-23 18:26:36
1686,253,EJq2cB,https://acme.dev/amber/beacon/1686,Ops review harvest,False,2025-12-25 12:36:28,2026-01-24 09:13:07
1687,186,st4OC7,https://acme.dev/clear/island/1687,Alert feed garden,True,2025-08-01 23:08:42,2026-01-20 18:18:35
1688,309,620e7v,https://relay.cloud/amber/river/1688,Ops review beacon,True,2025-08-30 14:46:41,2025-11-28 08:52:40
1689,80,A29jz5,https://opswise.net/vivid/yard/1689,Launch deck orbit,False,2025-03-09 12:52:29,2025-09-21 11:16:36
1690,21,mUJT7j,https://hackstack.io/cobalt/canyon/1690,Campaign page quartz,True,2025-03-16 06:01:19,2025-05-23 23:36:13
1691,365,BCwz5L,https://relay.cloud/clear/river/1691,Alert feed zenith,True,2025-02-22 01:06:51,2026-01-08 21:36:05
1692,321,Nsf8hE,https://example.com/ember/yard/1692,Roadmap update uplink,True,2025-10-13 15:19:46,2025-11-11 02:20:08
1693,151,yh1yWm,https://hackstack.io/tidy/journey/1693,Campaign page garden,True,2025-06-27 08:12:31,2025-12-29 16:25:59
1694,129,mSkqBq,https://seeded.app/opal/uplink/1694,Incident notes valley,True,2025-08-25 04:59:28,2025-12-26 12:22:11
1695,200,PmDbls,https://opswise.net/gold/delta/1695,Launch deck uplink,True,2025-11-28 08:04:47,2026-01-19 17:13:50
1696,374,Fc9swQ,https://opswise.net/clear/network/1696,Demo link meadow,True,2025-03-29 21:06:05,2025-06-03 18:06:41
1697,90,YSe7uJ,https://seeded.app/lively/trail/1697,Ops review meadow,True,2025-01-05 00:53:49,2025-03-19 16:43:15
1698,369,lGRqLR,https://hackstack.io/lively/journey/1698,Service guide canyon,False,2025-11-17 20:31:12,2025-12-13 16:06:54
1699,14,6nKnRU,https://acme.dev/lively/island/1699,Service guide anchor,True,2025-06-30 11:19:39,2025-10-29 14:21:25
1700,254,ytvc6k,https://hackstack.io/vivid/signal/1700,Ops review orbit,True,2026-02-17 13:36:03,2026-02-17 21:25:27
1701,234,WmlyyR,https://example.com/young/harvest/1701,Service guide lagoon,True,2025-12-14 08:26:37,2026-01-13 04:14:01
1702,262,doyBx5,https://example.com/clear/island/1702,Launch deck trail,False,2025-01-30 23:20:53,2025-07-24 17:11:49
1703,164,YJpZTl,https://hackstack.io/opal/garden/1703,Campaign page anchor,True,2025-06-01 11:23:45,2025-09-13 22:17:09
1704,87,jzlemk,https://acme.dev/quiet/island/1704,Campaign page zenith,False,2025-05-28 02:09:12,2026-02-19 21:38:48
1705,126,TGWhpV,https://acme.dev/dawn/zenith/1705,Ops review valley,True,2025-05-18 00:35:32,2026-02-19 13:27:34
1706,218,wvIgP8,https://example.com/brisk/kernel/1706,Status board kernel,True,2025-07-11 09:56:09,2025-09-05 16:02:45
1707,244,oawuIp,https://seeded.app/rapid/anchor/1707,Ops review lagoon,True,2025-10-13 00:22:04,2025-12-13 01:57:27
1708,143,nwAkJp,https://relay.cloud/lively/canyon/1708,Service guide orbit,True,2025-01-09 02:40:58,2025-10-14 18:43:12
1709,302,YLoLt0,https://example.com/dawn/delta/1709,Launch deck field,True,2025-06-29 16:09:12,2025-12-08 17:27:41
1710,317,D7VZ4S,https://example.com/harbor/river/1710,Alert feed quartz,True,2026-02-04 21:49:25,2026-02-10 10:47:33
1711,357,6EMTZm,https://relay.cloud/quiet/engine/1711,Ops review kernel,True,2025-09-26 11:07:46,2025-11-26 01:23:15
1712,178,t0Sk5D,https://acme.dev/ivory/delta/1712,Quarterly brief kernel,True,2026-01-19 12:11:10,2026-02-05 15:08:45
1713,253,fpzi5y,https://opswise.net/silver/journey/1713,Roadmap update island,True,2025-12-06 15:27:11,2026-02-04 16:58:34
1714,397,ON6net,https://hackstack.io/proud/harvest/1714,Demo link network,True,2025-07-11 08:33:34,2025-09-17 08:48:48
1715,140,DwyzPL,https://example.com/quiet/trail/1715,Launch deck pioneer,True,2025-04-21 15:01:21,2026-01-11 19:29:38
1716,64,4oQyfZ,https://seeded.app/mellow/field/1716,Incident notes yard,True,2025-11-17 21:30:04,2025-12-04 13:26:48
1717,156,KTCzAd,https://example.com/silver/zenith/1717,Alert feed anchor,True,2025-08-08 10:04:35,2025-08-20 02:03:02
1718,124,h1Vt8C,https://relay.cloud/rapid/yard/1718,Demo link quartz,True,2025-10-10 14:24:31,2026-02-06 15:21:32
1719,22,PaGl3N,https://acme.dev/keen/beacon/1719,Incident notes window,True,2025-04-10 19:00:01,2025-06-16 20:20:19
1720,77,XUFzpQ,https://relay.cloud/keen/island/1720,Campaign page island,False,2025-05-25 01:26:17,2025-08-26 10:27:16
1721,17,fc7iGF,https://acme.dev/gold/kernel/1721,Quarterly brief network,True,2025-08-18 00:32:53,2025-08-24 00:12:40
1722,294,mMxEp1,https://relay.cloud/lively/journey/1722,Alert feed zenith,True,2025-01-22 15:43:45,2025-04-01 17:21:35
1723,158,yM36Qq,https://opswise.net/jade/meadow/1723,Launch deck journey,False,2025-01-16 07:42:12,2025-06-28 07:52:01
1724,32,Zh22jQ,https://opswise.net/silver/window/1724,Campaign page island,True,2025-08-13 12:33:10,2025-12-07 20:37:38
1725,272,1GFdFb,https://opswise.net/gold/delta/1725,Service guide garden,True,2025-04-15 13:37:18,2026-01-24 02:30:46
1726,222,euKVqe,https://seeded.app/brisk/anchor/1726,Quarterly brief harvest,True,2025-02-04 09:04:03,2025-08-17 07:06:20
1727,309,7JJgo2,https://example.com/rapid/journey/1727,Alert feed lagoon,True,2025-02-20 22:26:32,2025-09-18 11:15:35
1728,385,IPjx1a,https://example.com/rapid/pioneer/1728,Service guide delta,True,2025-02-16 12:37:43,2025-06-28 22:25:04
1729,278,wSj1ar,https://example.com/mellow/harvest/1729,Roadmap update engine,True,2025-09-13 22:30:28,2026-01-19 22:11:42
1730,111,29kO3q,https://hackstack.io/proud/field/1730,Campaign page orbit,True,2025-08-01 02:22:15,2025-10-20 22:00:02
1731,334,YG32dr,https://acme.dev/amber/river/1731,Campaign page meadow,True,2025-08-17 11:02:19,2026-01-16 01:16:12
1732,149,y6K5SF,https://opswise.net/quiet/kernel/1732,Incident notes trail,True,2025-10-30 17:28:37,2025-11-17 14:01:51
1733,13,T0epxo,https://acme.dev/opal/engine/1733,Status board kernel,False,2025-07-15 02:47:13,2026-02-02 22:09:51
1734,221,TjjBKK,https://example.com/forest/uplink/1734,Demo link beacon,False,2025-04-29 17:14:58,2025-12-06 07:48:57
1735,255,S4ugzk,https://seeded.app/lively/uplink/1735,Alert feed delta,True,2025-11-28 02:58:18,2026-01-08 11:54:54
1736,390,7irmzR,https://relay.cloud/keen/quartz/1736,Quarterly brief delta,True,2025-09-15 05:28:45,2025-10-14 05:18:55
1737,88,oZg5Q4,https://seeded.app/urban/canyon/1737,Launch deck meadow,True,2025-05-23 04:19:04,2025-10-05 12:11:58
1738,126,5XTSaw,https://relay.cloud/gold/island/1738,Alert feed engine,True,2025-09-04 09:32:28,2026-01-15 21:42:42
1739,42,VU2DfH,https://opswise.net/harbor/zenith/1739,Service guide harvest,True,2026-02-15 19:04:09,2026-02-18 05:47:03
1740,101,Pa0zcu,https://seeded.app/warm/window/1740,Service guide window,True,2025-10-01 16:49:29,2025-10-05 08:32:02
1741,260,NhZUZW,https://opswise.net/calm/river/1741,Demo link harvest,True,2025-06-21 16:42:03,2025-10-15 00:32:18
1742,338,ky0odg,https://acme.dev/dawn/signal/1742,Campaign page anchor,True,2025-09-15 01:20:52,2025-09-24 11:24:51
1743,309,uJpYTe,https://hackstack.io/ember/trail/1743,Launch deck harvest,True,2025-03-24 15:56:32,2025-09-19 22:09:12
1744,203,bTbLzh,https://relay.cloud/silver/orbit/1744,Ops review quartz,True,2026-01-03 02:19:43,2026-01-14 05:25:38
1745,267,ZbcZqY,https://opswise.net/dawn/lagoon/1745,Roadmap update canyon,True,2025-03-16 02:02:30,2025-07-21 19:13:04
1746,191,PJ5fSp,https://acme.dev/dawn/field/1746,Campaign page canyon,False,2025-03-02 03:20:53,2025-09-24 23:15:05
1747,208,p4YVYN,https://example.com/mellow/anchor/1747,Service guide pioneer,False,2025-04-28 16:00:25,2025-08-23 20:45:31
1748,247,dNv8Y2,https://seeded.app/silver/harvest/1748,Demo link harvest,True,2025-11-16 15:57:23,2025-12-03 18:54:18
1749,303,DE8hI1,https://opswise.net/harbor/network/1749,Campaign page orbit,True,2025-10-25 23:34:56,2026-01-09 11:06:30
1750,208,ZT7NQq,https://relay.cloud/opal/pioneer/1750,Service guide canyon,True,2025-05-21 07:30:29,2025-09-02 17:34:34
1751,66,ymboAe,https://hackstack.io/tidy/signal/1751,Ops review harvest,True,2025-09-25 09:16:07,2025-10-13 07:15:19
1752,117,7f6NJm,https://example.com/rapid/delta/1752,Demo link harvest,True,2025-12-06 13:54:12,2025-12-30 21:05:29
1753,270,U3VdSl,https://example.com/rapid/journey/1753,Ops review kernel,True,2025-11-12 20:40:06,2025-12-22 22:28:39
1754,222,RL9uIT,https://acme.dev/clear/field/1754,Demo link network,True,2025-08-30 21:42:38,2025-09-22 06:37:21
1755,167,So5box,https://seeded.app/mellow/zenith/1755,Launch deck engine,True,2025-09-28 05:46:57,2026-01-12 16:52:07
1756,263,nBgUs0,https://example.com/proud/network/1756,Demo link valley,True,2025-06-01 07:58:58,2025-07-17 14:36:39
1757,222,OwtGE6,https://hackstack.io/young/meadow/1757,Status board uplink,True,2025-01-10 16:16:23,2025-12-19 00:37:54
1758,47,puQSia,https://hackstack.io/tidy/beacon/1758,Ops review zenith,False,2025-08-06 09:22:45,2025-11-25 12:54:44
1759,295,bI5SyN,https://seeded.app/lively/uplink/1759,Quarterly brief quartz,True,2025-07-20 23:58:46,2025-09-25 08:18:18
1760,280,SxGcpF,https://relay.cloud/ivory/meadow/1760,Campaign page lagoon,True,2025-09-13 17:34:21,2025-09-26 20:51:39
1761,24,IaTr04,https://relay.cloud/quiet/harvest/1761,Roadmap update uplink,True,2025-04-29 06:12:26,2025-10-24 18:09:45
1762,352,wFUiZw,https://seeded.app/young/orbit/1762,Roadmap update anchor,True,2025-09-20 16:35:48,2025-12-24 18:07:15
1763,2,SRJkij,https://seeded.app/forest/meadow/1763,Roadmap update trail,False,2025-03-06 05:10:19,2025-11-02 09:35:07
1764,286,PmGWMI,https://opswise.net/ivory/pioneer/1764,Status board lagoon,True,2025-01-18 21:17:27,2025-06-11 09:45:24
1765,244,kIem2w,https://hackstack.io/cobalt/orbit/1765,Ops review journey,True,2025-01-04 19:04:30,2025-08-10 04:49:43
1766,166,yo4Yur,https://seeded.app/rapid/harvest/1766,Demo link lagoon,True,2025-04-16 15:21:45,2025-10-08 01:13:01
1767,212,9DwYAb,https://hackstack.io/amber/yard/1767,Alert feed anchor,True,2025-11-18 22:53:35,2026-01-19 20:13:23
1768,110,pLSxkj,https://opswise.net/dawn/pioneer/1768,Incident notes canyon,True,2025-08-25 16:33:22,2026-02-14 23:21:10
1769,42,1RmDUg,https://hackstack.io/gold/zenith/1769,Launch deck window,False,2026-02-05 10:03:58,2026-02-14 12:52:16
1770,222,OZSEjK,https://relay.cloud/young/quartz/1770,Service guide zenith,True,2025-11-10 20:07:32,2026-01-04 14:55:49
1771,19,TJFUm6,https://acme.dev/ember/lagoon/1771,Campaign page beacon,True,2025-11-22 10:58:51,2025-12-16 17:53:40
1772,284,4TdFip,https://example.com/tidy/trail/1772,Incident notes trail,False,2025-04-16 19:16:03,2025-06-20 23:21:06
1773,339,9Rud6S,https://seeded.app/jade/pioneer/1773,Status board quartz,True,2025-02-23 06:51:35,2025-10-16 21:46:29
1774,106,VP4Bcf,https://opswise.net/amber/engine/1774,Quarterly brief pioneer,True,2026-02-01 16:15:53,2026-02-10 11:03:58
1775,250,BO5GLa,https://relay.cloud/rapid/window/1775,Launch deck journey,True,2025-06-13 13:46:27,2025-07-20 02:42:44
1776,162,zyjupw,https://example.com/quiet/trail/1776,Launch deck anchor,False,2025-10-02 00:01:16,2025-12-28 18:25:26
1777,89,vbfzcL,https://relay.cloud/brisk/anchor/1777,Demo link yard,True,2025-03-31 12:08:03,2025-04-23 18:34:30
1778,97,MTZIvB,https://acme.dev/rapid/window/1778,Alert feed zenith,True,2025-08-07 08:02:02,2025-10-11 10:15:14
1779,244,qiqFyy,https://hackstack.io/jade/island/1779,Demo link meadow,True,2025-08-10 22:30:30,2025-09-26 14:17:53
1780,186,jfv0FF,https://relay.cloud/jade/yard/1780,Roadmap update island,True,2025-08-10 00:24:55,2026-02-17 05:27:19
1781,381,CS4WoJ,https://acme.dev/urban/island/1781,Status board quartz,True,2025-11-07 21:51:31,2026-02-04 08:43:56
1782,197,7svPpj,https://relay.cloud/amber/signal/1782,Ops review orbit,True,2025-02-14 22:55:01,2025-11-15 00:53:04
1783,337,7UY8ZY,https://hackstack.io/silver/anchor/1783,Incident notes meadow,True,2025-01-11 23:59:20,2025-09-12 01:46:13
1784,348,rhYi6o,https://example.com/harbor/engine/1784,Ops review trail,True,2025-05-25 10:12:07,2026-01-19 20:31:50
1785,215,4rObtN,https://example.com/keen/engine/1785,Alert feed river,True,2025-12-29 15:55:49,2026-01-31 09:32:00
1786,228,QVLbL0,https://example.com/rapid/river/1786,Alert feed pioneer,True,2025-05-29 18:41:20,2026-02-13 16:50:47
1787,1,hrxuvT,https://acme.dev/jade/river/1787,Ops review kernel,True,2025-08-12 11:52:23,2025-11-27 16:06:44
1788,340,ZGafUg,https://opswise.net/opal/meadow/1788,Service guide beacon,False,2025-08-18 06:02:45,2025-09-14 02:01:16
1789,212,JNdnmd,https://seeded.app/quiet/quartz/1789,Launch deck kernel,False,2026-01-16 07:19:51,2026-02-03 18:28:08
1790,50,MkBXav,https://acme.dev/keen/harvest/1790,Demo link pioneer,False,2025-11-01 08:51:59,2025-11-11 12:31:16
1791,355,wV9qXq,https://relay.cloud/opal/island/1791,Campaign page uplink,True,2025-05-29 09:17:00,2025-10-03 09:58:42
1792,347,qem44Y,https://relay.cloud/quiet/field/1792,Campaign page valley,True,2025-02-12 08:10:05,2026-01-20 13:21:34
1793,21,kXC9Z0,https://relay.cloud/navy/valley/1793,Incident notes delta,True,2026-01-30 01:05:30,2026-02-02 05:53:44
1794,366,BXiypl,https://opswise.net/cobalt/yard/1794,Quarterly brief anchor,True,2025-01-31 02:41:49,2025-07-08 08:57:57
1795,15,LsrZ6w,https://hackstack.io/young/kernel/1795,Service guide signal,False,2025-08-16 22:59:55,2026-01-17 13:03:03
1796,27,5vpBlx,https://acme.dev/quiet/kernel/1796,Ops review quartz,True,2026-02-11 04:52:11,2026-02-12 10:44:44
1797,250,K2hLmM,https://opswise.net/gold/orbit/1797,Campaign page window,True,2025-06-24 18:41:32,2025-10-17 20:47:05
1798,68,EvhNAZ,https://seeded.app/young/journey/1798,Ops review signal,True,2025-01-30 23:14:07,2025-11-18 01:46:35
1799,333,7cPdeP,https://example.com/urban/island/1799,Alert feed quartz,True,2025-08-22 17:53:58,2025-10-17 16:28:09
1800,41,YrvilU,https://acme.dev/warm/yard/1800,Quarterly brief window,True,2025-10-23 19:29:58,2026-01-02 04:49:39
1801,185,ZSl8Gh,https://opswise.net/rapid/garden/1801,Launch deck trail,True,2026-02-16 20:36:03,2026-02-18 00:40:56
1802,371,KuJf0y,https://hackstack.io/warm/zenith/1802,Demo link network,True,2025-07-06 05:37:36,2025-08-31 03:24:16
1803,124,lRMJIz,https://seeded.app/clear/valley/1803,Ops review meadow,True,2025-02-25 05:10:26,2025-05-30 19:14:45
1804,393,Tcw6Ws,https://example.com/warm/canyon/1804,Roadmap update canyon,True,2025-06-23 05:28:01,2026-01-23 11:29:24
1805,245,28BijT,https://hackstack.io/navy/river/1805,Status board island,True,2025-11-04 03:54:20,2025-12-31 20:24:38
1806,22,fcDi4y,https://opswise.net/rapid/kernel/1806,Quarterly brief network,True,2025-07-08 01:01:05,2026-01-15 02:54:11
1807,110,J9X6cI,https://opswise.net/opal/orbit/1807,Service guide network,True,2025-11-21 17:19:41,2026-01-22 11:22:16
1808,353,pSEZqS,https://relay.cloud/opal/uplink/1808,Quarterly brief kernel,True,2025-01-31 02:31:08,2025-04-03 17:57:30
1809,144,DgDZgY,https://opswise.net/warm/signal/1809,Alert feed meadow,False,2025-09-29 00:21:44,2025-10-16 16:44:53
1810,175,2Fqv4c,https://acme.dev/quiet/garden/1810,Quarterly brief window,True,2025-05-05 22:50:58,2025-12-26 01:01:34
1811,232,fnaP1W,https://opswise.net/urban/field/1811,Quarterly brief yard,False,2025-10-17 08:55:29,2026-02-12 14:58:48
1812,124,24t37G,https://example.com/dawn/canyon/1812,Launch deck orbit,True,2025-02-14 10:06:56,2025-09-08 15:05:19
1813,106,NttPGQ,https://example.com/vivid/signal/1813,Quarterly brief uplink,False,2025-06-21 09:18:21,2025-12-02 08:32:37
1814,348,qWJkII,https://seeded.app/navy/island/1814,Campaign page engine,True,2025-05-30 13:12:28,2025-06-12 11:18:32
1815,129,TRpzXN,https://seeded.app/silver/network/1815,Campaign page island,True,2025-06-04 09:22:36,2025-06-22 06:02:26
1816,318,jOh2PK,https://hackstack.io/clear/kernel/1816,Demo link field,True,2025-04-11 00:09:16,2026-01-16 21:06:54
1817,156,tGa3PA,https://acme.dev/calm/delta/1817,Ops review window,False,2025-10-24 12:04:07,2025-12-25 08:48:23
1818,199,9FTK7h,https://acme.dev/warm/window/1818,Status board window,False,2025-05-31 07:12:40,2025-11-14 03:46:05
1819,200,FlXkyl,https://opswise.net/rapid/harvest/1819,Ops review canyon,True,2025-05-27 06:12:01,2025-12-09 19:26:14
1820,350,bPl8g1,https://example.com/urban/network/1820,Alert feed river,True,2025-01-29 04:55:05,2025-12-29 13:46:10
1821,48,CdZHAd,https://hackstack.io/proud/river/1821,Status board journey,False,2026-01-14 00:24:10,2026-02-18 01:49:55
1822,128,Yw64IH,https://example.com/keen/garden/1822,Quarterly brief beacon,True,2025-05-17 04:12:25,2025-08-21 16:08:01
1823,104,CZxfHO,https://relay.cloud/silver/kernel/1823,Quarterly brief network,False,2025-07-03 10:11:02,2025-10-15 12:43:36
1824,309,IK32DD,https://acme.dev/tidy/journey/1824,Service guide harvest,False,2025-07-04 07:58:24,2025-12-02 02:45:26
1825,131,QZ0Vdn,https://relay.cloud/quiet/island/1825,Campaign page delta,True,2025-10-29 09:38:30,2025-11-06 08:43:26
1826,242,czpXdx,https://relay.cloud/mellow/quartz/1826,Ops review journey,False,2025-09-27 06:46:29,2026-02-10 18:37:14
1827,121,lgLh8F,https://opswise.net/ivory/river/1827,Roadmap update network,True,2025-01-02 00:02:31,2025-01-15 09:47:24
1828,315,FjmOR2,https://relay.cloud/keen/valley/1828,Service guide engine,True,2025-04-22 12:19:01,2025-12-08 02:28:39
1829,203,TuTHhk,https://hackstack.io/amber/kernel/1829,Quarterly brief anchor,False,2025-03-03 21:16:35,2025-09-08 16:30:02
1830,85,mp17BT,https://opswise.net/jade/signal/1830,Incident notes quartz,True,2025-08-14 23:26:09,2025-09-20 11:34:52
1831,61,0cA2pf,https://hackstack.io/lively/engine/1831,Ops review anchor,True,2025-05-25 08:43:05,2025-09-11 00:24:22
1832,169,0W0isx,https://opswise.net/tidy/lagoon/1832,Demo link network,False,2025-05-22 22:18:48,2025-09-19 20:06:38
1833,46,xDOYyX,https://acme.dev/quiet/network/1833,Roadmap update lagoon,True,2025-09-26 13:03:10,2025-11-24 01:52:50
1834,264,T0pAEx,https://relay.cloud/dawn/harvest/1834,Service guide anchor,True,2025-10-04 18:03:21,2025-10-18 15:15:25
1835,239,jqAoJR,https://opswise.net/young/anchor/1835,Quarterly brief river,False,2025-02-13 20:58:14,2025-06-14 12:30:26
1836,391,K1YXb1,https://relay.cloud/opal/lagoon/1836,Service guide anchor,True,2025-11-27 05:20:42,2026-01-17 11:28:28
1837,286,EYl3v2,https://hackstack.io/warm/journey/1837,Quarterly brief garden,True,2025-07-11 06:14:31,2025-08-04 17:42:44
1838,36,cgX77R,https://example.com/silver/garden/1838,Launch deck river,True,2025-07-29 15:30:02,2026-01-21 16:29:24
1839,142,kIgx5m,https://relay.cloud/gold/zenith/1839,Roadmap update lagoon,False,2026-01-25 06:20:48,2026-01-27 15:36:13
1840,131,93rplN,https://acme.dev/cobalt/field/1840,Roadmap update journey,True,2025-04-26 08:03:34,2025-12-18 02:21:37
1841,237,VyWKr5,https://relay.cloud/vivid/lagoon/1841,Ops review journey,True,2025-09-21 12:09:40,2026-02-01 22:19:42
1842,302,hhjeYV,https://example.com/lively/harvest/1842,Roadmap update window,True,2025-02-18 10:59:57,2025-10-18 03:42:17
1843,286,qXsQIm,https://opswise.net/calm/river/1843,Roadmap update river,True,2026-01-07 05:17:41,2026-01-11 15:10:17
1844,136,pbkZjx,https://acme.dev/ivory/canyon/1844,Alert feed harvest,True,2026-01-23 10:37:48,2026-02-19 11:59:09
1845,177,UpTlCd,https://opswise.net/clear/island/1845,Status board lagoon,True,2025-12-13 06:05:17,2026-01-07 22:00:58
1846,352,N8F6OC,https://acme.dev/lively/lagoon/1846,Incident notes delta,True,2025-06-27 07:13:53,2025-08-04 05:32:04
1847,363,jQMuo9,https://acme.dev/calm/engine/1847,Incident notes trail,True,2025-09-21 01:07:26,2025-10-14 06:35:58
1848,199,TclJiY,https://opswise.net/ember/signal/1848,Roadmap update kernel,True,2025-08-29 19:56:12,2026-02-05 10:55:50
1849,42,4CwyD7,https://opswise.net/vivid/quartz/1849,Alert feed meadow,True,2025-03-22 21:48:41,2025-12-22 19:50:10
1850,246,OGGJRE,https://seeded.app/silver/journey/1850,Roadmap update window,False,2025-04-11 11:47:02,2025-07-24 21:03:26
1851,210,wiJBPr,https://relay.cloud/dawn/anchor/1851,Status board network,True,2026-02-15 05:45:23,2026-02-17 06:07:23
1852,339,fEnO6c,https://relay.cloud/amber/quartz/1852,Incident notes beacon,True,2025-01-03 17:00:26,2025-09-09 02:17:38
1853,36,hH6HgR,https://relay.cloud/clear/pioneer/1853,Roadmap update lagoon,True,2025-10-12 23:41:41,2026-01-26 23:13:09
1854,326,PNfsn2,https://relay.cloud/warm/garden/1854,Incident notes river,False,2025-10-05 16:41:33,2026-01-25 08:05:01
1855,238,9Jhwk8,https://seeded.app/keen/trail/1855,Ops review canyon,True,2025-08-31 08:46:02,2025-10-18 21:45:16
1856,364,EbcOmk,https://hackstack.io/clear/delta/1856,Campaign page anchor,True,2025-04-10 02:23:09,2025-06-17 03:18:48
1857,122,Nx0zT0,https://seeded.app/young/kernel/1857,Quarterly brief window,True,2025-12-08 16:37:58,2026-01-01 08:36:46
1858,157,f11iwA,https://relay.cloud/lively/delta/1858,Roadmap update zenith,True,2025-09-13 10:28:45,2025-10-02 16:54:52
1859,338,dAxuHj,https://relay.cloud/vivid/yard/1859,Ops review valley,True,2025-03-30 03:04:28,2025-08-18 08:04:24
1860,2,aqJi4h,https://hackstack.io/jade/kernel/1860,Demo link network,True,2025-06-02 20:08:22,2025-12-22 15:17:14
1861,119,qh64Gz,https://acme.dev/calm/beacon/1861,Ops review window,True,2026-01-26 03:20:33,2026-02-20 09:57:53
1862,31,TzBD4h,https://opswise.net/rapid/meadow/1862,Roadmap update uplink,True,2025-02-27 18:09:36,2025-12-11 02:41:05
1863,101,WUp0Lx,https://seeded.app/young/window/1863,Alert feed lagoon,True,2025-07-18 18:22:19,2026-01-05 16:19:28
1864,45,Ivq6KT,https://seeded.app/warm/garden/1864,Quarterly brief signal,True,2025-01-04 15:20:06,2025-03-21 07:53:08
1865,38,ocJig4,https://seeded.app/harbor/beacon/1865,Quarterly brief yard,True,2025-12-14 07:58:13,2026-01-03 09:19:45
1866,34,fy005l,https://example.com/harbor/trail/1866,Demo link trail,True,2025-05-02 03:37:15,2026-01-02 14:20:56
1867,19,aRlmJD,https://opswise.net/brisk/valley/1867,Alert feed harvest,True,2025-01-19 23:50:36,2025-11-25 12:43:28
1868,43,gpF2xu,https://relay.cloud/navy/valley/1868,Roadmap update island,True,2025-10-17 22:46:35,2026-01-07 21:15:22
1869,74,4bPcCT,https://example.com/cobalt/uplink/1869,Status board signal,False,2025-02-24 23:31:37,2025-04-23 04:23:40
1870,334,nt8HTY,https://example.com/quiet/valley/1870,Ops review quartz,True,2025-06-01 21:36:30,2025-09-19 03:21:34
1871,278,iWO8M9,https://seeded.app/navy/meadow/1871,Alert feed uplink,True,2025-03-18 07:34:53,2025-05-26 19:59:37
1872,66,AcQrac,https://relay.cloud/clear/island/1872,Status board lagoon,True,2025-12-08 15:51:40,2025-12-24 05:06:45
1873,15,IZGCQ6,https://seeded.app/navy/delta/1873,Service guide delta,True,2025-05-31 19:32:47,2025-08-26 21:34:44
1874,281,Tcmcoq,https://seeded.app/cobalt/canyon/1874,Status board zenith,True,2025-06-23 07:04:04,2025-09-20 15:43:09
1875,126,eLUtDk,https://example.com/keen/journey/1875,Status board pioneer,True,2025-05-25 19:53:01,2025-08-28 23:10:41
1876,14,qzqFE5,https://hackstack.io/keen/garden/1876,Demo link trail,True,2025-09-24 16:26:53,2025-11-29 13:06:13
1877,225,1P4J6G,https://relay.cloud/ivory/pioneer/1877,Quarterly brief yard,True,2025-10-24 01:09:42,2026-01-04 07:34:05
1878,172,qJ3s5J,https://example.com/urban/window/1878,Demo link uplink,True,2025-11-29 07:56:37,2025-12-05 06:56:13
1879,203,W3g5tS,https://hackstack.io/forest/garden/1879,Service guide orbit,True,2025-12-28 00:28:05,2026-01-04 10:26:42
1880,99,oHEj4C,https://relay.cloud/rapid/orbit/1880,Alert feed field,False,2025-07-20 23:01:42,2025-08-08 17:28:38
1881,344,N5C3Yq,https://hackstack.io/calm/beacon/1881,Quarterly brief garden,True,2025-02-22 19:58:56,2025-06-15 15:25:54
1882,306,00CMx3,https://relay.cloud/amber/engine/1882,Service guide signal,True,2025-08-02 15:16:55,2025-12-19 03:08:01
1883,66,KCb41V,https://seeded.app/young/orbit/1883,Campaign page yard,True,2025-12-10 11:15:53,2026-02-01 12:43:14
1884,27,sTr8cl,https://relay.cloud/jade/uplink/1884,Service guide harvest,True,2025-04-06 13:42:15,2026-01-22 13:30:34
1885,178,IX0PaZ,https://relay.cloud/clear/garden/1885,Launch deck yard,True,2025-11-24 06:15:50,2026-01-01 11:26:20
1886,110,qw1llO,https://opswise.net/amber/field/1886,Roadmap update signal,True,2025-02-23 12:05:00,2025-08-24 02:03:40
1887,237,H9pIuB,https://example.com/tidy/network/1887,Ops review lagoon,True,2025-11-29 17:21:49,2026-02-08 09:04:39
1888,308,uew2JW,https://example.com/brisk/quartz/1888,Service guide window,True,2025-04-16 23:59:07,2025-12-10 16:32:56
1889,229,NcY5oQ,https://example.com/rapid/beacon/1889,Status board pioneer,False,2025-01-19 13:58:40,2025-04-20 21:49:37
1890,309,vvqmZZ,https://relay.cloud/jade/zenith/1890,Incident notes harvest,True,2025-10-12 19:19:34,2025-12-22 01:07:26
1891,218,bIMZxS,https://seeded.app/forest/engine/1891,Status board harvest,True,2026-01-12 13:37:57,2026-01-21 05:09:58
1892,75,kafNVq,https://hackstack.io/jade/meadow/1892,Roadmap update journey,True,2025-09-29 23:47:48,2025-12-13 00:17:59
1893,313,h3k4D5,https://relay.cloud/tidy/beacon/1893,Service guide zenith,False,2025-08-07 16:45:15,2026-01-19 06:22:42
1894,127,J76KjJ,https://seeded.app/brisk/lagoon/1894,Launch deck quartz,True,2025-08-30 23:30:53,2026-01-03 11:06:04
1895,199,Tp7tJC,https://acme.dev/amber/orbit/1895,Demo link journey,True,2025-12-14 00:06:56,2026-01-14 02:55:32
1896,277,STukDY,https://acme.dev/quiet/quartz/1896,Incident notes engine,True,2025-06-27 00:27:09,2025-12-05 08:40:23
1897,32,5BgtxL,https://opswise.net/lively/journey/1897,Roadmap update island,True,2025-10-28 00:07:15,2025-11-20 06:36:09
1898,77,cmjDVA,https://seeded.app/navy/delta/1898,Status board beacon,True,2025-09-09 08:18:43,2025-11-03 14:56:28
1899,81,SGijUz,https://seeded.app/gold/yard/1899,Incident notes delta,True,2026-01-10 07:54:43,2026-01-12 09:33:08
1900,13,934r4f,https://opswise.net/urban/journey/1900,Status board window,True,2025-02-07 07:15:08,2026-02-03 08:11:51
1901,189,taQMLw,https://relay.cloud/ivory/island/1901,Ops review field,False,2025-08-08 04:27:13,2025-09-01 01:21:11
1902,394,lomFUc,https://hackstack.io/jade/delta/1902,Ops review window,True,2025-05-03 22:55:38,2025-12-07 08:26:41
1903,158,1zgEIo,https://hackstack.io/jade/uplink/1903,Quarterly brief engine,True,2025-04-18 03:52:45,2025-08-01 17:52:55
1904,160,suINsk,https://hackstack.io/calm/harvest/1904,Quarterly brief network,True,2025-07-13 10:54:30,2025-08-16 14:08:38
1905,324,iMEfFA,https://opswise.net/opal/network/1905,Ops review yard,True,2025-09-17 15:29:44,2025-11-08 00:02:36
1906,197,gtt3OM,https://hackstack.io/clear/engine/1906,Incident notes signal,True,2025-01-06 02:35:55,2025-01-10 22:28:33
1907,109,kxHiGA,https://acme.dev/clear/valley/1907,Roadmap update pioneer,True,2025-09-24 23:53:39,2026-01-30 05:10:53
1908,19,WZLcOT,https://relay.cloud/lively/delta/1908,Service guide quartz,True,2025-03-15 00:49:20,2025-06-04 05:02:18
1909,313,vhvWa2,https://example.com/calm/meadow/1909,Status board window,True,2025-08-23 22:10:24,2025-11-05 07:59:19
1910,199,PZTRNZ,https://hackstack.io/jade/network/1910,Alert feed window,True,2025-07-23 01:13:16,2025-08-30 02:30:35
1911,358,00g3ix,https://hackstack.io/forest/delta/1911,Service guide network,True,2025-11-17 16:09:53,2025-12-06 15:24:55
1912,277,Prcjle,https://seeded.app/dawn/pioneer/1912,Status board beacon,True,2025-01-31 00:02:42,2025-09-18 04:50:19
1913,158,4tqDkf,https://relay.cloud/mellow/kernel/1913,Roadmap update network,True,2026-01-14 15:49:17,2026-02-04 18:53:32
1914,311,D70GTY,https://opswise.net/young/garden/1914,Status board network,True,2025-03-20 07:58:51,2025-04-27 14:25:59
1915,188,rAEBxn,https://seeded.app/mellow/harvest/1915,Roadmap update garden,True,2025-10-02 02:46:09,2026-01-31 14:40:34
1916,101,G2JtB5,https://acme.dev/ivory/engine/1916,Service guide kernel,False,2025-05-23 11:51:57,2025-05-27 13:04:31
1917,329,QFQNds,https://acme.dev/cobalt/orbit/1917,Service guide trail,True,2025-03-17 18:39:08,2025-05-19 22:06:55
1918,127,5LHPqw,https://relay.cloud/warm/kernel/1918,Campaign page harvest,False,2025-10-16 11:30:44,2025-10-28 08:52:56
1919,324,9dJ0ZL,https://hackstack.io/proud/zenith/1919,Demo link quartz,False,2025-11-20 09:54:56,2026-01-04 11:28:23
1920,282,WLD06U,https://example.com/ivory/harvest/1920,Alert feed window,True,2025-03-11 07:05:58,2025-12-08 04:46:21
1921,136,nweCeW,https://example.com/ivory/uplink/1921,Campaign page field,True,2025-12-13 05:25:36,2025-12-14 06:33:57
1922,235,UHaX64,https://opswise.net/ember/canyon/1922,Demo link lagoon,True,2025-03-07 09:13:49,2025-05-07 19:06:04
1923,217,Jorffa,https://seeded.app/harbor/kernel/1923,Quarterly brief valley,True,2025-02-18 13:21:49,2025-08-26 16:58:17
1924,380,d3zih7,https://opswise.net/rapid/lagoon/1924,Quarterly brief pioneer,True,2025-01-14 09:33:07,2025-10-28 02:05:57
1925,255,ANzbLr,https://seeded.app/young/canyon/1925,Incident notes field,True,2025-03-15 15:41:46,2025-07-22 01:28:56
1926,243,No9bam,https://relay.cloud/vivid/yard/1926,Ops review network,True,2025-09-13 01:22:12,2025-12-21 10:36:22
1927,312,9xg94k,https://seeded.app/lively/window/1927,Alert feed kernel,True,2025-01-08 18:31:41,2025-11-10 20:19:09
1928,218,fGMDSY,https://relay.cloud/proud/harvest/1928,Roadmap update lagoon,True,2025-07-02 23:26:12,2025-09-05 06:16:47
1929,331,wD1RQX,https://acme.dev/gold/kernel/1929,Alert feed engine,True,2025-12-22 11:25:51,2025-12-30 11:46:08
1930,118,QN33uC,https://opswise.net/silver/field/1930,Launch deck trail,True,2025-07-24 11:23:40,2025-12-06 20:35:55
1931,284,wyfJCe,https://opswise.net/urban/zenith/1931,Status board network,True,2025-09-08 18:31:11,2026-02-05 02:41:27
1932,54,K0boy7,https://hackstack.io/mellow/yard/1932,Demo link anchor,True,2025-04-21 01:14:58,2025-11-24 13:10:32
1933,226,LdrpDy,https://hackstack.io/forest/kernel/1933,Quarterly brief engine,True,2025-12-27 17:02:47,2026-01-28 08:00:12
1934,98,p2YU0r,https://seeded.app/urban/canyon/1934,Roadmap update garden,True,2025-06-29 17:31:03,2025-09-19 05:00:55
1935,73,rNTbd1,https://opswise.net/calm/zenith/1935,Roadmap update garden,True,2025-05-10 12:34:12,2025-07-20 18:10:29
1936,144,bZG7GX,https://example.com/gold/trail/1936,Quarterly brief window,True,2025-12-10 10:59:05,2026-01-29 05:24:36
1937,247,qlV0pQ,https://acme.dev/ember/pioneer/1937,Launch deck island,True,2025-09-12 10:53:40,2025-10-28 00:03:27
1938,178,Ce3kFC,https://acme.dev/silver/harvest/1938,Alert feed zenith,True,2025-06-12 16:20:00,2025-07-14 02:16:22
1939,230,FKHpqe,https://relay.cloud/harbor/quartz/1939,Campaign page yard,True,2025-03-29 05:58:36,2025-10-25 03:07:41
1940,301,xOUFOK,https://seeded.app/navy/beacon/1940,Campaign page quartz,True,2025-10-30 04:49:30,2025-12-09 01:55:00
1941,124,K2ICKQ,https://acme.dev/tidy/lagoon/1941,Roadmap update signal,True,2025-12-08 04:50:33,2026-01-05 05:55:23
1942,260,dFMILa,https://hackstack.io/proud/orbit/1942,Alert feed quartz,True,2025-01-14 20:13:51,2026-02-12 16:41:06
1943,356,2CDqmn,https://relay.cloud/navy/engine/1943,Service guide zenith,True,2025-09-11 13:52:54,2025-10-09 20:24:14
1944,144,Tnn0xU,https://relay.cloud/navy/island/1944,Ops review anchor,True,2025-04-08 17:04:12,2025-04-16 10:29:42
1945,136,i2eRmq,https://hackstack.io/jade/lagoon/1945,Demo link signal,False,2025-02-05 12:18:15,2025-03-02 10:52:52
1946,177,JTOIU8,https://seeded.app/ember/delta/1946,Quarterly brief harvest,True,2025-11-05 06:20:06,2025-11-29 02:11:25
1947,400,ctRLnv,https://opswise.net/brisk/harvest/1947,Campaign page signal,True,2025-07-20 10:53:00,2025-12-07 02:35:16
1948,80,dqJEQG,https://acme.dev/harbor/meadow/1948,Quarterly brief yard,True,2025-02-23 06:47:08,2025-06-17 04:30:58
1949,240,dEY7HE,https://seeded.app/gold/beacon/1949,Service guide engine,True,2025-08-01 16:38:05,2025-08-08 22:02:58
1950,126,sApnkj,https://hackstack.io/forest/kernel/1950,Launch deck pioneer,True,2025-06-08 16:28:25,2026-02-17 08:43:30
1951,322,bsvuGG,https://example.com/quiet/yard/1951,Demo link kernel,False,2025-10-04 06:41:35,2025-11-11 18:49:28
1952,116,NpWiJ8,https://acme.dev/cobalt/field/1952,Ops review lagoon,True,2025-10-21 18:02:00,2025-10-31 08:25:22
1953,75,9csALH,https://opswise.net/quiet/island/1953,Roadmap update journey,True,2025-01-16 10:05:51,2025-09-19 14:46:38
1954,8,CvfHdR,https://opswise.net/vivid/canyon/1954,Quarterly brief pioneer,True,2025-02-16 22:52:45,2025-05-14 01:51:27
1955,116,6MZEmz,https://acme.dev/opal/journey/1955,Campaign page lagoon,False,2025-11-06 09:34:24,2025-12-06 03:48:10
1956,61,It2A5J,https://relay.cloud/navy/valley/1956,Status board zenith,True,2025-05-30 02:43:00,2025-07-07 09:01:20
1957,364,A7U5wj,https://hackstack.io/young/uplink/1957,Service guide beacon,False,2025-09-28 12:14:14,2025-12-09 23:09:01
1958,269,EwjdTB,https://opswise.net/navy/journey/1958,Quarterly brief yard,False,2025-01-17 15:38:08,2025-10-17 11:59:40
1959,71,OoPlol,https://acme.dev/clear/kernel/1959,Roadmap update lagoon,True,2025-01-16 00:16:50,2025-04-20 12:52:58
1960,163,aMjB7q,https://acme.dev/vivid/pioneer/1960,Quarterly brief meadow,False,2025-01-14 07:38:05,2025-05-25 12:03:42
1961,50,BouLDU,https://acme.dev/calm/orbit/1961,Campaign page island,True,2025-11-03 17:28:57,2026-02-02 06:55:08
1962,127,Zfg7gC,https://opswise.net/harbor/kernel/1962,Alert feed garden,True,2025-12-16 02:11:52,2026-01-06 03:02:42
1963,34,ogAPQz,https://seeded.app/calm/quartz/1963,Service guide valley,True,2025-09-10 08:34:08,2025-12-12 11:54:21
1964,94,iVGyCI,https://seeded.app/harbor/pioneer/1964,Incident notes network,True,2025-11-08 00:57:59,2026-01-12 23:38:16
1965,392,0qrWVt,https://acme.dev/calm/engine/1965,Campaign page harvest,True,2025-12-15 17:40:48,2026-02-03 09:17:48
1966,358,NLcgZT,https://hackstack.io/navy/island/1966,Service guide valley,True,2026-02-08 05:36:57,2026-02-08 12:35:04
1967,288,LMyWU0,https://relay.cloud/ivory/trail/1967,Campaign page harvest,True,2025-12-28 17:27:14,2026-02-20 22:19:50
1968,196,CMS6IN,https://seeded.app/dawn/yard/1968,Service guide garden,True,2025-03-02 12:04:25,2025-04-17 07:15:01
1969,322,Li8KSe,https://seeded.app/silver/zenith/1969,Ops review field,True,2025-12-05 08:30:50,2026-02-01 10:09:16
1970,335,uZQ6eb,https://relay.cloud/ember/canyon/1970,Launch deck garden,True,2025-01-17 19:51:43,2025-02-12 09:39:48
1971,195,r99nGL,https://acme.dev/calm/harvest/1971,Quarterly brief island,True,2025-05-05 07:20:11,2025-05-08 03:24:53
1972,264,6dxPlp,https://hackstack.io/cobalt/delta/1972,Service guide orbit,False,2025-08-27 17:30:24,2025-11-02 01:31:17
1973,99,FZzUzE,https://relay.cloud/urban/garden/1973,Roadmap update river,True,2025-02-07 23:07:03,2025-03-21 16:19:56
1974,303,DCgdHA,https://acme.dev/urban/garden/1974,Alert feed orbit,True,2025-06-17 16:45:18,2025-11-14 17:33:51
1975,177,rUxcGN,https://opswise.net/dawn/yard/1975,Roadmap update garden,True,2025-01-16 14:37:00,2026-01-28 14:40:45
1976,37,zLzX9F,https://acme.dev/vivid/uplink/1976,Roadmap update trail,True,2025-04-27 12:53:53,2026-01-15 03:46:23
1977,255,UPrpZn,https://hackstack.io/ivory/quartz/1977,Quarterly brief window,True,2025-06-20 08:53:53,2025-11-03 18:34:06
1978,284,RilbOH,https://opswise.net/harbor/beacon/1978,Service guide journey,False,2026-01-03 10:38:42,2026-01-04 08:47:46
1979,387,7L3Zgx,https://acme.dev/opal/quartz/1979,Roadmap update island,True,2025-02-08 20:37:04,2025-06-30 02:46:59
1980,267,iZgG1Z,https://opswise.net/warm/uplink/1980,Ops review engine,False,2026-02-12 15:51:09,2026-02-17 13:53:58
1981,206,juuly0,https://seeded.app/lively/anchor/1981,Quarterly brief yard,True,2025-02-27 01:38:18,2025-05-14 08:35:43
1982,299,rgleSf,https://seeded.app/silver/network/1982,Ops review zenith,True,2025-11-21 19:33:23,2026-01-05 22:47:42
1983,391,wL1R4f,https://example.com/harbor/yard/1983,Roadmap update signal,True,2025-07-28 18:11:55,2025-11-22 16:37:27
1984,352,iEdDbv,https://relay.cloud/ivory/kernel/1984,Alert feed journey,True,2025-07-02 19:54:04,2025-07-07 01:24:20
1985,102,4OsPWQ,https://opswise.net/navy/trail/1985,Service guide window,True,2025-07-19 17:58:46,2025-10-21 23:30:42
1986,91,HC5YEb,https://hackstack.io/forest/signal/1986,Status board journey,False,2025-01-17 02:39:52,2025-02-10 23:22:58
1987,99,Vfi0K2,https://acme.dev/rapid/anchor/1987,Alert feed kernel,True,2025-09-27 20:20:32,2025-11-25 10:23:01
1988,49,rjlO8a,https://opswise.net/keen/pioneer/1988,Quarterly brief meadow,True,2025-04-04 09:04:58,2025-12-17 10:20:07
1989,77,plGTOe,https://example.com/harbor/anchor/1989,Campaign page beacon,True,2025-01-25 07:21:12,2025-06-11 01:52:37
1990,137,9MqjrQ,https://acme.dev/brisk/delta/1990,Service guide garden,True,2025-08-10 10:55:55,2025-10-27 13:49:19
1991,39,yH4ng2,https://relay.cloud/forest/harvest/1991,Quarterly brief beacon,False,2025-09-13 22:30:04,2025-12-11 12:13:46
1992,368,L4IhTN,https://example.com/calm/yard/1992,Alert feed kernel,True,2025-05-02 19:34:28,2025-11-11 11:31:26
1993,65,WGxKKK,https://seeded.app/silver/network/1993,Roadmap update quartz,True,2025-02-03 13:34:07,2025-02-26 00:32:21
1994,318,rQOCxi,https://relay.cloud/young/trail/1994,Launch deck beacon,True,2025-06-14 05:30:22,2026-02-06 00:32:13
1995,396,YRHfB3,https://example.com/tidy/field/1995,Ops review lagoon,True,2025-01-03 16:16:53,2026-01-24 16:54:56
1996,309,QNCbkw,https://relay.cloud/gold/engine/1996,Service guide pioneer,False,2025-10-30 14:56:17,2026-02-15 04:20:12
1997,257,IjINH3,https://acme.dev/brisk/network/1997,Incident notes field,True,2025-06-07 08:19:47,2025-10-28 11:10:51
1998,223,3kxFkJ,https://acme.dev/gold/quartz/1998,Roadmap update canyon,True,2025-12-18 14:45:50,2025-12-27 20:36:23
1999,118,BTjK59,https://opswise.net/ivory/window/1999,Quarterly brief uplink,True,2025-10-01 16:58:59,2025-10-06 16:42:19
2000,158,Nx6Dn8,https://seeded.app/clear/zenith/2000,Incident notes quartz,False,2026-02-03 13:20:34,2026-02-14 10:38:50
